frame,fps,timecode,physical_simulation_time_s,camera,phase,voiceover_cue,foley_cue,timing_distinction
1,30,00:00:00:00,0.0,Exhibit_camera / editorial plate push,The complete assembly,"This study explores the Formula One hybrid architecture used from twenty fourteen through twenty twenty five. A small V six engine works alongside two motor generators and an energy store. The detailed exterior depicts the twenty twenty three Red Bull car, modeled by Redgrund. The internal assembly is educational.",none,"ledger seconds; disassembly timing editorial, independent of ledger"
2,30,00:00:00:01,0.03333333333333333,Exhibit_camera / editorial plate push,The complete assembly,,none,"ledger seconds; disassembly timing editorial, independent of ledger"
3,30,00:00:00:02,0.06666666666666667,Exhibit_camera / editorial plate push,The complete assembly,,none,"ledger seconds; disassembly timing editorial, independent of ledger"
4,30,00:00:00:03,0.1,Exhibit_camera / editorial plate push,The complete assembly,,none,"ledger seconds; disassembly timing editorial, independent of ledger"
5,30,00:00:00:04,0.13333333333333333,Exhibit_camera / editorial plate push,The complete assembly,,none,"ledger seconds; disassembly timing editorial, independent of ledger"
6,30,00:00:00:05,0.16666666666666666,Exhibit_camera / editorial plate push,The complete assembly,,none,"ledger seconds; disassembly timing editorial, independent of ledger"
7,30,00:00:00:06,0.2,Exhibit_camera / editorial plate push,The complete assembly,,none,"ledger seconds; disassembly timing editorial, independent of ledger"
8,30,00:00:00:07,0.23333333333333334,Exhibit_camera / editorial plate push,The complete assembly,,none,"ledger seconds; disassembly timing editorial, independent of ledger"
9,30,00:00:00:08,0.26666666666666666,Exhibit_camera / editorial plate push,The complete assembly,,none,"ledger seconds; disassembly timing editorial, independent of ledger"
10,30,00:00:00:09,0.3,Exhibit_camera / editorial plate push,The complete assembly,,none,"ledger seconds; disassembly timing editorial, independent of ledger"
11,30,00:00:00:10,0.3333333333333333,Exhibit_camera / editorial plate push,The complete assembly,,none,"ledger seconds; disassembly timing editorial, independent of ledger"
12,30,00:00:00:11,0.36666666666666664,Exhibit_camera / editorial plate push,The complete assembly,,none,"ledger seconds; disassembly timing editorial, independent of ledger"
13,30,00:00:00:12,0.4,Exhibit_camera / editorial plate push,The complete assembly,,none,"ledger seconds; disassembly timing editorial, independent of ledger"
14,30,00:00:00:13,0.43333333333333335,Exhibit_camera / editorial plate push,The complete assembly,,none,"ledger seconds; disassembly timing editorial, independent of ledger"
15,30,00:00:00:14,0.4666666666666667,Exhibit_camera / editorial plate push,The complete assembly,,none,"ledger seconds; disassembly timing editorial, independent of ledger"
16,30,00:00:00:15,0.5,Exhibit_camera / editorial plate push,The complete assembly,,none,"ledger seconds; disassembly timing editorial, independent of ledger"
17,30,00:00:00:16,0.5333333333333333,Exhibit_camera / editorial plate push,The complete assembly,,none,"ledger seconds; disassembly timing editorial, independent of ledger"
18,30,00:00:00:17,0.5666666666666667,Exhibit_camera / editorial plate push,The complete assembly,,none,"ledger seconds; disassembly timing editorial, independent of ledger"
19,30,00:00:00:18,0.6,Exhibit_camera / editorial plate push,The complete assembly,,none,"ledger seconds; disassembly timing editorial, independent of ledger"
20,30,00:00:00:19,0.6333333333333333,Exhibit_camera / editorial plate push,The complete assembly,,none,"ledger seconds; disassembly timing editorial, independent of ledger"
21,30,00:00:00:20,0.6666666666666666,Exhibit_camera / editorial plate push,The complete assembly,,none,"ledger seconds; disassembly timing editorial, independent of ledger"
22,30,00:00:00:21,0.7,Exhibit_camera / editorial plate push,The complete assembly,,none,"ledger seconds; disassembly timing editorial, independent of ledger"
23,30,00:00:00:22,0.7333333333333333,Exhibit_camera / editorial plate push,The complete assembly,,none,"ledger seconds; disassembly timing editorial, independent of ledger"
24,30,00:00:00:23,0.7666666666666667,Exhibit_camera / editorial plate push,The complete assembly,,none,"ledger seconds; disassembly timing editorial, independent of ledger"
25,30,00:00:00:24,0.8,Exhibit_camera / editorial plate push,The complete assembly,,none,"ledger seconds; disassembly timing editorial, independent of ledger"
26,30,00:00:00:25,0.8333333333333334,Exhibit_camera / editorial plate push,The complete assembly,,none,"ledger seconds; disassembly timing editorial, independent of ledger"
27,30,00:00:00:26,0.8666666666666667,Exhibit_camera / editorial plate push,The complete assembly,,none,"ledger seconds; disassembly timing editorial, independent of ledger"
28,30,00:00:00:27,0.9,Exhibit_camera / editorial plate push,The complete assembly,,none,"ledger seconds; disassembly timing editorial, independent of ledger"
29,30,00:00:00:28,0.9333333333333333,Exhibit_camera / editorial plate push,The complete assembly,,none,"ledger seconds; disassembly timing editorial, independent of ledger"
30,30,00:00:00:29,0.9666666666666667,Exhibit_camera / editorial plate push,The complete assembly,,none,"ledger seconds; disassembly timing editorial, independent of ledger"
31,30,00:00:01:00,1.0,Exhibit_camera / editorial plate push,The complete assembly,,none,"ledger seconds; disassembly timing editorial, independent of ledger"
32,30,00:00:01:01,1.0333333333333334,Exhibit_camera / editorial plate push,The complete assembly,,none,"ledger seconds; disassembly timing editorial, independent of ledger"
33,30,00:00:01:02,1.0666666666666667,Exhibit_camera / editorial plate push,The complete assembly,,none,"ledger seconds; disassembly timing editorial, independent of ledger"
34,30,00:00:01:03,1.1,Exhibit_camera / editorial plate push,The complete assembly,,none,"ledger seconds; disassembly timing editorial, independent of ledger"
35,30,00:00:01:04,1.1333333333333333,Exhibit_camera / editorial plate push,The complete assembly,,none,"ledger seconds; disassembly timing editorial, independent of ledger"
36,30,00:00:01:05,1.1666666666666667,Exhibit_camera / editorial plate push,The complete assembly,,none,"ledger seconds; disassembly timing editorial, independent of ledger"
37,30,00:00:01:06,1.2,Exhibit_camera / editorial plate push,The complete assembly,,none,"ledger seconds; disassembly timing editorial, independent of ledger"
38,30,00:00:01:07,1.2333333333333334,Exhibit_camera / editorial plate push,The complete assembly,,none,"ledger seconds; disassembly timing editorial, independent of ledger"
39,30,00:00:01:08,1.2666666666666666,Exhibit_camera / editorial plate push,The complete assembly,,none,"ledger seconds; disassembly timing editorial, independent of ledger"
40,30,00:00:01:09,1.3,Exhibit_camera / editorial plate push,The complete assembly,,none,"ledger seconds; disassembly timing editorial, independent of ledger"
41,30,00:00:01:10,1.3333333333333333,Exhibit_camera / editorial plate push,The complete assembly,,none,"ledger seconds; disassembly timing editorial, independent of ledger"
42,30,00:00:01:11,1.3666666666666667,Exhibit_camera / editorial plate push,The complete assembly,,none,"ledger seconds; disassembly timing editorial, independent of ledger"
43,30,00:00:01:12,1.4,Exhibit_camera / editorial plate push,The complete assembly,,none,"ledger seconds; disassembly timing editorial, independent of ledger"
44,30,00:00:01:13,1.4333333333333333,Exhibit_camera / editorial plate push,The complete assembly,,none,"ledger seconds; disassembly timing editorial, independent of ledger"
45,30,00:00:01:14,1.4666666666666666,Exhibit_camera / editorial plate push,The complete assembly,,none,"ledger seconds; disassembly timing editorial, independent of ledger"
46,30,00:00:01:15,1.5,Exhibit_camera / editorial plate push,The complete assembly,,none,"ledger seconds; disassembly timing editorial, independent of ledger"
47,30,00:00:01:16,1.5333333333333334,Exhibit_camera / editorial plate push,The complete assembly,,none,"ledger seconds; disassembly timing editorial, independent of ledger"
48,30,00:00:01:17,1.5666666666666667,Exhibit_camera / editorial plate push,The complete assembly,,none,"ledger seconds; disassembly timing editorial, independent of ledger"
49,30,00:00:01:18,1.6,Exhibit_camera / editorial plate push,The complete assembly,,none,"ledger seconds; disassembly timing editorial, independent of ledger"
50,30,00:00:01:19,1.6333333333333333,Exhibit_camera / editorial plate push,The complete assembly,,none,"ledger seconds; disassembly timing editorial, independent of ledger"
51,30,00:00:01:20,1.6666666666666667,Exhibit_camera / editorial plate push,The complete assembly,,none,"ledger seconds; disassembly timing editorial, independent of ledger"
52,30,00:00:01:21,1.7,Exhibit_camera / editorial plate push,The complete assembly,,none,"ledger seconds; disassembly timing editorial, independent of ledger"
53,30,00:00:01:22,1.7333333333333334,Exhibit_camera / editorial plate push,The complete assembly,,none,"ledger seconds; disassembly timing editorial, independent of ledger"
54,30,00:00:01:23,1.7666666666666666,Exhibit_camera / editorial plate push,The complete assembly,,none,"ledger seconds; disassembly timing editorial, independent of ledger"
55,30,00:00:01:24,1.8,Exhibit_camera / editorial plate push,The complete assembly,,none,"ledger seconds; disassembly timing editorial, independent of ledger"
56,30,00:00:01:25,1.8333333333333333,Exhibit_camera / editorial plate push,The complete assembly,,none,"ledger seconds; disassembly timing editorial, independent of ledger"
57,30,00:00:01:26,1.8666666666666667,Exhibit_camera / editorial plate push,The complete assembly,,none,"ledger seconds; disassembly timing editorial, independent of ledger"
58,30,00:00:01:27,1.9,Exhibit_camera / editorial plate push,The complete assembly,,none,"ledger seconds; disassembly timing editorial, independent of ledger"
59,30,00:00:01:28,1.9333333333333333,Exhibit_camera / editorial plate push,The complete assembly,,none,"ledger seconds; disassembly timing editorial, independent of ledger"
60,30,00:00:01:29,1.9666666666666666,Exhibit_camera / editorial plate push,The complete assembly,,none,"ledger seconds; disassembly timing editorial, independent of ledger"
61,30,00:00:02:00,2.0,Exhibit_camera / editorial plate push,The complete assembly,,none,"ledger seconds; disassembly timing editorial, independent of ledger"
62,30,00:00:02:01,2.033333333333333,Exhibit_camera / editorial plate push,The complete assembly,,none,"ledger seconds; disassembly timing editorial, independent of ledger"
63,30,00:00:02:02,2.066666666666667,Exhibit_camera / editorial plate push,The complete assembly,,none,"ledger seconds; disassembly timing editorial, independent of ledger"
64,30,00:00:02:03,2.1,Exhibit_camera / editorial plate push,The complete assembly,,none,"ledger seconds; disassembly timing editorial, independent of ledger"
65,30,00:00:02:04,2.1333333333333333,Exhibit_camera / editorial plate push,The complete assembly,,none,"ledger seconds; disassembly timing editorial, independent of ledger"
66,30,00:00:02:05,2.1666666666666665,Exhibit_camera / editorial plate push,The complete assembly,,none,"ledger seconds; disassembly timing editorial, independent of ledger"
67,30,00:00:02:06,2.2,Exhibit_camera / editorial plate push,The complete assembly,,none,"ledger seconds; disassembly timing editorial, independent of ledger"
68,30,00:00:02:07,2.2333333333333334,Exhibit_camera / editorial plate push,The complete assembly,,none,"ledger seconds; disassembly timing editorial, independent of ledger"
69,30,00:00:02:08,2.2666666666666666,Exhibit_camera / editorial plate push,The complete assembly,,none,"ledger seconds; disassembly timing editorial, independent of ledger"
70,30,00:00:02:09,2.3,Exhibit_camera / editorial plate push,The complete assembly,,none,"ledger seconds; disassembly timing editorial, independent of ledger"
71,30,00:00:02:10,2.3333333333333335,Exhibit_camera / editorial plate push,The complete assembly,,none,"ledger seconds; disassembly timing editorial, independent of ledger"
72,30,00:00:02:11,2.3666666666666667,Exhibit_camera / editorial plate push,The complete assembly,,none,"ledger seconds; disassembly timing editorial, independent of ledger"
73,30,00:00:02:12,2.4,Exhibit_camera / editorial plate push,The complete assembly,,none,"ledger seconds; disassembly timing editorial, independent of ledger"
74,30,00:00:02:13,2.433333333333333,Exhibit_camera / editorial plate push,The complete assembly,,none,"ledger seconds; disassembly timing editorial, independent of ledger"
75,30,00:00:02:14,2.466666666666667,Exhibit_camera / editorial plate push,The complete assembly,,none,"ledger seconds; disassembly timing editorial, independent of ledger"
76,30,00:00:02:15,2.5,Exhibit_camera / editorial plate push,The complete assembly,,none,"ledger seconds; disassembly timing editorial, independent of ledger"
77,30,00:00:02:16,2.533333333333333,Exhibit_camera / editorial plate push,The complete assembly,,none,"ledger seconds; disassembly timing editorial, independent of ledger"
78,30,00:00:02:17,2.566666666666667,Exhibit_camera / editorial plate push,The complete assembly,,none,"ledger seconds; disassembly timing editorial, independent of ledger"
79,30,00:00:02:18,2.6,Exhibit_camera / editorial plate push,The complete assembly,,none,"ledger seconds; disassembly timing editorial, independent of ledger"
80,30,00:00:02:19,2.6333333333333333,Exhibit_camera / editorial plate push,The complete assembly,,none,"ledger seconds; disassembly timing editorial, independent of ledger"
81,30,00:00:02:20,2.6666666666666665,Exhibit_camera / editorial plate push,The complete assembly,,none,"ledger seconds; disassembly timing editorial, independent of ledger"
82,30,00:00:02:21,2.7,Exhibit_camera / editorial plate push,The complete assembly,,none,"ledger seconds; disassembly timing editorial, independent of ledger"
83,30,00:00:02:22,2.7333333333333334,Exhibit_camera / editorial plate push,The complete assembly,,none,"ledger seconds; disassembly timing editorial, independent of ledger"
84,30,00:00:02:23,2.7666666666666666,Exhibit_camera / editorial plate push,The complete assembly,,none,"ledger seconds; disassembly timing editorial, independent of ledger"
85,30,00:00:02:24,2.8,Exhibit_camera / editorial plate push,The complete assembly,,none,"ledger seconds; disassembly timing editorial, independent of ledger"
86,30,00:00:02:25,2.8333333333333335,Exhibit_camera / editorial plate push,The complete assembly,,none,"ledger seconds; disassembly timing editorial, independent of ledger"
87,30,00:00:02:26,2.8666666666666667,Exhibit_camera / editorial plate push,The complete assembly,,none,"ledger seconds; disassembly timing editorial, independent of ledger"
88,30,00:00:02:27,2.9,Exhibit_camera / editorial plate push,The complete assembly,,none,"ledger seconds; disassembly timing editorial, independent of ledger"
89,30,00:00:02:28,2.933333333333333,Exhibit_camera / editorial plate push,The complete assembly,,none,"ledger seconds; disassembly timing editorial, independent of ledger"
90,30,00:00:02:29,2.966666666666667,Exhibit_camera / editorial plate push,The complete assembly,,none,"ledger seconds; disassembly timing editorial, independent of ledger"
91,30,00:00:03:00,3.0,Exhibit_camera / editorial plate push,The complete assembly,,none,"ledger seconds; disassembly timing editorial, independent of ledger"
92,30,00:00:03:01,3.033333333333333,Exhibit_camera / editorial plate push,The complete assembly,,none,"ledger seconds; disassembly timing editorial, independent of ledger"
93,30,00:00:03:02,3.066666666666667,Exhibit_camera / editorial plate push,The complete assembly,,none,"ledger seconds; disassembly timing editorial, independent of ledger"
94,30,00:00:03:03,3.1,Exhibit_camera / editorial plate push,The complete assembly,,none,"ledger seconds; disassembly timing editorial, independent of ledger"
95,30,00:00:03:04,3.1333333333333333,Exhibit_camera / editorial plate push,The complete assembly,,none,"ledger seconds; disassembly timing editorial, independent of ledger"
96,30,00:00:03:05,3.1666666666666665,Exhibit_camera / editorial plate push,The complete assembly,,none,"ledger seconds; disassembly timing editorial, independent of ledger"
97,30,00:00:03:06,3.2,Exhibit_camera / editorial plate push,The complete assembly,,none,"ledger seconds; disassembly timing editorial, independent of ledger"
98,30,00:00:03:07,3.2333333333333334,Exhibit_camera / editorial plate push,The complete assembly,,none,"ledger seconds; disassembly timing editorial, independent of ledger"
99,30,00:00:03:08,3.2666666666666666,Exhibit_camera / editorial plate push,The complete assembly,,none,"ledger seconds; disassembly timing editorial, independent of ledger"
100,30,00:00:03:09,3.3,Exhibit_camera / editorial plate push,The complete assembly,,none,"ledger seconds; disassembly timing editorial, independent of ledger"
101,30,00:00:03:10,3.3333333333333335,Exhibit_camera / editorial plate push,The complete assembly,,none,"ledger seconds; disassembly timing editorial, independent of ledger"
102,30,00:00:03:11,3.3666666666666667,Exhibit_camera / editorial plate push,The complete assembly,,none,"ledger seconds; disassembly timing editorial, independent of ledger"
103,30,00:00:03:12,3.4,Exhibit_camera / editorial plate push,The complete assembly,,none,"ledger seconds; disassembly timing editorial, independent of ledger"
104,30,00:00:03:13,3.433333333333333,Exhibit_camera / editorial plate push,The complete assembly,,none,"ledger seconds; disassembly timing editorial, independent of ledger"
105,30,00:00:03:14,3.466666666666667,Exhibit_camera / editorial plate push,The complete assembly,,none,"ledger seconds; disassembly timing editorial, independent of ledger"
106,30,00:00:03:15,3.5,Exhibit_camera / editorial plate push,The complete assembly,,none,"ledger seconds; disassembly timing editorial, independent of ledger"
107,30,00:00:03:16,3.533333333333333,Exhibit_camera / editorial plate push,The complete assembly,,none,"ledger seconds; disassembly timing editorial, independent of ledger"
108,30,00:00:03:17,3.566666666666667,Exhibit_camera / editorial plate push,The complete assembly,,none,"ledger seconds; disassembly timing editorial, independent of ledger"
109,30,00:00:03:18,3.6,Exhibit_camera / editorial plate push,The complete assembly,,none,"ledger seconds; disassembly timing editorial, independent of ledger"
110,30,00:00:03:19,3.6333333333333333,Exhibit_camera / editorial plate push,The complete assembly,,none,"ledger seconds; disassembly timing editorial, independent of ledger"
111,30,00:00:03:20,3.6666666666666665,Exhibit_camera / editorial plate push,The complete assembly,,none,"ledger seconds; disassembly timing editorial, independent of ledger"
112,30,00:00:03:21,3.7,Exhibit_camera / editorial plate push,The complete assembly,,none,"ledger seconds; disassembly timing editorial, independent of ledger"
113,30,00:00:03:22,3.7333333333333334,Exhibit_camera / editorial plate push,The complete assembly,,none,"ledger seconds; disassembly timing editorial, independent of ledger"
114,30,00:00:03:23,3.7666666666666666,Exhibit_camera / editorial plate push,The complete assembly,,none,"ledger seconds; disassembly timing editorial, independent of ledger"
115,30,00:00:03:24,3.8,Exhibit_camera / editorial plate push,The complete assembly,,none,"ledger seconds; disassembly timing editorial, independent of ledger"
116,30,00:00:03:25,3.8333333333333335,Exhibit_camera / editorial plate push,The complete assembly,,none,"ledger seconds; disassembly timing editorial, independent of ledger"
117,30,00:00:03:26,3.8666666666666667,Exhibit_camera / editorial plate push,The complete assembly,,none,"ledger seconds; disassembly timing editorial, independent of ledger"
118,30,00:00:03:27,3.9,Exhibit_camera / editorial plate push,The complete assembly,,none,"ledger seconds; disassembly timing editorial, independent of ledger"
119,30,00:00:03:28,3.933333333333333,Exhibit_camera / editorial plate push,The complete assembly,,none,"ledger seconds; disassembly timing editorial, independent of ledger"
120,30,00:00:03:29,3.966666666666667,Exhibit_camera / editorial plate push,The complete assembly,,none,"ledger seconds; disassembly timing editorial, independent of ledger"
121,30,00:00:04:00,4.0,Exhibit_camera / editorial plate push,The complete assembly,,none,"ledger seconds; disassembly timing editorial, independent of ledger"
122,30,00:00:04:01,4.033333333333333,Exhibit_camera / editorial plate push,The complete assembly,,none,"ledger seconds; disassembly timing editorial, independent of ledger"
123,30,00:00:04:02,4.066666666666666,Exhibit_camera / editorial plate push,The complete assembly,,none,"ledger seconds; disassembly timing editorial, independent of ledger"
124,30,00:00:04:03,4.1,Exhibit_camera / editorial plate push,The complete assembly,,none,"ledger seconds; disassembly timing editorial, independent of ledger"
125,30,00:00:04:04,4.133333333333334,Exhibit_camera / editorial plate push,The complete assembly,,none,"ledger seconds; disassembly timing editorial, independent of ledger"
126,30,00:00:04:05,4.166666666666667,Exhibit_camera / editorial plate push,The complete assembly,,none,"ledger seconds; disassembly timing editorial, independent of ledger"
127,30,00:00:04:06,4.2,Exhibit_camera / editorial plate push,The complete assembly,,none,"ledger seconds; disassembly timing editorial, independent of ledger"
128,30,00:00:04:07,4.233333333333333,Exhibit_camera / editorial plate push,The complete assembly,,none,"ledger seconds; disassembly timing editorial, independent of ledger"
129,30,00:00:04:08,4.266666666666667,Exhibit_camera / editorial plate push,The complete assembly,,none,"ledger seconds; disassembly timing editorial, independent of ledger"
130,30,00:00:04:09,4.3,Exhibit_camera / editorial plate push,The complete assembly,,none,"ledger seconds; disassembly timing editorial, independent of ledger"
131,30,00:00:04:10,4.333333333333333,Exhibit_camera / editorial plate push,The complete assembly,,none,"ledger seconds; disassembly timing editorial, independent of ledger"
132,30,00:00:04:11,4.366666666666666,Exhibit_camera / editorial plate push,The complete assembly,,none,"ledger seconds; disassembly timing editorial, independent of ledger"
133,30,00:00:04:12,4.4,Exhibit_camera / editorial plate push,The complete assembly,,none,"ledger seconds; disassembly timing editorial, independent of ledger"
134,30,00:00:04:13,4.433333333333334,Exhibit_camera / editorial plate push,The complete assembly,,none,"ledger seconds; disassembly timing editorial, independent of ledger"
135,30,00:00:04:14,4.466666666666667,Exhibit_camera / editorial plate push,The complete assembly,,none,"ledger seconds; disassembly timing editorial, independent of ledger"
136,30,00:00:04:15,4.5,Exhibit_camera / editorial plate push,The complete assembly,,none,"ledger seconds; disassembly timing editorial, independent of ledger"
137,30,00:00:04:16,4.533333333333333,Exhibit_camera / editorial plate push,The complete assembly,,none,"ledger seconds; disassembly timing editorial, independent of ledger"
138,30,00:00:04:17,4.566666666666666,Exhibit_camera / editorial plate push,The complete assembly,,none,"ledger seconds; disassembly timing editorial, independent of ledger"
139,30,00:00:04:18,4.6,Exhibit_camera / editorial plate push,The complete assembly,,none,"ledger seconds; disassembly timing editorial, independent of ledger"
140,30,00:00:04:19,4.633333333333334,Exhibit_camera / editorial plate push,The complete assembly,,none,"ledger seconds; disassembly timing editorial, independent of ledger"
141,30,00:00:04:20,4.666666666666667,Exhibit_camera / editorial plate push,The complete assembly,,none,"ledger seconds; disassembly timing editorial, independent of ledger"
142,30,00:00:04:21,4.7,Exhibit_camera / editorial plate push,The complete assembly,,none,"ledger seconds; disassembly timing editorial, independent of ledger"
143,30,00:00:04:22,4.733333333333333,Exhibit_camera / editorial plate push,The complete assembly,,none,"ledger seconds; disassembly timing editorial, independent of ledger"
144,30,00:00:04:23,4.766666666666667,Exhibit_camera / editorial plate push,The complete assembly,,none,"ledger seconds; disassembly timing editorial, independent of ledger"
145,30,00:00:04:24,4.8,Exhibit_camera / editorial plate push,The complete assembly,,none,"ledger seconds; disassembly timing editorial, independent of ledger"
146,30,00:00:04:25,4.833333333333333,Exhibit_camera / editorial plate push,The complete assembly,,none,"ledger seconds; disassembly timing editorial, independent of ledger"
147,30,00:00:04:26,4.866666666666666,Exhibit_camera / editorial plate push,The complete assembly,,none,"ledger seconds; disassembly timing editorial, independent of ledger"
148,30,00:00:04:27,4.9,Exhibit_camera / editorial plate push,The complete assembly,,none,"ledger seconds; disassembly timing editorial, independent of ledger"
149,30,00:00:04:28,4.933333333333334,Exhibit_camera / editorial plate push,The complete assembly,,none,"ledger seconds; disassembly timing editorial, independent of ledger"
150,30,00:00:04:29,4.966666666666667,Exhibit_camera / editorial plate push,The complete assembly,,none,"ledger seconds; disassembly timing editorial, independent of ledger"
151,30,00:00:05:00,5.0,Exhibit_camera / editorial plate push,The complete assembly,,none,"ledger seconds; disassembly timing editorial, independent of ledger"
152,30,00:00:05:01,5.033333333333333,Exhibit_camera / editorial plate push,The complete assembly,,none,"ledger seconds; disassembly timing editorial, independent of ledger"
153,30,00:00:05:02,5.066666666666666,Exhibit_camera / editorial plate push,The complete assembly,,none,"ledger seconds; disassembly timing editorial, independent of ledger"
154,30,00:00:05:03,5.1,Exhibit_camera / editorial plate push,The complete assembly,,none,"ledger seconds; disassembly timing editorial, independent of ledger"
155,30,00:00:05:04,5.133333333333334,Exhibit_camera / editorial plate push,The complete assembly,,none,"ledger seconds; disassembly timing editorial, independent of ledger"
156,30,00:00:05:05,5.166666666666667,Exhibit_camera / editorial plate push,The complete assembly,,none,"ledger seconds; disassembly timing editorial, independent of ledger"
157,30,00:00:05:06,5.2,Exhibit_camera / editorial plate push,The complete assembly,,none,"ledger seconds; disassembly timing editorial, independent of ledger"
158,30,00:00:05:07,5.233333333333333,Exhibit_camera / editorial plate push,The complete assembly,,none,"ledger seconds; disassembly timing editorial, independent of ledger"
159,30,00:00:05:08,5.266666666666667,Exhibit_camera / editorial plate push,The complete assembly,,none,"ledger seconds; disassembly timing editorial, independent of ledger"
160,30,00:00:05:09,5.3,Exhibit_camera / editorial plate push,The complete assembly,,none,"ledger seconds; disassembly timing editorial, independent of ledger"
161,30,00:00:05:10,5.333333333333333,Exhibit_camera / editorial plate push,The complete assembly,,none,"ledger seconds; disassembly timing editorial, independent of ledger"
162,30,00:00:05:11,5.366666666666666,Exhibit_camera / editorial plate push,The complete assembly,,none,"ledger seconds; disassembly timing editorial, independent of ledger"
163,30,00:00:05:12,5.4,Exhibit_camera / editorial plate push,The complete assembly,,none,"ledger seconds; disassembly timing editorial, independent of ledger"
164,30,00:00:05:13,5.433333333333334,Exhibit_camera / editorial plate push,The complete assembly,,none,"ledger seconds; disassembly timing editorial, independent of ledger"
165,30,00:00:05:14,5.466666666666667,Exhibit_camera / editorial plate push,The complete assembly,,none,"ledger seconds; disassembly timing editorial, independent of ledger"
166,30,00:00:05:15,5.5,Exhibit_camera / editorial plate push,The complete assembly,,none,"ledger seconds; disassembly timing editorial, independent of ledger"
167,30,00:00:05:16,5.533333333333333,Exhibit_camera / editorial plate push,The complete assembly,,none,"ledger seconds; disassembly timing editorial, independent of ledger"
168,30,00:00:05:17,5.566666666666666,Exhibit_camera / editorial plate push,The complete assembly,,none,"ledger seconds; disassembly timing editorial, independent of ledger"
169,30,00:00:05:18,5.6,Exhibit_camera / editorial plate push,The complete assembly,,none,"ledger seconds; disassembly timing editorial, independent of ledger"
170,30,00:00:05:19,5.633333333333334,Exhibit_camera / editorial plate push,The complete assembly,,none,"ledger seconds; disassembly timing editorial, independent of ledger"
171,30,00:00:05:20,5.666666666666667,Exhibit_camera / editorial plate push,The complete assembly,,none,"ledger seconds; disassembly timing editorial, independent of ledger"
172,30,00:00:05:21,5.7,Exhibit_camera / editorial plate push,The complete assembly,,none,"ledger seconds; disassembly timing editorial, independent of ledger"
173,30,00:00:05:22,5.733333333333333,Exhibit_camera / editorial plate push,The complete assembly,,none,"ledger seconds; disassembly timing editorial, independent of ledger"
174,30,00:00:05:23,5.766666666666667,Exhibit_camera / editorial plate push,The complete assembly,,none,"ledger seconds; disassembly timing editorial, independent of ledger"
175,30,00:00:05:24,5.8,Exhibit_camera / editorial plate push,The complete assembly,,none,"ledger seconds; disassembly timing editorial, independent of ledger"
176,30,00:00:05:25,5.833333333333333,Exhibit_camera / editorial plate push,The complete assembly,,none,"ledger seconds; disassembly timing editorial, independent of ledger"
177,30,00:00:05:26,5.866666666666666,Exhibit_camera / editorial plate push,The complete assembly,,none,"ledger seconds; disassembly timing editorial, independent of ledger"
178,30,00:00:05:27,5.9,Exhibit_camera / editorial plate push,The complete assembly,,none,"ledger seconds; disassembly timing editorial, independent of ledger"
179,30,00:00:05:28,5.933333333333334,Exhibit_camera / editorial plate push,The complete assembly,,none,"ledger seconds; disassembly timing editorial, independent of ledger"
180,30,00:00:05:29,5.966666666666667,Exhibit_camera / editorial plate push,The complete assembly,,none,"ledger seconds; disassembly timing editorial, independent of ledger"
181,30,00:00:06:00,6.0,Exhibit_camera / editorial plate push,The complete assembly,,none,"ledger seconds; disassembly timing editorial, independent of ledger"
182,30,00:00:06:01,6.033333333333333,Exhibit_camera / editorial plate push,The complete assembly,,none,"ledger seconds; disassembly timing editorial, independent of ledger"
183,30,00:00:06:02,6.066666666666666,Exhibit_camera / editorial plate push,The complete assembly,,none,"ledger seconds; disassembly timing editorial, independent of ledger"
184,30,00:00:06:03,6.1,Exhibit_camera / editorial plate push,The complete assembly,,none,"ledger seconds; disassembly timing editorial, independent of ledger"
185,30,00:00:06:04,6.133333333333334,Exhibit_camera / editorial plate push,The complete assembly,,none,"ledger seconds; disassembly timing editorial, independent of ledger"
186,30,00:00:06:05,6.166666666666667,Exhibit_camera / editorial plate push,The complete assembly,,none,"ledger seconds; disassembly timing editorial, independent of ledger"
187,30,00:00:06:06,6.2,Exhibit_camera / editorial plate push,The complete assembly,,none,"ledger seconds; disassembly timing editorial, independent of ledger"
188,30,00:00:06:07,6.233333333333333,Exhibit_camera / editorial plate push,The complete assembly,,none,"ledger seconds; disassembly timing editorial, independent of ledger"
189,30,00:00:06:08,6.266666666666667,Exhibit_camera / editorial plate push,The complete assembly,,none,"ledger seconds; disassembly timing editorial, independent of ledger"
190,30,00:00:06:09,6.3,Exhibit_camera / editorial plate push,The complete assembly,,none,"ledger seconds; disassembly timing editorial, independent of ledger"
191,30,00:00:06:10,6.333333333333333,Exhibit_camera / editorial plate push,The complete assembly,,none,"ledger seconds; disassembly timing editorial, independent of ledger"
192,30,00:00:06:11,6.366666666666666,Exhibit_camera / editorial plate push,The complete assembly,,none,"ledger seconds; disassembly timing editorial, independent of ledger"
193,30,00:00:06:12,6.4,Exhibit_camera / editorial plate push,The complete assembly,,none,"ledger seconds; disassembly timing editorial, independent of ledger"
194,30,00:00:06:13,6.433333333333334,Exhibit_camera / editorial plate push,The complete assembly,,none,"ledger seconds; disassembly timing editorial, independent of ledger"
195,30,00:00:06:14,6.466666666666667,Exhibit_camera / editorial plate push,The complete assembly,,none,"ledger seconds; disassembly timing editorial, independent of ledger"
196,30,00:00:06:15,6.5,Exhibit_camera / editorial plate push,The complete assembly,,none,"ledger seconds; disassembly timing editorial, independent of ledger"
197,30,00:00:06:16,6.533333333333333,Exhibit_camera / editorial plate push,The complete assembly,,none,"ledger seconds; disassembly timing editorial, independent of ledger"
198,30,00:00:06:17,6.566666666666666,Exhibit_camera / editorial plate push,The complete assembly,,none,"ledger seconds; disassembly timing editorial, independent of ledger"
199,30,00:00:06:18,6.6,Exhibit_camera / editorial plate push,The complete assembly,,none,"ledger seconds; disassembly timing editorial, independent of ledger"
200,30,00:00:06:19,6.633333333333334,Exhibit_camera / editorial plate push,The complete assembly,,none,"ledger seconds; disassembly timing editorial, independent of ledger"
201,30,00:00:06:20,6.666666666666667,Exhibit_camera / editorial plate push,The complete assembly,,none,"ledger seconds; disassembly timing editorial, independent of ledger"
202,30,00:00:06:21,6.7,Exhibit_camera / editorial plate push,The complete assembly,,none,"ledger seconds; disassembly timing editorial, independent of ledger"
203,30,00:00:06:22,6.733333333333333,Exhibit_camera / editorial plate push,The complete assembly,,none,"ledger seconds; disassembly timing editorial, independent of ledger"
204,30,00:00:06:23,6.766666666666667,Exhibit_camera / editorial plate push,The complete assembly,,none,"ledger seconds; disassembly timing editorial, independent of ledger"
205,30,00:00:06:24,6.8,Exhibit_camera / editorial plate push,The complete assembly,,none,"ledger seconds; disassembly timing editorial, independent of ledger"
206,30,00:00:06:25,6.833333333333333,Exhibit_camera / editorial plate push,The complete assembly,,none,"ledger seconds; disassembly timing editorial, independent of ledger"
207,30,00:00:06:26,6.866666666666666,Exhibit_camera / editorial plate push,The complete assembly,,none,"ledger seconds; disassembly timing editorial, independent of ledger"
208,30,00:00:06:27,6.9,Exhibit_camera / editorial plate push,The complete assembly,,none,"ledger seconds; disassembly timing editorial, independent of ledger"
209,30,00:00:06:28,6.933333333333334,Exhibit_camera / editorial plate push,The complete assembly,,none,"ledger seconds; disassembly timing editorial, independent of ledger"
210,30,00:00:06:29,6.966666666666667,Exhibit_camera / editorial plate push,The complete assembly,,none,"ledger seconds; disassembly timing editorial, independent of ledger"
211,30,00:00:07:00,7.0,Exhibit_camera / editorial plate push,The complete assembly,,none,"ledger seconds; disassembly timing editorial, independent of ledger"
212,30,00:00:07:01,7.033333333333333,Exhibit_camera / editorial plate push,The complete assembly,,none,"ledger seconds; disassembly timing editorial, independent of ledger"
213,30,00:00:07:02,7.066666666666666,Exhibit_camera / editorial plate push,The complete assembly,,none,"ledger seconds; disassembly timing editorial, independent of ledger"
214,30,00:00:07:03,7.1,Exhibit_camera / editorial plate push,The complete assembly,,none,"ledger seconds; disassembly timing editorial, independent of ledger"
215,30,00:00:07:04,7.133333333333334,Exhibit_camera / editorial plate push,The complete assembly,,none,"ledger seconds; disassembly timing editorial, independent of ledger"
216,30,00:00:07:05,7.166666666666667,Exhibit_camera / editorial plate push,The complete assembly,,none,"ledger seconds; disassembly timing editorial, independent of ledger"
217,30,00:00:07:06,7.2,Exhibit_camera / editorial plate push,The complete assembly,,none,"ledger seconds; disassembly timing editorial, independent of ledger"
218,30,00:00:07:07,7.233333333333333,Exhibit_camera / editorial plate push,The complete assembly,,none,"ledger seconds; disassembly timing editorial, independent of ledger"
219,30,00:00:07:08,7.266666666666667,Exhibit_camera / editorial plate push,The complete assembly,,none,"ledger seconds; disassembly timing editorial, independent of ledger"
220,30,00:00:07:09,7.3,Exhibit_camera / editorial plate push,The complete assembly,,none,"ledger seconds; disassembly timing editorial, independent of ledger"
221,30,00:00:07:10,7.333333333333333,Exhibit_camera / editorial plate push,The complete assembly,,none,"ledger seconds; disassembly timing editorial, independent of ledger"
222,30,00:00:07:11,7.366666666666666,Exhibit_camera / editorial plate push,The complete assembly,,none,"ledger seconds; disassembly timing editorial, independent of ledger"
223,30,00:00:07:12,7.4,Exhibit_camera / editorial plate push,The complete assembly,,none,"ledger seconds; disassembly timing editorial, independent of ledger"
224,30,00:00:07:13,7.433333333333334,Exhibit_camera / editorial plate push,The complete assembly,,none,"ledger seconds; disassembly timing editorial, independent of ledger"
225,30,00:00:07:14,7.466666666666667,Exhibit_camera / editorial plate push,The complete assembly,,none,"ledger seconds; disassembly timing editorial, independent of ledger"
226,30,00:00:07:15,7.5,Exhibit_camera / editorial plate push,The complete assembly,,none,"ledger seconds; disassembly timing editorial, independent of ledger"
227,30,00:00:07:16,7.533333333333333,Exhibit_camera / editorial plate push,The complete assembly,,none,"ledger seconds; disassembly timing editorial, independent of ledger"
228,30,00:00:07:17,7.566666666666666,Exhibit_camera / editorial plate push,The complete assembly,,none,"ledger seconds; disassembly timing editorial, independent of ledger"
229,30,00:00:07:18,7.6,Exhibit_camera / editorial plate push,The complete assembly,,none,"ledger seconds; disassembly timing editorial, independent of ledger"
230,30,00:00:07:19,7.633333333333334,Exhibit_camera / editorial plate push,The complete assembly,,none,"ledger seconds; disassembly timing editorial, independent of ledger"
231,30,00:00:07:20,7.666666666666667,Exhibit_camera / editorial plate push,The complete assembly,,none,"ledger seconds; disassembly timing editorial, independent of ledger"
232,30,00:00:07:21,7.7,Exhibit_camera / editorial plate push,The complete assembly,,none,"ledger seconds; disassembly timing editorial, independent of ledger"
233,30,00:00:07:22,7.733333333333333,Exhibit_camera / editorial plate push,The complete assembly,,none,"ledger seconds; disassembly timing editorial, independent of ledger"
234,30,00:00:07:23,7.766666666666667,Exhibit_camera / editorial plate push,The complete assembly,,none,"ledger seconds; disassembly timing editorial, independent of ledger"
235,30,00:00:07:24,7.8,Exhibit_camera / editorial plate push,The complete assembly,,none,"ledger seconds; disassembly timing editorial, independent of ledger"
236,30,00:00:07:25,7.833333333333333,Exhibit_camera / editorial plate push,The complete assembly,,none,"ledger seconds; disassembly timing editorial, independent of ledger"
237,30,00:00:07:26,7.866666666666666,Exhibit_camera / editorial plate push,The complete assembly,,none,"ledger seconds; disassembly timing editorial, independent of ledger"
238,30,00:00:07:27,7.9,Exhibit_camera / editorial plate push,The complete assembly,,none,"ledger seconds; disassembly timing editorial, independent of ledger"
239,30,00:00:07:28,7.933333333333334,Exhibit_camera / editorial plate push,The complete assembly,,none,"ledger seconds; disassembly timing editorial, independent of ledger"
240,30,00:00:07:29,7.966666666666667,Exhibit_camera / editorial plate push,The complete assembly,,none,"ledger seconds; disassembly timing editorial, independent of ledger"
241,30,00:00:08:00,8.0,Exhibit_camera / editorial plate push,The complete assembly,,none,"ledger seconds; disassembly timing editorial, independent of ledger"
242,30,00:00:08:01,8.033333333333333,Exhibit_camera / editorial plate push,The complete assembly,,none,"ledger seconds; disassembly timing editorial, independent of ledger"
243,30,00:00:08:02,8.066666666666666,Exhibit_camera / editorial plate push,The complete assembly,,none,"ledger seconds; disassembly timing editorial, independent of ledger"
244,30,00:00:08:03,8.1,Exhibit_camera / editorial plate push,The complete assembly,,none,"ledger seconds; disassembly timing editorial, independent of ledger"
245,30,00:00:08:04,8.133333333333333,Exhibit_camera / editorial plate push,The complete assembly,,none,"ledger seconds; disassembly timing editorial, independent of ledger"
246,30,00:00:08:05,8.166666666666666,Exhibit_camera / editorial plate push,The complete assembly,,none,"ledger seconds; disassembly timing editorial, independent of ledger"
247,30,00:00:08:06,8.2,Exhibit_camera / editorial plate push,The complete assembly,,none,"ledger seconds; disassembly timing editorial, independent of ledger"
248,30,00:00:08:07,8.233333333333333,Exhibit_camera / editorial plate push,The complete assembly,,none,"ledger seconds; disassembly timing editorial, independent of ledger"
249,30,00:00:08:08,8.266666666666667,Exhibit_camera / editorial plate push,The complete assembly,,none,"ledger seconds; disassembly timing editorial, independent of ledger"
250,30,00:00:08:09,8.3,Exhibit_camera / editorial plate push,The complete assembly,,none,"ledger seconds; disassembly timing editorial, independent of ledger"
251,30,00:00:08:10,8.333333333333334,Exhibit_camera / editorial plate push,The complete assembly,,none,"ledger seconds; disassembly timing editorial, independent of ledger"
252,30,00:00:08:11,8.366666666666667,Exhibit_camera / editorial plate push,The complete assembly,,none,"ledger seconds; disassembly timing editorial, independent of ledger"
253,30,00:00:08:12,8.4,Exhibit_camera / editorial plate push,The complete assembly,,none,"ledger seconds; disassembly timing editorial, independent of ledger"
254,30,00:00:08:13,8.433333333333334,Exhibit_camera / editorial plate push,The complete assembly,,none,"ledger seconds; disassembly timing editorial, independent of ledger"
255,30,00:00:08:14,8.466666666666667,Exhibit_camera / editorial plate push,The complete assembly,,none,"ledger seconds; disassembly timing editorial, independent of ledger"
256,30,00:00:08:15,8.5,Exhibit_camera / editorial plate push,The complete assembly,,none,"ledger seconds; disassembly timing editorial, independent of ledger"
257,30,00:00:08:16,8.533333333333333,Exhibit_camera / editorial plate push,The complete assembly,,none,"ledger seconds; disassembly timing editorial, independent of ledger"
258,30,00:00:08:17,8.566666666666666,Exhibit_camera / editorial plate push,The complete assembly,,none,"ledger seconds; disassembly timing editorial, independent of ledger"
259,30,00:00:08:18,8.6,Exhibit_camera / editorial plate push,The complete assembly,,none,"ledger seconds; disassembly timing editorial, independent of ledger"
260,30,00:00:08:19,8.633333333333333,Exhibit_camera / editorial plate push,The complete assembly,,none,"ledger seconds; disassembly timing editorial, independent of ledger"
261,30,00:00:08:20,8.666666666666666,Exhibit_camera / editorial plate push,The complete assembly,,none,"ledger seconds; disassembly timing editorial, independent of ledger"
262,30,00:00:08:21,8.7,Exhibit_camera / editorial plate push,The complete assembly,,none,"ledger seconds; disassembly timing editorial, independent of ledger"
263,30,00:00:08:22,8.733333333333333,Exhibit_camera / editorial plate push,The complete assembly,,none,"ledger seconds; disassembly timing editorial, independent of ledger"
264,30,00:00:08:23,8.766666666666667,Exhibit_camera / editorial plate push,The complete assembly,,none,"ledger seconds; disassembly timing editorial, independent of ledger"
265,30,00:00:08:24,8.8,Exhibit_camera / editorial plate push,The complete assembly,,none,"ledger seconds; disassembly timing editorial, independent of ledger"
266,30,00:00:08:25,8.833333333333334,Exhibit_camera / editorial plate push,The complete assembly,,none,"ledger seconds; disassembly timing editorial, independent of ledger"
267,30,00:00:08:26,8.866666666666667,Exhibit_camera / editorial plate push,The complete assembly,,none,"ledger seconds; disassembly timing editorial, independent of ledger"
268,30,00:00:08:27,8.9,Exhibit_camera / editorial plate push,The complete assembly,,none,"ledger seconds; disassembly timing editorial, independent of ledger"
269,30,00:00:08:28,8.933333333333334,Exhibit_camera / editorial plate push,The complete assembly,,none,"ledger seconds; disassembly timing editorial, independent of ledger"
270,30,00:00:08:29,8.966666666666667,Exhibit_camera / editorial plate push,The complete assembly,,none,"ledger seconds; disassembly timing editorial, independent of ledger"
271,30,00:00:09:00,9.0,Exhibit_camera / editorial plate push,The complete assembly,,none,"ledger seconds; disassembly timing editorial, independent of ledger"
272,30,00:00:09:01,9.033333333333333,Exhibit_camera / editorial plate push,The complete assembly,,none,"ledger seconds; disassembly timing editorial, independent of ledger"
273,30,00:00:09:02,9.066666666666666,Exhibit_camera / editorial plate push,The complete assembly,,none,"ledger seconds; disassembly timing editorial, independent of ledger"
274,30,00:00:09:03,9.1,Exhibit_camera / editorial plate push,The complete assembly,,none,"ledger seconds; disassembly timing editorial, independent of ledger"
275,30,00:00:09:04,9.133333333333333,Exhibit_camera / editorial plate push,The complete assembly,,none,"ledger seconds; disassembly timing editorial, independent of ledger"
276,30,00:00:09:05,9.166666666666666,Exhibit_camera / editorial plate push,The complete assembly,,none,"ledger seconds; disassembly timing editorial, independent of ledger"
277,30,00:00:09:06,9.2,Exhibit_camera / editorial plate push,The complete assembly,,none,"ledger seconds; disassembly timing editorial, independent of ledger"
278,30,00:00:09:07,9.233333333333333,Exhibit_camera / editorial plate push,The complete assembly,,none,"ledger seconds; disassembly timing editorial, independent of ledger"
279,30,00:00:09:08,9.266666666666667,Exhibit_camera / editorial plate push,The complete assembly,,none,"ledger seconds; disassembly timing editorial, independent of ledger"
280,30,00:00:09:09,9.3,Exhibit_camera / editorial plate push,The complete assembly,,none,"ledger seconds; disassembly timing editorial, independent of ledger"
281,30,00:00:09:10,9.333333333333334,Exhibit_camera / editorial plate push,The complete assembly,,none,"ledger seconds; disassembly timing editorial, independent of ledger"
282,30,00:00:09:11,9.366666666666667,Exhibit_camera / editorial plate push,The complete assembly,,none,"ledger seconds; disassembly timing editorial, independent of ledger"
283,30,00:00:09:12,9.4,Exhibit_camera / editorial plate push,The complete assembly,,none,"ledger seconds; disassembly timing editorial, independent of ledger"
284,30,00:00:09:13,9.433333333333334,Exhibit_camera / editorial plate push,The complete assembly,,none,"ledger seconds; disassembly timing editorial, independent of ledger"
285,30,00:00:09:14,9.466666666666667,Exhibit_camera / editorial plate push,The complete assembly,,none,"ledger seconds; disassembly timing editorial, independent of ledger"
286,30,00:00:09:15,9.5,Exhibit_camera / editorial plate push,The complete assembly,,none,"ledger seconds; disassembly timing editorial, independent of ledger"
287,30,00:00:09:16,9.533333333333333,Exhibit_camera / editorial plate push,The complete assembly,,none,"ledger seconds; disassembly timing editorial, independent of ledger"
288,30,00:00:09:17,9.566666666666666,Exhibit_camera / editorial plate push,The complete assembly,,none,"ledger seconds; disassembly timing editorial, independent of ledger"
289,30,00:00:09:18,9.6,Exhibit_camera / editorial plate push,The complete assembly,,none,"ledger seconds; disassembly timing editorial, independent of ledger"
290,30,00:00:09:19,9.633333333333333,Exhibit_camera / editorial plate push,The complete assembly,,none,"ledger seconds; disassembly timing editorial, independent of ledger"
291,30,00:00:09:20,9.666666666666666,Exhibit_camera / editorial plate push,The complete assembly,,none,"ledger seconds; disassembly timing editorial, independent of ledger"
292,30,00:00:09:21,9.7,Exhibit_camera / editorial plate push,The complete assembly,,none,"ledger seconds; disassembly timing editorial, independent of ledger"
293,30,00:00:09:22,9.733333333333333,Exhibit_camera / editorial plate push,The complete assembly,,none,"ledger seconds; disassembly timing editorial, independent of ledger"
294,30,00:00:09:23,9.766666666666667,Exhibit_camera / editorial plate push,The complete assembly,,none,"ledger seconds; disassembly timing editorial, independent of ledger"
295,30,00:00:09:24,9.8,Exhibit_camera / editorial plate push,The complete assembly,,none,"ledger seconds; disassembly timing editorial, independent of ledger"
296,30,00:00:09:25,9.833333333333334,Exhibit_camera / editorial plate push,The complete assembly,,none,"ledger seconds; disassembly timing editorial, independent of ledger"
297,30,00:00:09:26,9.866666666666667,Exhibit_camera / editorial plate push,The complete assembly,,none,"ledger seconds; disassembly timing editorial, independent of ledger"
298,30,00:00:09:27,9.9,Exhibit_camera / editorial plate push,The complete assembly,,none,"ledger seconds; disassembly timing editorial, independent of ledger"
299,30,00:00:09:28,9.933333333333334,Exhibit_camera / editorial plate push,The complete assembly,,none,"ledger seconds; disassembly timing editorial, independent of ledger"
300,30,00:00:09:29,9.966666666666667,Exhibit_camera / editorial plate push,The complete assembly,,none,"ledger seconds; disassembly timing editorial, independent of ledger"
301,30,00:00:10:00,10.0,Exhibit_camera / editorial plate push,The complete assembly,,none,"ledger seconds; disassembly timing editorial, independent of ledger"
302,30,00:00:10:01,10.033333333333333,Exhibit_camera / editorial plate push,The complete assembly,,none,"ledger seconds; disassembly timing editorial, independent of ledger"
303,30,00:00:10:02,10.066666666666666,Exhibit_camera / editorial plate push,The complete assembly,,none,"ledger seconds; disassembly timing editorial, independent of ledger"
304,30,00:00:10:03,10.1,Exhibit_camera / editorial plate push,The complete assembly,,none,"ledger seconds; disassembly timing editorial, independent of ledger"
305,30,00:00:10:04,10.133333333333333,Exhibit_camera / editorial plate push,The complete assembly,,none,"ledger seconds; disassembly timing editorial, independent of ledger"
306,30,00:00:10:05,10.166666666666666,Exhibit_camera / editorial plate push,The complete assembly,,none,"ledger seconds; disassembly timing editorial, independent of ledger"
307,30,00:00:10:06,10.2,Exhibit_camera / editorial plate push,The complete assembly,,none,"ledger seconds; disassembly timing editorial, independent of ledger"
308,30,00:00:10:07,10.233333333333333,Exhibit_camera / editorial plate push,The complete assembly,,none,"ledger seconds; disassembly timing editorial, independent of ledger"
309,30,00:00:10:08,10.266666666666667,Exhibit_camera / editorial plate push,The complete assembly,,none,"ledger seconds; disassembly timing editorial, independent of ledger"
310,30,00:00:10:09,10.3,Exhibit_camera / editorial plate push,The complete assembly,,none,"ledger seconds; disassembly timing editorial, independent of ledger"
311,30,00:00:10:10,10.333333333333334,Exhibit_camera / editorial plate push,The complete assembly,,none,"ledger seconds; disassembly timing editorial, independent of ledger"
312,30,00:00:10:11,10.366666666666667,Exhibit_camera / editorial plate push,The complete assembly,,none,"ledger seconds; disassembly timing editorial, independent of ledger"
313,30,00:00:10:12,10.4,Exhibit_camera / editorial plate push,The complete assembly,,none,"ledger seconds; disassembly timing editorial, independent of ledger"
314,30,00:00:10:13,10.433333333333334,Exhibit_camera / editorial plate push,The complete assembly,,none,"ledger seconds; disassembly timing editorial, independent of ledger"
315,30,00:00:10:14,10.466666666666667,Exhibit_camera / editorial plate push,The complete assembly,,none,"ledger seconds; disassembly timing editorial, independent of ledger"
316,30,00:00:10:15,10.5,Exhibit_camera / editorial plate push,The complete assembly,,none,"ledger seconds; disassembly timing editorial, independent of ledger"
317,30,00:00:10:16,10.533333333333333,Exhibit_camera / editorial plate push,The complete assembly,,none,"ledger seconds; disassembly timing editorial, independent of ledger"
318,30,00:00:10:17,10.566666666666666,Exhibit_camera / editorial plate push,The complete assembly,,none,"ledger seconds; disassembly timing editorial, independent of ledger"
319,30,00:00:10:18,10.6,Exhibit_camera / editorial plate push,The complete assembly,,none,"ledger seconds; disassembly timing editorial, independent of ledger"
320,30,00:00:10:19,10.633333333333333,Exhibit_camera / editorial plate push,The complete assembly,,none,"ledger seconds; disassembly timing editorial, independent of ledger"
321,30,00:00:10:20,10.666666666666666,Exhibit_camera / editorial plate push,The complete assembly,,none,"ledger seconds; disassembly timing editorial, independent of ledger"
322,30,00:00:10:21,10.7,Exhibit_camera / editorial plate push,The complete assembly,,none,"ledger seconds; disassembly timing editorial, independent of ledger"
323,30,00:00:10:22,10.733333333333333,Exhibit_camera / editorial plate push,The complete assembly,,none,"ledger seconds; disassembly timing editorial, independent of ledger"
324,30,00:00:10:23,10.766666666666667,Exhibit_camera / editorial plate push,The complete assembly,,none,"ledger seconds; disassembly timing editorial, independent of ledger"
325,30,00:00:10:24,10.8,Exhibit_camera / editorial plate push,The complete assembly,,none,"ledger seconds; disassembly timing editorial, independent of ledger"
326,30,00:00:10:25,10.833333333333334,Exhibit_camera / editorial plate push,The complete assembly,,none,"ledger seconds; disassembly timing editorial, independent of ledger"
327,30,00:00:10:26,10.866666666666667,Exhibit_camera / editorial plate push,The complete assembly,,none,"ledger seconds; disassembly timing editorial, independent of ledger"
328,30,00:00:10:27,10.9,Exhibit_camera / editorial plate push,The complete assembly,,none,"ledger seconds; disassembly timing editorial, independent of ledger"
329,30,00:00:10:28,10.933333333333334,Exhibit_camera / editorial plate push,The complete assembly,,none,"ledger seconds; disassembly timing editorial, independent of ledger"
330,30,00:00:10:29,10.966666666666667,Exhibit_camera / editorial plate push,The complete assembly,,none,"ledger seconds; disassembly timing editorial, independent of ledger"
331,30,00:00:11:00,11.0,Exhibit_camera / editorial plate push,The complete assembly,,none,"ledger seconds; disassembly timing editorial, independent of ledger"
332,30,00:00:11:01,11.033333333333333,Exhibit_camera / editorial plate push,The complete assembly,,none,"ledger seconds; disassembly timing editorial, independent of ledger"
333,30,00:00:11:02,11.066666666666666,Exhibit_camera / editorial plate push,The complete assembly,,none,"ledger seconds; disassembly timing editorial, independent of ledger"
334,30,00:00:11:03,11.1,Exhibit_camera / editorial plate push,The complete assembly,,none,"ledger seconds; disassembly timing editorial, independent of ledger"
335,30,00:00:11:04,11.133333333333333,Exhibit_camera / editorial plate push,The complete assembly,,none,"ledger seconds; disassembly timing editorial, independent of ledger"
336,30,00:00:11:05,11.166666666666666,Exhibit_camera / editorial plate push,The complete assembly,,none,"ledger seconds; disassembly timing editorial, independent of ledger"
337,30,00:00:11:06,11.2,Exhibit_camera / editorial plate push,The complete assembly,,none,"ledger seconds; disassembly timing editorial, independent of ledger"
338,30,00:00:11:07,11.233333333333333,Exhibit_camera / editorial plate push,The complete assembly,,none,"ledger seconds; disassembly timing editorial, independent of ledger"
339,30,00:00:11:08,11.266666666666667,Exhibit_camera / editorial plate push,The complete assembly,,none,"ledger seconds; disassembly timing editorial, independent of ledger"
340,30,00:00:11:09,11.3,Exhibit_camera / editorial plate push,The complete assembly,,none,"ledger seconds; disassembly timing editorial, independent of ledger"
341,30,00:00:11:10,11.333333333333334,Exhibit_camera / editorial plate push,The complete assembly,,none,"ledger seconds; disassembly timing editorial, independent of ledger"
342,30,00:00:11:11,11.366666666666667,Exhibit_camera / editorial plate push,The complete assembly,,none,"ledger seconds; disassembly timing editorial, independent of ledger"
343,30,00:00:11:12,11.4,Exhibit_camera / editorial plate push,The complete assembly,,none,"ledger seconds; disassembly timing editorial, independent of ledger"
344,30,00:00:11:13,11.433333333333334,Exhibit_camera / editorial plate push,The complete assembly,,none,"ledger seconds; disassembly timing editorial, independent of ledger"
345,30,00:00:11:14,11.466666666666667,Exhibit_camera / editorial plate push,The complete assembly,,none,"ledger seconds; disassembly timing editorial, independent of ledger"
346,30,00:00:11:15,11.5,Exhibit_camera / editorial plate push,The complete assembly,,none,"ledger seconds; disassembly timing editorial, independent of ledger"
347,30,00:00:11:16,11.533333333333333,Exhibit_camera / editorial plate push,The complete assembly,,none,"ledger seconds; disassembly timing editorial, independent of ledger"
348,30,00:00:11:17,11.566666666666666,Exhibit_camera / editorial plate push,The complete assembly,,none,"ledger seconds; disassembly timing editorial, independent of ledger"
349,30,00:00:11:18,11.6,Exhibit_camera / editorial plate push,The complete assembly,,none,"ledger seconds; disassembly timing editorial, independent of ledger"
350,30,00:00:11:19,11.633333333333333,Exhibit_camera / editorial plate push,The complete assembly,,none,"ledger seconds; disassembly timing editorial, independent of ledger"
351,30,00:00:11:20,11.666666666666666,Exhibit_camera / editorial plate push,The complete assembly,,none,"ledger seconds; disassembly timing editorial, independent of ledger"
352,30,00:00:11:21,11.7,Exhibit_camera / editorial plate push,The complete assembly,,none,"ledger seconds; disassembly timing editorial, independent of ledger"
353,30,00:00:11:22,11.733333333333333,Exhibit_camera / editorial plate push,The complete assembly,,none,"ledger seconds; disassembly timing editorial, independent of ledger"
354,30,00:00:11:23,11.766666666666667,Exhibit_camera / editorial plate push,The complete assembly,,none,"ledger seconds; disassembly timing editorial, independent of ledger"
355,30,00:00:11:24,11.8,Exhibit_camera / editorial plate push,The complete assembly,,none,"ledger seconds; disassembly timing editorial, independent of ledger"
356,30,00:00:11:25,11.833333333333334,Exhibit_camera / editorial plate push,The complete assembly,,none,"ledger seconds; disassembly timing editorial, independent of ledger"
357,30,00:00:11:26,11.866666666666667,Exhibit_camera / editorial plate push,The complete assembly,,none,"ledger seconds; disassembly timing editorial, independent of ledger"
358,30,00:00:11:27,11.9,Exhibit_camera / editorial plate push,The complete assembly,,none,"ledger seconds; disassembly timing editorial, independent of ledger"
359,30,00:00:11:28,11.933333333333334,Exhibit_camera / editorial plate push,The complete assembly,,none,"ledger seconds; disassembly timing editorial, independent of ledger"
360,30,00:00:11:29,11.966666666666667,Exhibit_camera / editorial plate push,The complete assembly,,none,"ledger seconds; disassembly timing editorial, independent of ledger"
361,30,00:00:12:00,12.0,Exhibit_camera / editorial plate push,The complete assembly,,none,"ledger seconds; disassembly timing editorial, independent of ledger"
362,30,00:00:12:01,12.033333333333333,Exhibit_camera / editorial plate push,The complete assembly,,none,"ledger seconds; disassembly timing editorial, independent of ledger"
363,30,00:00:12:02,12.066666666666666,Exhibit_camera / editorial plate push,The complete assembly,,none,"ledger seconds; disassembly timing editorial, independent of ledger"
364,30,00:00:12:03,12.1,Exhibit_camera / editorial plate push,The complete assembly,,none,"ledger seconds; disassembly timing editorial, independent of ledger"
365,30,00:00:12:04,12.133333333333333,Exhibit_camera / editorial plate push,The complete assembly,,none,"ledger seconds; disassembly timing editorial, independent of ledger"
366,30,00:00:12:05,12.166666666666666,Exhibit_camera / editorial plate push,The complete assembly,,none,"ledger seconds; disassembly timing editorial, independent of ledger"
367,30,00:00:12:06,12.2,Exhibit_camera / editorial plate push,The complete assembly,,none,"ledger seconds; disassembly timing editorial, independent of ledger"
368,30,00:00:12:07,12.233333333333333,Exhibit_camera / editorial plate push,The complete assembly,,none,"ledger seconds; disassembly timing editorial, independent of ledger"
369,30,00:00:12:08,12.266666666666667,Exhibit_camera / editorial plate push,The complete assembly,,none,"ledger seconds; disassembly timing editorial, independent of ledger"
370,30,00:00:12:09,12.3,Exhibit_camera / editorial plate push,The complete assembly,,none,"ledger seconds; disassembly timing editorial, independent of ledger"
371,30,00:00:12:10,12.333333333333334,Exhibit_camera / editorial plate push,The complete assembly,,none,"ledger seconds; disassembly timing editorial, independent of ledger"
372,30,00:00:12:11,12.366666666666667,Exhibit_camera / editorial plate push,The complete assembly,,none,"ledger seconds; disassembly timing editorial, independent of ledger"
373,30,00:00:12:12,12.4,Exhibit_camera / editorial plate push,The complete assembly,,none,"ledger seconds; disassembly timing editorial, independent of ledger"
374,30,00:00:12:13,12.433333333333334,Exhibit_camera / editorial plate push,The complete assembly,,none,"ledger seconds; disassembly timing editorial, independent of ledger"
375,30,00:00:12:14,12.466666666666667,Exhibit_camera / editorial plate push,The complete assembly,,none,"ledger seconds; disassembly timing editorial, independent of ledger"
376,30,00:00:12:15,12.5,Exhibit_camera / editorial plate push,The complete assembly,,none,"ledger seconds; disassembly timing editorial, independent of ledger"
377,30,00:00:12:16,12.533333333333333,Exhibit_camera / editorial plate push,The complete assembly,,none,"ledger seconds; disassembly timing editorial, independent of ledger"
378,30,00:00:12:17,12.566666666666666,Exhibit_camera / editorial plate push,The complete assembly,,none,"ledger seconds; disassembly timing editorial, independent of ledger"
379,30,00:00:12:18,12.6,Exhibit_camera / editorial plate push,The complete assembly,,none,"ledger seconds; disassembly timing editorial, independent of ledger"
380,30,00:00:12:19,12.633333333333333,Exhibit_camera / editorial plate push,The complete assembly,,none,"ledger seconds; disassembly timing editorial, independent of ledger"
381,30,00:00:12:20,12.666666666666666,Exhibit_camera / editorial plate push,The complete assembly,,none,"ledger seconds; disassembly timing editorial, independent of ledger"
382,30,00:00:12:21,12.7,Exhibit_camera / editorial plate push,The complete assembly,,none,"ledger seconds; disassembly timing editorial, independent of ledger"
383,30,00:00:12:22,12.733333333333333,Exhibit_camera / editorial plate push,The complete assembly,,none,"ledger seconds; disassembly timing editorial, independent of ledger"
384,30,00:00:12:23,12.766666666666667,Exhibit_camera / editorial plate push,The complete assembly,,none,"ledger seconds; disassembly timing editorial, independent of ledger"
385,30,00:00:12:24,12.8,Exhibit_camera / editorial plate push,The complete assembly,,none,"ledger seconds; disassembly timing editorial, independent of ledger"
386,30,00:00:12:25,12.833333333333334,Exhibit_camera / editorial plate push,The complete assembly,,none,"ledger seconds; disassembly timing editorial, independent of ledger"
387,30,00:00:12:26,12.866666666666667,Exhibit_camera / editorial plate push,The complete assembly,,none,"ledger seconds; disassembly timing editorial, independent of ledger"
388,30,00:00:12:27,12.9,Exhibit_camera / editorial plate push,The complete assembly,,none,"ledger seconds; disassembly timing editorial, independent of ledger"
389,30,00:00:12:28,12.933333333333334,Exhibit_camera / editorial plate push,The complete assembly,,none,"ledger seconds; disassembly timing editorial, independent of ledger"
390,30,00:00:12:29,12.966666666666667,Exhibit_camera / editorial plate push,The complete assembly,,none,"ledger seconds; disassembly timing editorial, independent of ledger"
391,30,00:00:13:00,13.0,Exhibit_camera / editorial plate push,The complete assembly,,none,"ledger seconds; disassembly timing editorial, independent of ledger"
392,30,00:00:13:01,13.033333333333333,Exhibit_camera / editorial plate push,The complete assembly,,none,"ledger seconds; disassembly timing editorial, independent of ledger"
393,30,00:00:13:02,13.066666666666666,Exhibit_camera / editorial plate push,The complete assembly,,none,"ledger seconds; disassembly timing editorial, independent of ledger"
394,30,00:00:13:03,13.1,Exhibit_camera / editorial plate push,The complete assembly,,none,"ledger seconds; disassembly timing editorial, independent of ledger"
395,30,00:00:13:04,13.133333333333333,Exhibit_camera / editorial plate push,The complete assembly,,none,"ledger seconds; disassembly timing editorial, independent of ledger"
396,30,00:00:13:05,13.166666666666666,Exhibit_camera / editorial plate push,The complete assembly,,none,"ledger seconds; disassembly timing editorial, independent of ledger"
397,30,00:00:13:06,13.2,Exhibit_camera / editorial plate push,The complete assembly,,none,"ledger seconds; disassembly timing editorial, independent of ledger"
398,30,00:00:13:07,13.233333333333333,Exhibit_camera / editorial plate push,The complete assembly,,none,"ledger seconds; disassembly timing editorial, independent of ledger"
399,30,00:00:13:08,13.266666666666667,Exhibit_camera / editorial plate push,The complete assembly,,none,"ledger seconds; disassembly timing editorial, independent of ledger"
400,30,00:00:13:09,13.3,Exhibit_camera / editorial plate push,The complete assembly,,none,"ledger seconds; disassembly timing editorial, independent of ledger"
401,30,00:00:13:10,13.333333333333334,Exhibit_camera / editorial plate push,The complete assembly,,none,"ledger seconds; disassembly timing editorial, independent of ledger"
402,30,00:00:13:11,13.366666666666667,Exhibit_camera / editorial plate push,The complete assembly,,none,"ledger seconds; disassembly timing editorial, independent of ledger"
403,30,00:00:13:12,13.4,Exhibit_camera / editorial plate push,The complete assembly,,none,"ledger seconds; disassembly timing editorial, independent of ledger"
404,30,00:00:13:13,13.433333333333334,Exhibit_camera / editorial plate push,The complete assembly,,none,"ledger seconds; disassembly timing editorial, independent of ledger"
405,30,00:00:13:14,13.466666666666667,Exhibit_camera / editorial plate push,The complete assembly,,none,"ledger seconds; disassembly timing editorial, independent of ledger"
406,30,00:00:13:15,13.5,Exhibit_camera / editorial plate push,The complete assembly,,none,"ledger seconds; disassembly timing editorial, independent of ledger"
407,30,00:00:13:16,13.533333333333333,Exhibit_camera / editorial plate push,The complete assembly,,none,"ledger seconds; disassembly timing editorial, independent of ledger"
408,30,00:00:13:17,13.566666666666666,Exhibit_camera / editorial plate push,The complete assembly,,none,"ledger seconds; disassembly timing editorial, independent of ledger"
409,30,00:00:13:18,13.6,Exhibit_camera / editorial plate push,The complete assembly,,none,"ledger seconds; disassembly timing editorial, independent of ledger"
410,30,00:00:13:19,13.633333333333333,Exhibit_camera / editorial plate push,The complete assembly,,none,"ledger seconds; disassembly timing editorial, independent of ledger"
411,30,00:00:13:20,13.666666666666666,Exhibit_camera / editorial plate push,The complete assembly,,none,"ledger seconds; disassembly timing editorial, independent of ledger"
412,30,00:00:13:21,13.7,Exhibit_camera / editorial plate push,The complete assembly,,none,"ledger seconds; disassembly timing editorial, independent of ledger"
413,30,00:00:13:22,13.733333333333333,Exhibit_camera / editorial plate push,The complete assembly,,none,"ledger seconds; disassembly timing editorial, independent of ledger"
414,30,00:00:13:23,13.766666666666667,Exhibit_camera / editorial plate push,The complete assembly,,none,"ledger seconds; disassembly timing editorial, independent of ledger"
415,30,00:00:13:24,13.8,Exhibit_camera / editorial plate push,The complete assembly,,none,"ledger seconds; disassembly timing editorial, independent of ledger"
416,30,00:00:13:25,13.833333333333334,Exhibit_camera / editorial plate push,The complete assembly,,none,"ledger seconds; disassembly timing editorial, independent of ledger"
417,30,00:00:13:26,13.866666666666667,Exhibit_camera / editorial plate push,The complete assembly,,none,"ledger seconds; disassembly timing editorial, independent of ledger"
418,30,00:00:13:27,13.9,Exhibit_camera / editorial plate push,The complete assembly,,none,"ledger seconds; disassembly timing editorial, independent of ledger"
419,30,00:00:13:28,13.933333333333334,Exhibit_camera / editorial plate push,The complete assembly,,none,"ledger seconds; disassembly timing editorial, independent of ledger"
420,30,00:00:13:29,13.966666666666667,Exhibit_camera / editorial plate push,The complete assembly,,none,"ledger seconds; disassembly timing editorial, independent of ledger"
421,30,00:00:14:00,14.0,Exhibit_camera / editorial plate push,The complete assembly,,none,"ledger seconds; disassembly timing editorial, independent of ledger"
422,30,00:00:14:01,14.033333333333333,Exhibit_camera / editorial plate push,The complete assembly,,none,"ledger seconds; disassembly timing editorial, independent of ledger"
423,30,00:00:14:02,14.066666666666666,Exhibit_camera / editorial plate push,The complete assembly,,none,"ledger seconds; disassembly timing editorial, independent of ledger"
424,30,00:00:14:03,14.1,Exhibit_camera / editorial plate push,The complete assembly,,none,"ledger seconds; disassembly timing editorial, independent of ledger"
425,30,00:00:14:04,14.133333333333333,Exhibit_camera / editorial plate push,The complete assembly,,none,"ledger seconds; disassembly timing editorial, independent of ledger"
426,30,00:00:14:05,14.166666666666666,Exhibit_camera / editorial plate push,The complete assembly,,none,"ledger seconds; disassembly timing editorial, independent of ledger"
427,30,00:00:14:06,14.2,Exhibit_camera / editorial plate push,The complete assembly,,none,"ledger seconds; disassembly timing editorial, independent of ledger"
428,30,00:00:14:07,14.233333333333333,Exhibit_camera / editorial plate push,The complete assembly,,none,"ledger seconds; disassembly timing editorial, independent of ledger"
429,30,00:00:14:08,14.266666666666667,Exhibit_camera / editorial plate push,The complete assembly,,none,"ledger seconds; disassembly timing editorial, independent of ledger"
430,30,00:00:14:09,14.3,Exhibit_camera / editorial plate push,The complete assembly,,none,"ledger seconds; disassembly timing editorial, independent of ledger"
431,30,00:00:14:10,14.333333333333334,Exhibit_camera / editorial plate push,The complete assembly,,none,"ledger seconds; disassembly timing editorial, independent of ledger"
432,30,00:00:14:11,14.366666666666667,Exhibit_camera / editorial plate push,The complete assembly,,none,"ledger seconds; disassembly timing editorial, independent of ledger"
433,30,00:00:14:12,14.4,Exhibit_camera / editorial plate push,The complete assembly,,none,"ledger seconds; disassembly timing editorial, independent of ledger"
434,30,00:00:14:13,14.433333333333334,Exhibit_camera / editorial plate push,The complete assembly,,none,"ledger seconds; disassembly timing editorial, independent of ledger"
435,30,00:00:14:14,14.466666666666667,Exhibit_camera / editorial plate push,The complete assembly,,none,"ledger seconds; disassembly timing editorial, independent of ledger"
436,30,00:00:14:15,14.5,Exhibit_camera / editorial plate push,The complete assembly,,none,"ledger seconds; disassembly timing editorial, independent of ledger"
437,30,00:00:14:16,14.533333333333333,Exhibit_camera / editorial plate push,The complete assembly,,none,"ledger seconds; disassembly timing editorial, independent of ledger"
438,30,00:00:14:17,14.566666666666666,Exhibit_camera / editorial plate push,The complete assembly,,none,"ledger seconds; disassembly timing editorial, independent of ledger"
439,30,00:00:14:18,14.6,Exhibit_camera / editorial plate push,The complete assembly,,none,"ledger seconds; disassembly timing editorial, independent of ledger"
440,30,00:00:14:19,14.633333333333333,Exhibit_camera / editorial plate push,The complete assembly,,none,"ledger seconds; disassembly timing editorial, independent of ledger"
441,30,00:00:14:20,14.666666666666666,Exhibit_camera / editorial plate push,The complete assembly,,none,"ledger seconds; disassembly timing editorial, independent of ledger"
442,30,00:00:14:21,14.7,Exhibit_camera / editorial plate push,The complete assembly,,none,"ledger seconds; disassembly timing editorial, independent of ledger"
443,30,00:00:14:22,14.733333333333333,Exhibit_camera / editorial plate push,The complete assembly,,none,"ledger seconds; disassembly timing editorial, independent of ledger"
444,30,00:00:14:23,14.766666666666667,Exhibit_camera / editorial plate push,The complete assembly,,none,"ledger seconds; disassembly timing editorial, independent of ledger"
445,30,00:00:14:24,14.8,Exhibit_camera / editorial plate push,The complete assembly,,none,"ledger seconds; disassembly timing editorial, independent of ledger"
446,30,00:00:14:25,14.833333333333334,Exhibit_camera / editorial plate push,The complete assembly,,none,"ledger seconds; disassembly timing editorial, independent of ledger"
447,30,00:00:14:26,14.866666666666667,Exhibit_camera / editorial plate push,The complete assembly,,none,"ledger seconds; disassembly timing editorial, independent of ledger"
448,30,00:00:14:27,14.9,Exhibit_camera / editorial plate push,The complete assembly,,none,"ledger seconds; disassembly timing editorial, independent of ledger"
449,30,00:00:14:28,14.933333333333334,Exhibit_camera / editorial plate push,The complete assembly,,none,"ledger seconds; disassembly timing editorial, independent of ledger"
450,30,00:00:14:29,14.966666666666667,Exhibit_camera / editorial plate push,The complete assembly,,none,"ledger seconds; disassembly timing editorial, independent of ledger"
451,30,00:00:15:00,15.0,Exhibit_camera / editorial plate push,The complete assembly,,none,"ledger seconds; disassembly timing editorial, independent of ledger"
452,30,00:00:15:01,15.033333333333333,Exhibit_camera / editorial plate push,The complete assembly,,none,"ledger seconds; disassembly timing editorial, independent of ledger"
453,30,00:00:15:02,15.066666666666666,Exhibit_camera / editorial plate push,The complete assembly,,none,"ledger seconds; disassembly timing editorial, independent of ledger"
454,30,00:00:15:03,15.1,Exhibit_camera / editorial plate push,The complete assembly,,none,"ledger seconds; disassembly timing editorial, independent of ledger"
455,30,00:00:15:04,15.133333333333333,Exhibit_camera / editorial plate push,The complete assembly,,none,"ledger seconds; disassembly timing editorial, independent of ledger"
456,30,00:00:15:05,15.166666666666666,Exhibit_camera / editorial plate push,The complete assembly,,none,"ledger seconds; disassembly timing editorial, independent of ledger"
457,30,00:00:15:06,15.2,Exhibit_camera / editorial plate push,The complete assembly,,none,"ledger seconds; disassembly timing editorial, independent of ledger"
458,30,00:00:15:07,15.233333333333333,Exhibit_camera / editorial plate push,The complete assembly,,none,"ledger seconds; disassembly timing editorial, independent of ledger"
459,30,00:00:15:08,15.266666666666667,Exhibit_camera / editorial plate push,The complete assembly,,none,"ledger seconds; disassembly timing editorial, independent of ledger"
460,30,00:00:15:09,15.3,Exhibit_camera / editorial plate push,The complete assembly,,none,"ledger seconds; disassembly timing editorial, independent of ledger"
461,30,00:00:15:10,15.333333333333334,Exhibit_camera / editorial plate push,The complete assembly,,none,"ledger seconds; disassembly timing editorial, independent of ledger"
462,30,00:00:15:11,15.366666666666667,Exhibit_camera / editorial plate push,The complete assembly,,none,"ledger seconds; disassembly timing editorial, independent of ledger"
463,30,00:00:15:12,15.4,Exhibit_camera / editorial plate push,The complete assembly,,none,"ledger seconds; disassembly timing editorial, independent of ledger"
464,30,00:00:15:13,15.433333333333334,Exhibit_camera / editorial plate push,The complete assembly,,none,"ledger seconds; disassembly timing editorial, independent of ledger"
465,30,00:00:15:14,15.466666666666667,Exhibit_camera / editorial plate push,The complete assembly,,none,"ledger seconds; disassembly timing editorial, independent of ledger"
466,30,00:00:15:15,15.5,Exhibit_camera / editorial plate push,The complete assembly,,none,"ledger seconds; disassembly timing editorial, independent of ledger"
467,30,00:00:15:16,15.533333333333333,Exhibit_camera / editorial plate push,The complete assembly,,none,"ledger seconds; disassembly timing editorial, independent of ledger"
468,30,00:00:15:17,15.566666666666666,Exhibit_camera / editorial plate push,The complete assembly,,none,"ledger seconds; disassembly timing editorial, independent of ledger"
469,30,00:00:15:18,15.6,Exhibit_camera / editorial plate push,The complete assembly,,none,"ledger seconds; disassembly timing editorial, independent of ledger"
470,30,00:00:15:19,15.633333333333333,Exhibit_camera / editorial plate push,The complete assembly,,none,"ledger seconds; disassembly timing editorial, independent of ledger"
471,30,00:00:15:20,15.666666666666666,Exhibit_camera / editorial plate push,The complete assembly,,none,"ledger seconds; disassembly timing editorial, independent of ledger"
472,30,00:00:15:21,15.7,Exhibit_camera / editorial plate push,The complete assembly,,none,"ledger seconds; disassembly timing editorial, independent of ledger"
473,30,00:00:15:22,15.733333333333333,Exhibit_camera / editorial plate push,The complete assembly,,none,"ledger seconds; disassembly timing editorial, independent of ledger"
474,30,00:00:15:23,15.766666666666667,Exhibit_camera / editorial plate push,The complete assembly,,none,"ledger seconds; disassembly timing editorial, independent of ledger"
475,30,00:00:15:24,15.8,Exhibit_camera / editorial plate push,The complete assembly,,none,"ledger seconds; disassembly timing editorial, independent of ledger"
476,30,00:00:15:25,15.833333333333334,Exhibit_camera / editorial plate push,The complete assembly,,none,"ledger seconds; disassembly timing editorial, independent of ledger"
477,30,00:00:15:26,15.866666666666667,Exhibit_camera / editorial plate push,The complete assembly,,none,"ledger seconds; disassembly timing editorial, independent of ledger"
478,30,00:00:15:27,15.9,Exhibit_camera / editorial plate push,The complete assembly,,none,"ledger seconds; disassembly timing editorial, independent of ledger"
479,30,00:00:15:28,15.933333333333334,Exhibit_camera / editorial plate push,The complete assembly,,none,"ledger seconds; disassembly timing editorial, independent of ledger"
480,30,00:00:15:29,15.966666666666667,Exhibit_camera / editorial plate push,The complete assembly,,none,"ledger seconds; disassembly timing editorial, independent of ledger"
481,30,00:00:16:00,16.0,Exhibit_camera / editorial plate push,The complete assembly,,none,"ledger seconds; disassembly timing editorial, independent of ledger"
482,30,00:00:16:01,16.033333333333335,Exhibit_camera / editorial plate push,The complete assembly,,none,"ledger seconds; disassembly timing editorial, independent of ledger"
483,30,00:00:16:02,16.066666666666666,Exhibit_camera / editorial plate push,The complete assembly,,none,"ledger seconds; disassembly timing editorial, independent of ledger"
484,30,00:00:16:03,16.1,Exhibit_camera / editorial plate push,The complete assembly,,none,"ledger seconds; disassembly timing editorial, independent of ledger"
485,30,00:00:16:04,16.133333333333333,Exhibit_camera / editorial plate push,The complete assembly,,none,"ledger seconds; disassembly timing editorial, independent of ledger"
486,30,00:00:16:05,16.166666666666668,Exhibit_camera / editorial plate push,The complete assembly,,none,"ledger seconds; disassembly timing editorial, independent of ledger"
487,30,00:00:16:06,16.2,Exhibit_camera / editorial plate push,The complete assembly,,none,"ledger seconds; disassembly timing editorial, independent of ledger"
488,30,00:00:16:07,16.233333333333334,Exhibit_camera / editorial plate push,The complete assembly,,none,"ledger seconds; disassembly timing editorial, independent of ledger"
489,30,00:00:16:08,16.266666666666666,Exhibit_camera / editorial plate push,The complete assembly,,none,"ledger seconds; disassembly timing editorial, independent of ledger"
490,30,00:00:16:09,16.3,Exhibit_camera / editorial plate push,The complete assembly,,none,"ledger seconds; disassembly timing editorial, independent of ledger"
491,30,00:00:16:10,16.333333333333332,Exhibit_camera / editorial plate push,The complete assembly,,none,"ledger seconds; disassembly timing editorial, independent of ledger"
492,30,00:00:16:11,16.366666666666667,Exhibit_camera / editorial plate push,The complete assembly,,none,"ledger seconds; disassembly timing editorial, independent of ledger"
493,30,00:00:16:12,16.4,Exhibit_camera / editorial plate push,The complete assembly,,none,"ledger seconds; disassembly timing editorial, independent of ledger"
494,30,00:00:16:13,16.433333333333334,Exhibit_camera / editorial plate push,The complete assembly,,none,"ledger seconds; disassembly timing editorial, independent of ledger"
495,30,00:00:16:14,16.466666666666665,Exhibit_camera / editorial plate push,The complete assembly,,none,"ledger seconds; disassembly timing editorial, independent of ledger"
496,30,00:00:16:15,16.5,Exhibit_camera / editorial plate push,The complete assembly,,none,"ledger seconds; disassembly timing editorial, independent of ledger"
497,30,00:00:16:16,16.533333333333335,Exhibit_camera / editorial plate push,The complete assembly,,none,"ledger seconds; disassembly timing editorial, independent of ledger"
498,30,00:00:16:17,16.566666666666666,Exhibit_camera / editorial plate push,The complete assembly,,none,"ledger seconds; disassembly timing editorial, independent of ledger"
499,30,00:00:16:18,16.6,Exhibit_camera / editorial plate push,The complete assembly,,none,"ledger seconds; disassembly timing editorial, independent of ledger"
500,30,00:00:16:19,16.633333333333333,Exhibit_camera / editorial plate push,The complete assembly,,none,"ledger seconds; disassembly timing editorial, independent of ledger"
501,30,00:00:16:20,16.666666666666668,Exhibit_camera / editorial plate push,The complete assembly,,none,"ledger seconds; disassembly timing editorial, independent of ledger"
502,30,00:00:16:21,16.7,Exhibit_camera / editorial plate push,The complete assembly,,none,"ledger seconds; disassembly timing editorial, independent of ledger"
503,30,00:00:16:22,16.733333333333334,Exhibit_camera / editorial plate push,The complete assembly,,none,"ledger seconds; disassembly timing editorial, independent of ledger"
504,30,00:00:16:23,16.766666666666666,Exhibit_camera / editorial plate push,The complete assembly,,none,"ledger seconds; disassembly timing editorial, independent of ledger"
505,30,00:00:16:24,16.8,Exhibit_camera / editorial plate push,The complete assembly,,none,"ledger seconds; disassembly timing editorial, independent of ledger"
506,30,00:00:16:25,16.833333333333332,Exhibit_camera / editorial plate push,The complete assembly,,none,"ledger seconds; disassembly timing editorial, independent of ledger"
507,30,00:00:16:26,16.866666666666667,Exhibit_camera / editorial plate push,The complete assembly,,none,"ledger seconds; disassembly timing editorial, independent of ledger"
508,30,00:00:16:27,16.9,Exhibit_camera / editorial plate push,The complete assembly,,none,"ledger seconds; disassembly timing editorial, independent of ledger"
509,30,00:00:16:28,16.933333333333334,Exhibit_camera / editorial plate push,The complete assembly,,none,"ledger seconds; disassembly timing editorial, independent of ledger"
510,30,00:00:16:29,16.966666666666665,Exhibit_camera / editorial plate push,The complete assembly,,none,"ledger seconds; disassembly timing editorial, independent of ledger"
511,30,00:00:17:00,17.0,Exhibit_camera / editorial plate push,The complete assembly,,none,"ledger seconds; disassembly timing editorial, independent of ledger"
512,30,00:00:17:01,17.033333333333335,Exhibit_camera / editorial plate push,The complete assembly,,none,"ledger seconds; disassembly timing editorial, independent of ledger"
513,30,00:00:17:02,17.066666666666666,Exhibit_camera / editorial plate push,The complete assembly,,none,"ledger seconds; disassembly timing editorial, independent of ledger"
514,30,00:00:17:03,17.1,Exhibit_camera / editorial plate push,The complete assembly,,none,"ledger seconds; disassembly timing editorial, independent of ledger"
515,30,00:00:17:04,17.133333333333333,Exhibit_camera / editorial plate push,The complete assembly,,none,"ledger seconds; disassembly timing editorial, independent of ledger"
516,30,00:00:17:05,17.166666666666668,Exhibit_camera / editorial plate push,The complete assembly,,none,"ledger seconds; disassembly timing editorial, independent of ledger"
517,30,00:00:17:06,17.2,Exhibit_camera / editorial plate push,The complete assembly,,none,"ledger seconds; disassembly timing editorial, independent of ledger"
518,30,00:00:17:07,17.233333333333334,Exhibit_camera / editorial plate push,The complete assembly,,none,"ledger seconds; disassembly timing editorial, independent of ledger"
519,30,00:00:17:08,17.266666666666666,Exhibit_camera / editorial plate push,The complete assembly,,none,"ledger seconds; disassembly timing editorial, independent of ledger"
520,30,00:00:17:09,17.3,Exhibit_camera / editorial plate push,The complete assembly,,none,"ledger seconds; disassembly timing editorial, independent of ledger"
521,30,00:00:17:10,17.333333333333332,Exhibit_camera / editorial plate push,The complete assembly,,none,"ledger seconds; disassembly timing editorial, independent of ledger"
522,30,00:00:17:11,17.366666666666667,Exhibit_camera / editorial plate push,The complete assembly,,none,"ledger seconds; disassembly timing editorial, independent of ledger"
523,30,00:00:17:12,17.4,Exhibit_camera / editorial plate push,The complete assembly,,none,"ledger seconds; disassembly timing editorial, independent of ledger"
524,30,00:00:17:13,17.433333333333334,Exhibit_camera / editorial plate push,The complete assembly,,none,"ledger seconds; disassembly timing editorial, independent of ledger"
525,30,00:00:17:14,17.466666666666665,Exhibit_camera / editorial plate push,The complete assembly,,none,"ledger seconds; disassembly timing editorial, independent of ledger"
526,30,00:00:17:15,17.5,Exhibit_camera / editorial plate push,The complete assembly,,none,"ledger seconds; disassembly timing editorial, independent of ledger"
527,30,00:00:17:16,17.533333333333335,Exhibit_camera / editorial plate push,The complete assembly,,none,"ledger seconds; disassembly timing editorial, independent of ledger"
528,30,00:00:17:17,17.566666666666666,Exhibit_camera / editorial plate push,The complete assembly,,none,"ledger seconds; disassembly timing editorial, independent of ledger"
529,30,00:00:17:18,17.6,Exhibit_camera / editorial plate push,The complete assembly,,none,"ledger seconds; disassembly timing editorial, independent of ledger"
530,30,00:00:17:19,17.633333333333333,Exhibit_camera / editorial plate push,The complete assembly,,none,"ledger seconds; disassembly timing editorial, independent of ledger"
531,30,00:00:17:20,17.666666666666668,Exhibit_camera / editorial plate push,The complete assembly,,none,"ledger seconds; disassembly timing editorial, independent of ledger"
532,30,00:00:17:21,17.7,Exhibit_camera / editorial plate push,The complete assembly,,none,"ledger seconds; disassembly timing editorial, independent of ledger"
533,30,00:00:17:22,17.733333333333334,Exhibit_camera / editorial plate push,The complete assembly,,none,"ledger seconds; disassembly timing editorial, independent of ledger"
534,30,00:00:17:23,17.766666666666666,Exhibit_camera / editorial plate push,The complete assembly,,none,"ledger seconds; disassembly timing editorial, independent of ledger"
535,30,00:00:17:24,17.8,Exhibit_camera / editorial plate push,The complete assembly,,none,"ledger seconds; disassembly timing editorial, independent of ledger"
536,30,00:00:17:25,17.833333333333332,Exhibit_camera / editorial plate push,The complete assembly,,none,"ledger seconds; disassembly timing editorial, independent of ledger"
537,30,00:00:17:26,17.866666666666667,Exhibit_camera / editorial plate push,The complete assembly,,none,"ledger seconds; disassembly timing editorial, independent of ledger"
538,30,00:00:17:27,17.9,Exhibit_camera / editorial plate push,The complete assembly,,none,"ledger seconds; disassembly timing editorial, independent of ledger"
539,30,00:00:17:28,17.933333333333334,Exhibit_camera / editorial plate push,The complete assembly,,none,"ledger seconds; disassembly timing editorial, independent of ledger"
540,30,00:00:17:29,17.966666666666665,Exhibit_camera / editorial plate push,The complete assembly,,none,"ledger seconds; disassembly timing editorial, independent of ledger"
541,30,00:00:18:00,18.0,Exhibit_camera / editorial plate push,The complete assembly,,none,"ledger seconds; disassembly timing editorial, independent of ledger"
542,30,00:00:18:01,18.033333333333335,Exhibit_camera / editorial plate push,The complete assembly,,none,"ledger seconds; disassembly timing editorial, independent of ledger"
543,30,00:00:18:02,18.066666666666666,Exhibit_camera / editorial plate push,The complete assembly,,none,"ledger seconds; disassembly timing editorial, independent of ledger"
544,30,00:00:18:03,18.1,Exhibit_camera / editorial plate push,The complete assembly,,none,"ledger seconds; disassembly timing editorial, independent of ledger"
545,30,00:00:18:04,18.133333333333333,Exhibit_camera / editorial plate push,The complete assembly,,none,"ledger seconds; disassembly timing editorial, independent of ledger"
546,30,00:00:18:05,18.166666666666668,Exhibit_camera / editorial plate push,The complete assembly,,none,"ledger seconds; disassembly timing editorial, independent of ledger"
547,30,00:00:18:06,18.2,Exhibit_camera / editorial plate push,The complete assembly,,none,"ledger seconds; disassembly timing editorial, independent of ledger"
548,30,00:00:18:07,18.233333333333334,Exhibit_camera / editorial plate push,The complete assembly,,none,"ledger seconds; disassembly timing editorial, independent of ledger"
549,30,00:00:18:08,18.266666666666666,Exhibit_camera / editorial plate push,The complete assembly,,none,"ledger seconds; disassembly timing editorial, independent of ledger"
550,30,00:00:18:09,18.3,Exhibit_camera / editorial plate push,The complete assembly,,none,"ledger seconds; disassembly timing editorial, independent of ledger"
551,30,00:00:18:10,18.333333333333332,Exhibit_camera / editorial plate push,The complete assembly,,none,"ledger seconds; disassembly timing editorial, independent of ledger"
552,30,00:00:18:11,18.366666666666667,Exhibit_camera / editorial plate push,The complete assembly,,none,"ledger seconds; disassembly timing editorial, independent of ledger"
553,30,00:00:18:12,18.4,Exhibit_camera / editorial plate push,The complete assembly,,none,"ledger seconds; disassembly timing editorial, independent of ledger"
554,30,00:00:18:13,18.433333333333334,Exhibit_camera / editorial plate push,The complete assembly,,none,"ledger seconds; disassembly timing editorial, independent of ledger"
555,30,00:00:18:14,18.466666666666665,Exhibit_camera / editorial plate push,The complete assembly,,none,"ledger seconds; disassembly timing editorial, independent of ledger"
556,30,00:00:18:15,18.5,Exhibit_camera / editorial plate push,The complete assembly,,none,"ledger seconds; disassembly timing editorial, independent of ledger"
557,30,00:00:18:16,18.533333333333335,Exhibit_camera / editorial plate push,The complete assembly,,none,"ledger seconds; disassembly timing editorial, independent of ledger"
558,30,00:00:18:17,18.566666666666666,Exhibit_camera / editorial plate push,The complete assembly,,none,"ledger seconds; disassembly timing editorial, independent of ledger"
559,30,00:00:18:18,18.6,Exhibit_camera / editorial plate push,The complete assembly,,none,"ledger seconds; disassembly timing editorial, independent of ledger"
560,30,00:00:18:19,18.633333333333333,Exhibit_camera / editorial plate push,The complete assembly,,none,"ledger seconds; disassembly timing editorial, independent of ledger"
561,30,00:00:18:20,18.666666666666668,Exhibit_camera / editorial plate push,The complete assembly,,none,"ledger seconds; disassembly timing editorial, independent of ledger"
562,30,00:00:18:21,18.7,Exhibit_camera / editorial plate push,The complete assembly,,none,"ledger seconds; disassembly timing editorial, independent of ledger"
563,30,00:00:18:22,18.733333333333334,Exhibit_camera / editorial plate push,The complete assembly,,none,"ledger seconds; disassembly timing editorial, independent of ledger"
564,30,00:00:18:23,18.766666666666666,Exhibit_camera / editorial plate push,The complete assembly,,none,"ledger seconds; disassembly timing editorial, independent of ledger"
565,30,00:00:18:24,18.8,Exhibit_camera / editorial plate push,The complete assembly,,none,"ledger seconds; disassembly timing editorial, independent of ledger"
566,30,00:00:18:25,18.833333333333332,Exhibit_camera / editorial plate push,The complete assembly,,none,"ledger seconds; disassembly timing editorial, independent of ledger"
567,30,00:00:18:26,18.866666666666667,Exhibit_camera / editorial plate push,The complete assembly,,none,"ledger seconds; disassembly timing editorial, independent of ledger"
568,30,00:00:18:27,18.9,Exhibit_camera / editorial plate push,The complete assembly,,none,"ledger seconds; disassembly timing editorial, independent of ledger"
569,30,00:00:18:28,18.933333333333334,Exhibit_camera / editorial plate push,The complete assembly,,none,"ledger seconds; disassembly timing editorial, independent of ledger"
570,30,00:00:18:29,18.966666666666665,Exhibit_camera / editorial plate push,The complete assembly,,none,"ledger seconds; disassembly timing editorial, independent of ledger"
571,30,00:00:19:00,19.0,Exhibit_camera / editorial plate push,The complete assembly,,none,"ledger seconds; disassembly timing editorial, independent of ledger"
572,30,00:00:19:01,19.033333333333335,Exhibit_camera / editorial plate push,The complete assembly,,none,"ledger seconds; disassembly timing editorial, independent of ledger"
573,30,00:00:19:02,19.066666666666666,Exhibit_camera / editorial plate push,The complete assembly,,none,"ledger seconds; disassembly timing editorial, independent of ledger"
574,30,00:00:19:03,19.1,Exhibit_camera / editorial plate push,The complete assembly,,none,"ledger seconds; disassembly timing editorial, independent of ledger"
575,30,00:00:19:04,19.133333333333333,Exhibit_camera / editorial plate push,The complete assembly,,none,"ledger seconds; disassembly timing editorial, independent of ledger"
576,30,00:00:19:05,19.166666666666668,Exhibit_camera / editorial plate push,The complete assembly,,none,"ledger seconds; disassembly timing editorial, independent of ledger"
577,30,00:00:19:06,19.2,Exhibit_camera / editorial plate push,The complete assembly,,none,"ledger seconds; disassembly timing editorial, independent of ledger"
578,30,00:00:19:07,19.233333333333334,Exhibit_camera / editorial plate push,The complete assembly,,none,"ledger seconds; disassembly timing editorial, independent of ledger"
579,30,00:00:19:08,19.266666666666666,Exhibit_camera / editorial plate push,The complete assembly,,none,"ledger seconds; disassembly timing editorial, independent of ledger"
580,30,00:00:19:09,19.3,Exhibit_camera / editorial plate push,The complete assembly,,none,"ledger seconds; disassembly timing editorial, independent of ledger"
581,30,00:00:19:10,19.333333333333332,Exhibit_camera / editorial plate push,The complete assembly,,none,"ledger seconds; disassembly timing editorial, independent of ledger"
582,30,00:00:19:11,19.366666666666667,Exhibit_camera / editorial plate push,The complete assembly,,none,"ledger seconds; disassembly timing editorial, independent of ledger"
583,30,00:00:19:12,19.4,Exhibit_camera / editorial plate push,The complete assembly,,none,"ledger seconds; disassembly timing editorial, independent of ledger"
584,30,00:00:19:13,19.433333333333334,Exhibit_camera / editorial plate push,The complete assembly,,none,"ledger seconds; disassembly timing editorial, independent of ledger"
585,30,00:00:19:14,19.466666666666665,Exhibit_camera / editorial plate push,The complete assembly,,none,"ledger seconds; disassembly timing editorial, independent of ledger"
586,30,00:00:19:15,19.5,Exhibit_camera / editorial plate push,The complete assembly,,none,"ledger seconds; disassembly timing editorial, independent of ledger"
587,30,00:00:19:16,19.533333333333335,Exhibit_camera / editorial plate push,The complete assembly,,none,"ledger seconds; disassembly timing editorial, independent of ledger"
588,30,00:00:19:17,19.566666666666666,Exhibit_camera / editorial plate push,The complete assembly,,none,"ledger seconds; disassembly timing editorial, independent of ledger"
589,30,00:00:19:18,19.6,Exhibit_camera / editorial plate push,The complete assembly,,none,"ledger seconds; disassembly timing editorial, independent of ledger"
590,30,00:00:19:19,19.633333333333333,Exhibit_camera / editorial plate push,The complete assembly,,none,"ledger seconds; disassembly timing editorial, independent of ledger"
591,30,00:00:19:20,19.666666666666668,Exhibit_camera / editorial plate push,The complete assembly,,none,"ledger seconds; disassembly timing editorial, independent of ledger"
592,30,00:00:19:21,19.7,Exhibit_camera / editorial plate push,The complete assembly,,none,"ledger seconds; disassembly timing editorial, independent of ledger"
593,30,00:00:19:22,19.733333333333334,Exhibit_camera / editorial plate push,The complete assembly,,none,"ledger seconds; disassembly timing editorial, independent of ledger"
594,30,00:00:19:23,19.766666666666666,Exhibit_camera / editorial plate push,The complete assembly,,none,"ledger seconds; disassembly timing editorial, independent of ledger"
595,30,00:00:19:24,19.8,Exhibit_camera / editorial plate push,The complete assembly,,none,"ledger seconds; disassembly timing editorial, independent of ledger"
596,30,00:00:19:25,19.833333333333332,Exhibit_camera / editorial plate push,The complete assembly,,none,"ledger seconds; disassembly timing editorial, independent of ledger"
597,30,00:00:19:26,19.866666666666667,Exhibit_camera / editorial plate push,The complete assembly,,none,"ledger seconds; disassembly timing editorial, independent of ledger"
598,30,00:00:19:27,19.9,Exhibit_camera / editorial plate push,The complete assembly,,none,"ledger seconds; disassembly timing editorial, independent of ledger"
599,30,00:00:19:28,19.933333333333334,Exhibit_camera / editorial plate push,The complete assembly,,none,"ledger seconds; disassembly timing editorial, independent of ledger"
600,30,00:00:19:29,19.966666666666665,Exhibit_camera / editorial plate push,The complete assembly,,none,"ledger seconds; disassembly timing editorial, independent of ledger"
601,30,00:00:20:00,20.0,Exhibit_camera / editorial plate push,A tightly integrated system,"Lift the bodywork to expose the power unit. The engine, turbocharger, electrical machines and battery form an integrated system. Their exact packaging varies by manufacturer. The separation shown here is an editorial animation, not a physical explosion or a service procedure.",none,"ledger seconds; disassembly timing editorial, independent of ledger"
602,30,00:00:20:01,20.033333333333335,Exhibit_camera / editorial plate push,A tightly integrated system,,none,"ledger seconds; disassembly timing editorial, independent of ledger"
603,30,00:00:20:02,20.066666666666666,Exhibit_camera / editorial plate push,A tightly integrated system,,none,"ledger seconds; disassembly timing editorial, independent of ledger"
604,30,00:00:20:03,20.1,Exhibit_camera / editorial plate push,A tightly integrated system,,none,"ledger seconds; disassembly timing editorial, independent of ledger"
605,30,00:00:20:04,20.133333333333333,Exhibit_camera / editorial plate push,A tightly integrated system,,none,"ledger seconds; disassembly timing editorial, independent of ledger"
606,30,00:00:20:05,20.166666666666668,Exhibit_camera / editorial plate push,A tightly integrated system,,none,"ledger seconds; disassembly timing editorial, independent of ledger"
607,30,00:00:20:06,20.2,Exhibit_camera / editorial plate push,A tightly integrated system,,none,"ledger seconds; disassembly timing editorial, independent of ledger"
608,30,00:00:20:07,20.233333333333334,Exhibit_camera / editorial plate push,A tightly integrated system,,none,"ledger seconds; disassembly timing editorial, independent of ledger"
609,30,00:00:20:08,20.266666666666666,Exhibit_camera / editorial plate push,A tightly integrated system,,none,"ledger seconds; disassembly timing editorial, independent of ledger"
610,30,00:00:20:09,20.3,Exhibit_camera / editorial plate push,A tightly integrated system,,none,"ledger seconds; disassembly timing editorial, independent of ledger"
611,30,00:00:20:10,20.333333333333332,Exhibit_camera / editorial plate push,A tightly integrated system,,none,"ledger seconds; disassembly timing editorial, independent of ledger"
612,30,00:00:20:11,20.366666666666667,Exhibit_camera / editorial plate push,A tightly integrated system,,none,"ledger seconds; disassembly timing editorial, independent of ledger"
613,30,00:00:20:12,20.4,Exhibit_camera / editorial plate push,A tightly integrated system,,none,"ledger seconds; disassembly timing editorial, independent of ledger"
614,30,00:00:20:13,20.433333333333334,Exhibit_camera / editorial plate push,A tightly integrated system,,none,"ledger seconds; disassembly timing editorial, independent of ledger"
615,30,00:00:20:14,20.466666666666665,Exhibit_camera / editorial plate push,A tightly integrated system,,none,"ledger seconds; disassembly timing editorial, independent of ledger"
616,30,00:00:20:15,20.5,Exhibit_camera / editorial plate push,A tightly integrated system,,none,"ledger seconds; disassembly timing editorial, independent of ledger"
617,30,00:00:20:16,20.533333333333335,Exhibit_camera / editorial plate push,A tightly integrated system,,none,"ledger seconds; disassembly timing editorial, independent of ledger"
618,30,00:00:20:17,20.566666666666666,Exhibit_camera / editorial plate push,A tightly integrated system,,none,"ledger seconds; disassembly timing editorial, independent of ledger"
619,30,00:00:20:18,20.6,Exhibit_camera / editorial plate push,A tightly integrated system,,none,"ledger seconds; disassembly timing editorial, independent of ledger"
620,30,00:00:20:19,20.633333333333333,Exhibit_camera / editorial plate push,A tightly integrated system,,none,"ledger seconds; disassembly timing editorial, independent of ledger"
621,30,00:00:20:20,20.666666666666668,Exhibit_camera / editorial plate push,A tightly integrated system,,none,"ledger seconds; disassembly timing editorial, independent of ledger"
622,30,00:00:20:21,20.7,Exhibit_camera / editorial plate push,A tightly integrated system,,none,"ledger seconds; disassembly timing editorial, independent of ledger"
623,30,00:00:20:22,20.733333333333334,Exhibit_camera / editorial plate push,A tightly integrated system,,none,"ledger seconds; disassembly timing editorial, independent of ledger"
624,30,00:00:20:23,20.766666666666666,Exhibit_camera / editorial plate push,A tightly integrated system,,none,"ledger seconds; disassembly timing editorial, independent of ledger"
625,30,00:00:20:24,20.8,Exhibit_camera / editorial plate push,A tightly integrated system,,none,"ledger seconds; disassembly timing editorial, independent of ledger"
626,30,00:00:20:25,20.833333333333332,Exhibit_camera / editorial plate push,A tightly integrated system,,none,"ledger seconds; disassembly timing editorial, independent of ledger"
627,30,00:00:20:26,20.866666666666667,Exhibit_camera / editorial plate push,A tightly integrated system,,none,"ledger seconds; disassembly timing editorial, independent of ledger"
628,30,00:00:20:27,20.9,Exhibit_camera / editorial plate push,A tightly integrated system,,none,"ledger seconds; disassembly timing editorial, independent of ledger"
629,30,00:00:20:28,20.933333333333334,Exhibit_camera / editorial plate push,A tightly integrated system,,none,"ledger seconds; disassembly timing editorial, independent of ledger"
630,30,00:00:20:29,20.966666666666665,Exhibit_camera / editorial plate push,A tightly integrated system,,none,"ledger seconds; disassembly timing editorial, independent of ledger"
631,30,00:00:21:00,21.0,Exhibit_camera / editorial plate push,A tightly integrated system,,none,"ledger seconds; disassembly timing editorial, independent of ledger"
632,30,00:00:21:01,21.033333333333335,Exhibit_camera / editorial plate push,A tightly integrated system,,none,"ledger seconds; disassembly timing editorial, independent of ledger"
633,30,00:00:21:02,21.066666666666666,Exhibit_camera / editorial plate push,A tightly integrated system,,none,"ledger seconds; disassembly timing editorial, independent of ledger"
634,30,00:00:21:03,21.1,Exhibit_camera / editorial plate push,A tightly integrated system,,none,"ledger seconds; disassembly timing editorial, independent of ledger"
635,30,00:00:21:04,21.133333333333333,Exhibit_camera / editorial plate push,A tightly integrated system,,none,"ledger seconds; disassembly timing editorial, independent of ledger"
636,30,00:00:21:05,21.166666666666668,Exhibit_camera / editorial plate push,A tightly integrated system,,none,"ledger seconds; disassembly timing editorial, independent of ledger"
637,30,00:00:21:06,21.2,Exhibit_camera / editorial plate push,A tightly integrated system,,none,"ledger seconds; disassembly timing editorial, independent of ledger"
638,30,00:00:21:07,21.233333333333334,Exhibit_camera / editorial plate push,A tightly integrated system,,none,"ledger seconds; disassembly timing editorial, independent of ledger"
639,30,00:00:21:08,21.266666666666666,Exhibit_camera / editorial plate push,A tightly integrated system,,none,"ledger seconds; disassembly timing editorial, independent of ledger"
640,30,00:00:21:09,21.3,Exhibit_camera / editorial plate push,A tightly integrated system,,none,"ledger seconds; disassembly timing editorial, independent of ledger"
641,30,00:00:21:10,21.333333333333332,Exhibit_camera / editorial plate push,A tightly integrated system,,none,"ledger seconds; disassembly timing editorial, independent of ledger"
642,30,00:00:21:11,21.366666666666667,Exhibit_camera / editorial plate push,A tightly integrated system,,none,"ledger seconds; disassembly timing editorial, independent of ledger"
643,30,00:00:21:12,21.4,Exhibit_camera / editorial plate push,A tightly integrated system,,none,"ledger seconds; disassembly timing editorial, independent of ledger"
644,30,00:00:21:13,21.433333333333334,Exhibit_camera / editorial plate push,A tightly integrated system,,none,"ledger seconds; disassembly timing editorial, independent of ledger"
645,30,00:00:21:14,21.466666666666665,Exhibit_camera / editorial plate push,A tightly integrated system,,none,"ledger seconds; disassembly timing editorial, independent of ledger"
646,30,00:00:21:15,21.5,Exhibit_camera / editorial plate push,A tightly integrated system,,none,"ledger seconds; disassembly timing editorial, independent of ledger"
647,30,00:00:21:16,21.533333333333335,Exhibit_camera / editorial plate push,A tightly integrated system,,none,"ledger seconds; disassembly timing editorial, independent of ledger"
648,30,00:00:21:17,21.566666666666666,Exhibit_camera / editorial plate push,A tightly integrated system,,none,"ledger seconds; disassembly timing editorial, independent of ledger"
649,30,00:00:21:18,21.6,Exhibit_camera / editorial plate push,A tightly integrated system,,none,"ledger seconds; disassembly timing editorial, independent of ledger"
650,30,00:00:21:19,21.633333333333333,Exhibit_camera / editorial plate push,A tightly integrated system,,none,"ledger seconds; disassembly timing editorial, independent of ledger"
651,30,00:00:21:20,21.666666666666668,Exhibit_camera / editorial plate push,A tightly integrated system,,none,"ledger seconds; disassembly timing editorial, independent of ledger"
652,30,00:00:21:21,21.7,Exhibit_camera / editorial plate push,A tightly integrated system,,none,"ledger seconds; disassembly timing editorial, independent of ledger"
653,30,00:00:21:22,21.733333333333334,Exhibit_camera / editorial plate push,A tightly integrated system,,none,"ledger seconds; disassembly timing editorial, independent of ledger"
654,30,00:00:21:23,21.766666666666666,Exhibit_camera / editorial plate push,A tightly integrated system,,none,"ledger seconds; disassembly timing editorial, independent of ledger"
655,30,00:00:21:24,21.8,Exhibit_camera / editorial plate push,A tightly integrated system,,none,"ledger seconds; disassembly timing editorial, independent of ledger"
656,30,00:00:21:25,21.833333333333332,Exhibit_camera / editorial plate push,A tightly integrated system,,none,"ledger seconds; disassembly timing editorial, independent of ledger"
657,30,00:00:21:26,21.866666666666667,Exhibit_camera / editorial plate push,A tightly integrated system,,none,"ledger seconds; disassembly timing editorial, independent of ledger"
658,30,00:00:21:27,21.9,Exhibit_camera / editorial plate push,A tightly integrated system,,none,"ledger seconds; disassembly timing editorial, independent of ledger"
659,30,00:00:21:28,21.933333333333334,Exhibit_camera / editorial plate push,A tightly integrated system,,none,"ledger seconds; disassembly timing editorial, independent of ledger"
660,30,00:00:21:29,21.966666666666665,Exhibit_camera / editorial plate push,A tightly integrated system,,none,"ledger seconds; disassembly timing editorial, independent of ledger"
661,30,00:00:22:00,22.0,Exhibit_camera / editorial plate push,A tightly integrated system,,none,"ledger seconds; disassembly timing editorial, independent of ledger"
662,30,00:00:22:01,22.033333333333335,Exhibit_camera / editorial plate push,A tightly integrated system,,none,"ledger seconds; disassembly timing editorial, independent of ledger"
663,30,00:00:22:02,22.066666666666666,Exhibit_camera / editorial plate push,A tightly integrated system,,none,"ledger seconds; disassembly timing editorial, independent of ledger"
664,30,00:00:22:03,22.1,Exhibit_camera / editorial plate push,A tightly integrated system,,none,"ledger seconds; disassembly timing editorial, independent of ledger"
665,30,00:00:22:04,22.133333333333333,Exhibit_camera / editorial plate push,A tightly integrated system,,none,"ledger seconds; disassembly timing editorial, independent of ledger"
666,30,00:00:22:05,22.166666666666668,Exhibit_camera / editorial plate push,A tightly integrated system,,none,"ledger seconds; disassembly timing editorial, independent of ledger"
667,30,00:00:22:06,22.2,Exhibit_camera / editorial plate push,A tightly integrated system,,none,"ledger seconds; disassembly timing editorial, independent of ledger"
668,30,00:00:22:07,22.233333333333334,Exhibit_camera / editorial plate push,A tightly integrated system,,none,"ledger seconds; disassembly timing editorial, independent of ledger"
669,30,00:00:22:08,22.266666666666666,Exhibit_camera / editorial plate push,A tightly integrated system,,none,"ledger seconds; disassembly timing editorial, independent of ledger"
670,30,00:00:22:09,22.3,Exhibit_camera / editorial plate push,A tightly integrated system,,none,"ledger seconds; disassembly timing editorial, independent of ledger"
671,30,00:00:22:10,22.333333333333332,Exhibit_camera / editorial plate push,A tightly integrated system,,none,"ledger seconds; disassembly timing editorial, independent of ledger"
672,30,00:00:22:11,22.366666666666667,Exhibit_camera / editorial plate push,A tightly integrated system,,none,"ledger seconds; disassembly timing editorial, independent of ledger"
673,30,00:00:22:12,22.4,Exhibit_camera / editorial plate push,A tightly integrated system,,none,"ledger seconds; disassembly timing editorial, independent of ledger"
674,30,00:00:22:13,22.433333333333334,Exhibit_camera / editorial plate push,A tightly integrated system,,none,"ledger seconds; disassembly timing editorial, independent of ledger"
675,30,00:00:22:14,22.466666666666665,Exhibit_camera / editorial plate push,A tightly integrated system,,none,"ledger seconds; disassembly timing editorial, independent of ledger"
676,30,00:00:22:15,22.5,Exhibit_camera / editorial plate push,A tightly integrated system,,none,"ledger seconds; disassembly timing editorial, independent of ledger"
677,30,00:00:22:16,22.533333333333335,Exhibit_camera / editorial plate push,A tightly integrated system,,none,"ledger seconds; disassembly timing editorial, independent of ledger"
678,30,00:00:22:17,22.566666666666666,Exhibit_camera / editorial plate push,A tightly integrated system,,none,"ledger seconds; disassembly timing editorial, independent of ledger"
679,30,00:00:22:18,22.6,Exhibit_camera / editorial plate push,A tightly integrated system,,none,"ledger seconds; disassembly timing editorial, independent of ledger"
680,30,00:00:22:19,22.633333333333333,Exhibit_camera / editorial plate push,A tightly integrated system,,none,"ledger seconds; disassembly timing editorial, independent of ledger"
681,30,00:00:22:20,22.666666666666668,Exhibit_camera / editorial plate push,A tightly integrated system,,none,"ledger seconds; disassembly timing editorial, independent of ledger"
682,30,00:00:22:21,22.7,Exhibit_camera / editorial plate push,A tightly integrated system,,none,"ledger seconds; disassembly timing editorial, independent of ledger"
683,30,00:00:22:22,22.733333333333334,Exhibit_camera / editorial plate push,A tightly integrated system,,none,"ledger seconds; disassembly timing editorial, independent of ledger"
684,30,00:00:22:23,22.766666666666666,Exhibit_camera / editorial plate push,A tightly integrated system,,none,"ledger seconds; disassembly timing editorial, independent of ledger"
685,30,00:00:22:24,22.8,Exhibit_camera / editorial plate push,A tightly integrated system,,none,"ledger seconds; disassembly timing editorial, independent of ledger"
686,30,00:00:22:25,22.833333333333332,Exhibit_camera / editorial plate push,A tightly integrated system,,none,"ledger seconds; disassembly timing editorial, independent of ledger"
687,30,00:00:22:26,22.866666666666667,Exhibit_camera / editorial plate push,A tightly integrated system,,none,"ledger seconds; disassembly timing editorial, independent of ledger"
688,30,00:00:22:27,22.9,Exhibit_camera / editorial plate push,A tightly integrated system,,none,"ledger seconds; disassembly timing editorial, independent of ledger"
689,30,00:00:22:28,22.933333333333334,Exhibit_camera / editorial plate push,A tightly integrated system,,none,"ledger seconds; disassembly timing editorial, independent of ledger"
690,30,00:00:22:29,22.966666666666665,Exhibit_camera / editorial plate push,A tightly integrated system,,none,"ledger seconds; disassembly timing editorial, independent of ledger"
691,30,00:00:23:00,23.0,Exhibit_camera / editorial plate push,A tightly integrated system,,none,"ledger seconds; disassembly timing editorial, independent of ledger"
692,30,00:00:23:01,23.033333333333335,Exhibit_camera / editorial plate push,A tightly integrated system,,none,"ledger seconds; disassembly timing editorial, independent of ledger"
693,30,00:00:23:02,23.066666666666666,Exhibit_camera / editorial plate push,A tightly integrated system,,none,"ledger seconds; disassembly timing editorial, independent of ledger"
694,30,00:00:23:03,23.1,Exhibit_camera / editorial plate push,A tightly integrated system,,none,"ledger seconds; disassembly timing editorial, independent of ledger"
695,30,00:00:23:04,23.133333333333333,Exhibit_camera / editorial plate push,A tightly integrated system,,none,"ledger seconds; disassembly timing editorial, independent of ledger"
696,30,00:00:23:05,23.166666666666668,Exhibit_camera / editorial plate push,A tightly integrated system,,none,"ledger seconds; disassembly timing editorial, independent of ledger"
697,30,00:00:23:06,23.2,Exhibit_camera / editorial plate push,A tightly integrated system,,none,"ledger seconds; disassembly timing editorial, independent of ledger"
698,30,00:00:23:07,23.233333333333334,Exhibit_camera / editorial plate push,A tightly integrated system,,none,"ledger seconds; disassembly timing editorial, independent of ledger"
699,30,00:00:23:08,23.266666666666666,Exhibit_camera / editorial plate push,A tightly integrated system,,none,"ledger seconds; disassembly timing editorial, independent of ledger"
700,30,00:00:23:09,23.3,Exhibit_camera / editorial plate push,A tightly integrated system,,none,"ledger seconds; disassembly timing editorial, independent of ledger"
701,30,00:00:23:10,23.333333333333332,Exhibit_camera / editorial plate push,A tightly integrated system,,none,"ledger seconds; disassembly timing editorial, independent of ledger"
702,30,00:00:23:11,23.366666666666667,Exhibit_camera / editorial plate push,A tightly integrated system,,none,"ledger seconds; disassembly timing editorial, independent of ledger"
703,30,00:00:23:12,23.4,Exhibit_camera / editorial plate push,A tightly integrated system,,none,"ledger seconds; disassembly timing editorial, independent of ledger"
704,30,00:00:23:13,23.433333333333334,Exhibit_camera / editorial plate push,A tightly integrated system,,none,"ledger seconds; disassembly timing editorial, independent of ledger"
705,30,00:00:23:14,23.466666666666665,Exhibit_camera / editorial plate push,A tightly integrated system,,none,"ledger seconds; disassembly timing editorial, independent of ledger"
706,30,00:00:23:15,23.5,Exhibit_camera / editorial plate push,A tightly integrated system,,none,"ledger seconds; disassembly timing editorial, independent of ledger"
707,30,00:00:23:16,23.533333333333335,Exhibit_camera / editorial plate push,A tightly integrated system,,none,"ledger seconds; disassembly timing editorial, independent of ledger"
708,30,00:00:23:17,23.566666666666666,Exhibit_camera / editorial plate push,A tightly integrated system,,none,"ledger seconds; disassembly timing editorial, independent of ledger"
709,30,00:00:23:18,23.6,Exhibit_camera / editorial plate push,A tightly integrated system,,none,"ledger seconds; disassembly timing editorial, independent of ledger"
710,30,00:00:23:19,23.633333333333333,Exhibit_camera / editorial plate push,A tightly integrated system,,none,"ledger seconds; disassembly timing editorial, independent of ledger"
711,30,00:00:23:20,23.666666666666668,Exhibit_camera / editorial plate push,A tightly integrated system,,none,"ledger seconds; disassembly timing editorial, independent of ledger"
712,30,00:00:23:21,23.7,Exhibit_camera / editorial plate push,A tightly integrated system,,none,"ledger seconds; disassembly timing editorial, independent of ledger"
713,30,00:00:23:22,23.733333333333334,Exhibit_camera / editorial plate push,A tightly integrated system,,none,"ledger seconds; disassembly timing editorial, independent of ledger"
714,30,00:00:23:23,23.766666666666666,Exhibit_camera / editorial plate push,A tightly integrated system,,none,"ledger seconds; disassembly timing editorial, independent of ledger"
715,30,00:00:23:24,23.8,Exhibit_camera / editorial plate push,A tightly integrated system,,none,"ledger seconds; disassembly timing editorial, independent of ledger"
716,30,00:00:23:25,23.833333333333332,Exhibit_camera / editorial plate push,A tightly integrated system,,none,"ledger seconds; disassembly timing editorial, independent of ledger"
717,30,00:00:23:26,23.866666666666667,Exhibit_camera / editorial plate push,A tightly integrated system,,none,"ledger seconds; disassembly timing editorial, independent of ledger"
718,30,00:00:23:27,23.9,Exhibit_camera / editorial plate push,A tightly integrated system,,none,"ledger seconds; disassembly timing editorial, independent of ledger"
719,30,00:00:23:28,23.933333333333334,Exhibit_camera / editorial plate push,A tightly integrated system,,none,"ledger seconds; disassembly timing editorial, independent of ledger"
720,30,00:00:23:29,23.966666666666665,Exhibit_camera / editorial plate push,A tightly integrated system,,none,"ledger seconds; disassembly timing editorial, independent of ledger"
721,30,00:00:24:00,24.0,Exhibit_camera / editorial plate push,A tightly integrated system,,none,"ledger seconds; disassembly timing editorial, independent of ledger"
722,30,00:00:24:01,24.033333333333335,Exhibit_camera / editorial plate push,A tightly integrated system,,none,"ledger seconds; disassembly timing editorial, independent of ledger"
723,30,00:00:24:02,24.066666666666666,Exhibit_camera / editorial plate push,A tightly integrated system,,none,"ledger seconds; disassembly timing editorial, independent of ledger"
724,30,00:00:24:03,24.1,Exhibit_camera / editorial plate push,A tightly integrated system,,none,"ledger seconds; disassembly timing editorial, independent of ledger"
725,30,00:00:24:04,24.133333333333333,Exhibit_camera / editorial plate push,A tightly integrated system,,none,"ledger seconds; disassembly timing editorial, independent of ledger"
726,30,00:00:24:05,24.166666666666668,Exhibit_camera / editorial plate push,A tightly integrated system,,none,"ledger seconds; disassembly timing editorial, independent of ledger"
727,30,00:00:24:06,24.2,Exhibit_camera / editorial plate push,A tightly integrated system,,none,"ledger seconds; disassembly timing editorial, independent of ledger"
728,30,00:00:24:07,24.233333333333334,Exhibit_camera / editorial plate push,A tightly integrated system,,none,"ledger seconds; disassembly timing editorial, independent of ledger"
729,30,00:00:24:08,24.266666666666666,Exhibit_camera / editorial plate push,A tightly integrated system,,none,"ledger seconds; disassembly timing editorial, independent of ledger"
730,30,00:00:24:09,24.3,Exhibit_camera / editorial plate push,A tightly integrated system,,none,"ledger seconds; disassembly timing editorial, independent of ledger"
731,30,00:00:24:10,24.333333333333332,Exhibit_camera / editorial plate push,A tightly integrated system,,none,"ledger seconds; disassembly timing editorial, independent of ledger"
732,30,00:00:24:11,24.366666666666667,Exhibit_camera / editorial plate push,A tightly integrated system,,none,"ledger seconds; disassembly timing editorial, independent of ledger"
733,30,00:00:24:12,24.4,Exhibit_camera / editorial plate push,A tightly integrated system,,none,"ledger seconds; disassembly timing editorial, independent of ledger"
734,30,00:00:24:13,24.433333333333334,Exhibit_camera / editorial plate push,A tightly integrated system,,none,"ledger seconds; disassembly timing editorial, independent of ledger"
735,30,00:00:24:14,24.466666666666665,Exhibit_camera / editorial plate push,A tightly integrated system,,none,"ledger seconds; disassembly timing editorial, independent of ledger"
736,30,00:00:24:15,24.5,Exhibit_camera / editorial plate push,A tightly integrated system,,none,"ledger seconds; disassembly timing editorial, independent of ledger"
737,30,00:00:24:16,24.533333333333335,Exhibit_camera / editorial plate push,A tightly integrated system,,none,"ledger seconds; disassembly timing editorial, independent of ledger"
738,30,00:00:24:17,24.566666666666666,Exhibit_camera / editorial plate push,A tightly integrated system,,none,"ledger seconds; disassembly timing editorial, independent of ledger"
739,30,00:00:24:18,24.6,Exhibit_camera / editorial plate push,A tightly integrated system,,none,"ledger seconds; disassembly timing editorial, independent of ledger"
740,30,00:00:24:19,24.633333333333333,Exhibit_camera / editorial plate push,A tightly integrated system,,none,"ledger seconds; disassembly timing editorial, independent of ledger"
741,30,00:00:24:20,24.666666666666668,Exhibit_camera / editorial plate push,A tightly integrated system,,none,"ledger seconds; disassembly timing editorial, independent of ledger"
742,30,00:00:24:21,24.7,Exhibit_camera / editorial plate push,A tightly integrated system,,none,"ledger seconds; disassembly timing editorial, independent of ledger"
743,30,00:00:24:22,24.733333333333334,Exhibit_camera / editorial plate push,A tightly integrated system,,none,"ledger seconds; disassembly timing editorial, independent of ledger"
744,30,00:00:24:23,24.766666666666666,Exhibit_camera / editorial plate push,A tightly integrated system,,none,"ledger seconds; disassembly timing editorial, independent of ledger"
745,30,00:00:24:24,24.8,Exhibit_camera / editorial plate push,A tightly integrated system,,none,"ledger seconds; disassembly timing editorial, independent of ledger"
746,30,00:00:24:25,24.833333333333332,Exhibit_camera / editorial plate push,A tightly integrated system,,none,"ledger seconds; disassembly timing editorial, independent of ledger"
747,30,00:00:24:26,24.866666666666667,Exhibit_camera / editorial plate push,A tightly integrated system,,none,"ledger seconds; disassembly timing editorial, independent of ledger"
748,30,00:00:24:27,24.9,Exhibit_camera / editorial plate push,A tightly integrated system,,none,"ledger seconds; disassembly timing editorial, independent of ledger"
749,30,00:00:24:28,24.933333333333334,Exhibit_camera / editorial plate push,A tightly integrated system,,none,"ledger seconds; disassembly timing editorial, independent of ledger"
750,30,00:00:24:29,24.966666666666665,Exhibit_camera / editorial plate push,A tightly integrated system,,none,"ledger seconds; disassembly timing editorial, independent of ledger"
751,30,00:00:25:00,25.0,Exhibit_camera / editorial plate push,A tightly integrated system,,none,"ledger seconds; disassembly timing editorial, independent of ledger"
752,30,00:00:25:01,25.033333333333335,Exhibit_camera / editorial plate push,A tightly integrated system,,none,"ledger seconds; disassembly timing editorial, independent of ledger"
753,30,00:00:25:02,25.066666666666666,Exhibit_camera / editorial plate push,A tightly integrated system,,none,"ledger seconds; disassembly timing editorial, independent of ledger"
754,30,00:00:25:03,25.1,Exhibit_camera / editorial plate push,A tightly integrated system,,none,"ledger seconds; disassembly timing editorial, independent of ledger"
755,30,00:00:25:04,25.133333333333333,Exhibit_camera / editorial plate push,A tightly integrated system,,none,"ledger seconds; disassembly timing editorial, independent of ledger"
756,30,00:00:25:05,25.166666666666668,Exhibit_camera / editorial plate push,A tightly integrated system,,none,"ledger seconds; disassembly timing editorial, independent of ledger"
757,30,00:00:25:06,25.2,Exhibit_camera / editorial plate push,A tightly integrated system,,none,"ledger seconds; disassembly timing editorial, independent of ledger"
758,30,00:00:25:07,25.233333333333334,Exhibit_camera / editorial plate push,A tightly integrated system,,none,"ledger seconds; disassembly timing editorial, independent of ledger"
759,30,00:00:25:08,25.266666666666666,Exhibit_camera / editorial plate push,A tightly integrated system,,none,"ledger seconds; disassembly timing editorial, independent of ledger"
760,30,00:00:25:09,25.3,Exhibit_camera / editorial plate push,A tightly integrated system,,none,"ledger seconds; disassembly timing editorial, independent of ledger"
761,30,00:00:25:10,25.333333333333332,Exhibit_camera / editorial plate push,A tightly integrated system,,none,"ledger seconds; disassembly timing editorial, independent of ledger"
762,30,00:00:25:11,25.366666666666667,Exhibit_camera / editorial plate push,A tightly integrated system,,none,"ledger seconds; disassembly timing editorial, independent of ledger"
763,30,00:00:25:12,25.4,Exhibit_camera / editorial plate push,A tightly integrated system,,none,"ledger seconds; disassembly timing editorial, independent of ledger"
764,30,00:00:25:13,25.433333333333334,Exhibit_camera / editorial plate push,A tightly integrated system,,none,"ledger seconds; disassembly timing editorial, independent of ledger"
765,30,00:00:25:14,25.466666666666665,Exhibit_camera / editorial plate push,A tightly integrated system,,none,"ledger seconds; disassembly timing editorial, independent of ledger"
766,30,00:00:25:15,25.5,Exhibit_camera / editorial plate push,A tightly integrated system,,none,"ledger seconds; disassembly timing editorial, independent of ledger"
767,30,00:00:25:16,25.533333333333335,Exhibit_camera / editorial plate push,A tightly integrated system,,none,"ledger seconds; disassembly timing editorial, independent of ledger"
768,30,00:00:25:17,25.566666666666666,Exhibit_camera / editorial plate push,A tightly integrated system,,none,"ledger seconds; disassembly timing editorial, independent of ledger"
769,30,00:00:25:18,25.6,Exhibit_camera / editorial plate push,A tightly integrated system,,none,"ledger seconds; disassembly timing editorial, independent of ledger"
770,30,00:00:25:19,25.633333333333333,Exhibit_camera / editorial plate push,A tightly integrated system,,none,"ledger seconds; disassembly timing editorial, independent of ledger"
771,30,00:00:25:20,25.666666666666668,Exhibit_camera / editorial plate push,A tightly integrated system,,none,"ledger seconds; disassembly timing editorial, independent of ledger"
772,30,00:00:25:21,25.7,Exhibit_camera / editorial plate push,A tightly integrated system,,none,"ledger seconds; disassembly timing editorial, independent of ledger"
773,30,00:00:25:22,25.733333333333334,Exhibit_camera / editorial plate push,A tightly integrated system,,none,"ledger seconds; disassembly timing editorial, independent of ledger"
774,30,00:00:25:23,25.766666666666666,Exhibit_camera / editorial plate push,A tightly integrated system,,none,"ledger seconds; disassembly timing editorial, independent of ledger"
775,30,00:00:25:24,25.8,Exhibit_camera / editorial plate push,A tightly integrated system,,none,"ledger seconds; disassembly timing editorial, independent of ledger"
776,30,00:00:25:25,25.833333333333332,Exhibit_camera / editorial plate push,A tightly integrated system,,none,"ledger seconds; disassembly timing editorial, independent of ledger"
777,30,00:00:25:26,25.866666666666667,Exhibit_camera / editorial plate push,A tightly integrated system,,none,"ledger seconds; disassembly timing editorial, independent of ledger"
778,30,00:00:25:27,25.9,Exhibit_camera / editorial plate push,A tightly integrated system,,none,"ledger seconds; disassembly timing editorial, independent of ledger"
779,30,00:00:25:28,25.933333333333334,Exhibit_camera / editorial plate push,A tightly integrated system,,none,"ledger seconds; disassembly timing editorial, independent of ledger"
780,30,00:00:25:29,25.966666666666665,Exhibit_camera / editorial plate push,A tightly integrated system,,none,"ledger seconds; disassembly timing editorial, independent of ledger"
781,30,00:00:26:00,26.0,Exhibit_camera / editorial plate push,A tightly integrated system,,none,"ledger seconds; disassembly timing editorial, independent of ledger"
782,30,00:00:26:01,26.033333333333335,Exhibit_camera / editorial plate push,A tightly integrated system,,none,"ledger seconds; disassembly timing editorial, independent of ledger"
783,30,00:00:26:02,26.066666666666666,Exhibit_camera / editorial plate push,A tightly integrated system,,none,"ledger seconds; disassembly timing editorial, independent of ledger"
784,30,00:00:26:03,26.1,Exhibit_camera / editorial plate push,A tightly integrated system,,none,"ledger seconds; disassembly timing editorial, independent of ledger"
785,30,00:00:26:04,26.133333333333333,Exhibit_camera / editorial plate push,A tightly integrated system,,none,"ledger seconds; disassembly timing editorial, independent of ledger"
786,30,00:00:26:05,26.166666666666668,Exhibit_camera / editorial plate push,A tightly integrated system,,none,"ledger seconds; disassembly timing editorial, independent of ledger"
787,30,00:00:26:06,26.2,Exhibit_camera / editorial plate push,A tightly integrated system,,none,"ledger seconds; disassembly timing editorial, independent of ledger"
788,30,00:00:26:07,26.233333333333334,Exhibit_camera / editorial plate push,A tightly integrated system,,none,"ledger seconds; disassembly timing editorial, independent of ledger"
789,30,00:00:26:08,26.266666666666666,Exhibit_camera / editorial plate push,A tightly integrated system,,none,"ledger seconds; disassembly timing editorial, independent of ledger"
790,30,00:00:26:09,26.3,Exhibit_camera / editorial plate push,A tightly integrated system,,none,"ledger seconds; disassembly timing editorial, independent of ledger"
791,30,00:00:26:10,26.333333333333332,Exhibit_camera / editorial plate push,A tightly integrated system,,none,"ledger seconds; disassembly timing editorial, independent of ledger"
792,30,00:00:26:11,26.366666666666667,Exhibit_camera / editorial plate push,A tightly integrated system,,none,"ledger seconds; disassembly timing editorial, independent of ledger"
793,30,00:00:26:12,26.4,Exhibit_camera / editorial plate push,A tightly integrated system,,none,"ledger seconds; disassembly timing editorial, independent of ledger"
794,30,00:00:26:13,26.433333333333334,Exhibit_camera / editorial plate push,A tightly integrated system,,none,"ledger seconds; disassembly timing editorial, independent of ledger"
795,30,00:00:26:14,26.466666666666665,Exhibit_camera / editorial plate push,A tightly integrated system,,none,"ledger seconds; disassembly timing editorial, independent of ledger"
796,30,00:00:26:15,26.5,Exhibit_camera / editorial plate push,A tightly integrated system,,none,"ledger seconds; disassembly timing editorial, independent of ledger"
797,30,00:00:26:16,26.533333333333335,Exhibit_camera / editorial plate push,A tightly integrated system,,none,"ledger seconds; disassembly timing editorial, independent of ledger"
798,30,00:00:26:17,26.566666666666666,Exhibit_camera / editorial plate push,A tightly integrated system,,none,"ledger seconds; disassembly timing editorial, independent of ledger"
799,30,00:00:26:18,26.6,Exhibit_camera / editorial plate push,A tightly integrated system,,none,"ledger seconds; disassembly timing editorial, independent of ledger"
800,30,00:00:26:19,26.633333333333333,Exhibit_camera / editorial plate push,A tightly integrated system,,none,"ledger seconds; disassembly timing editorial, independent of ledger"
801,30,00:00:26:20,26.666666666666668,Exhibit_camera / editorial plate push,A tightly integrated system,,none,"ledger seconds; disassembly timing editorial, independent of ledger"
802,30,00:00:26:21,26.7,Exhibit_camera / editorial plate push,A tightly integrated system,,none,"ledger seconds; disassembly timing editorial, independent of ledger"
803,30,00:00:26:22,26.733333333333334,Exhibit_camera / editorial plate push,A tightly integrated system,,none,"ledger seconds; disassembly timing editorial, independent of ledger"
804,30,00:00:26:23,26.766666666666666,Exhibit_camera / editorial plate push,A tightly integrated system,,none,"ledger seconds; disassembly timing editorial, independent of ledger"
805,30,00:00:26:24,26.8,Exhibit_camera / editorial plate push,A tightly integrated system,,none,"ledger seconds; disassembly timing editorial, independent of ledger"
806,30,00:00:26:25,26.833333333333332,Exhibit_camera / editorial plate push,A tightly integrated system,,none,"ledger seconds; disassembly timing editorial, independent of ledger"
807,30,00:00:26:26,26.866666666666667,Exhibit_camera / editorial plate push,A tightly integrated system,,none,"ledger seconds; disassembly timing editorial, independent of ledger"
808,30,00:00:26:27,26.9,Exhibit_camera / editorial plate push,A tightly integrated system,,none,"ledger seconds; disassembly timing editorial, independent of ledger"
809,30,00:00:26:28,26.933333333333334,Exhibit_camera / editorial plate push,A tightly integrated system,,none,"ledger seconds; disassembly timing editorial, independent of ledger"
810,30,00:00:26:29,26.966666666666665,Exhibit_camera / editorial plate push,A tightly integrated system,,none,"ledger seconds; disassembly timing editorial, independent of ledger"
811,30,00:00:27:00,27.0,Exhibit_camera / editorial plate push,A tightly integrated system,,none,"ledger seconds; disassembly timing editorial, independent of ledger"
812,30,00:00:27:01,27.033333333333335,Exhibit_camera / editorial plate push,A tightly integrated system,,none,"ledger seconds; disassembly timing editorial, independent of ledger"
813,30,00:00:27:02,27.066666666666666,Exhibit_camera / editorial plate push,A tightly integrated system,,none,"ledger seconds; disassembly timing editorial, independent of ledger"
814,30,00:00:27:03,27.1,Exhibit_camera / editorial plate push,A tightly integrated system,,none,"ledger seconds; disassembly timing editorial, independent of ledger"
815,30,00:00:27:04,27.133333333333333,Exhibit_camera / editorial plate push,A tightly integrated system,,none,"ledger seconds; disassembly timing editorial, independent of ledger"
816,30,00:00:27:05,27.166666666666668,Exhibit_camera / editorial plate push,A tightly integrated system,,none,"ledger seconds; disassembly timing editorial, independent of ledger"
817,30,00:00:27:06,27.2,Exhibit_camera / editorial plate push,A tightly integrated system,,none,"ledger seconds; disassembly timing editorial, independent of ledger"
818,30,00:00:27:07,27.233333333333334,Exhibit_camera / editorial plate push,A tightly integrated system,,none,"ledger seconds; disassembly timing editorial, independent of ledger"
819,30,00:00:27:08,27.266666666666666,Exhibit_camera / editorial plate push,A tightly integrated system,,none,"ledger seconds; disassembly timing editorial, independent of ledger"
820,30,00:00:27:09,27.3,Exhibit_camera / editorial plate push,A tightly integrated system,,none,"ledger seconds; disassembly timing editorial, independent of ledger"
821,30,00:00:27:10,27.333333333333332,Exhibit_camera / editorial plate push,A tightly integrated system,,none,"ledger seconds; disassembly timing editorial, independent of ledger"
822,30,00:00:27:11,27.366666666666667,Exhibit_camera / editorial plate push,A tightly integrated system,,none,"ledger seconds; disassembly timing editorial, independent of ledger"
823,30,00:00:27:12,27.4,Exhibit_camera / editorial plate push,A tightly integrated system,,none,"ledger seconds; disassembly timing editorial, independent of ledger"
824,30,00:00:27:13,27.433333333333334,Exhibit_camera / editorial plate push,A tightly integrated system,,none,"ledger seconds; disassembly timing editorial, independent of ledger"
825,30,00:00:27:14,27.466666666666665,Exhibit_camera / editorial plate push,A tightly integrated system,,none,"ledger seconds; disassembly timing editorial, independent of ledger"
826,30,00:00:27:15,27.5,Exhibit_camera / editorial plate push,A tightly integrated system,,none,"ledger seconds; disassembly timing editorial, independent of ledger"
827,30,00:00:27:16,27.533333333333335,Exhibit_camera / editorial plate push,A tightly integrated system,,none,"ledger seconds; disassembly timing editorial, independent of ledger"
828,30,00:00:27:17,27.566666666666666,Exhibit_camera / editorial plate push,A tightly integrated system,,none,"ledger seconds; disassembly timing editorial, independent of ledger"
829,30,00:00:27:18,27.6,Exhibit_camera / editorial plate push,A tightly integrated system,,none,"ledger seconds; disassembly timing editorial, independent of ledger"
830,30,00:00:27:19,27.633333333333333,Exhibit_camera / editorial plate push,A tightly integrated system,,none,"ledger seconds; disassembly timing editorial, independent of ledger"
831,30,00:00:27:20,27.666666666666668,Exhibit_camera / editorial plate push,A tightly integrated system,,none,"ledger seconds; disassembly timing editorial, independent of ledger"
832,30,00:00:27:21,27.7,Exhibit_camera / editorial plate push,A tightly integrated system,,none,"ledger seconds; disassembly timing editorial, independent of ledger"
833,30,00:00:27:22,27.733333333333334,Exhibit_camera / editorial plate push,A tightly integrated system,,none,"ledger seconds; disassembly timing editorial, independent of ledger"
834,30,00:00:27:23,27.766666666666666,Exhibit_camera / editorial plate push,A tightly integrated system,,none,"ledger seconds; disassembly timing editorial, independent of ledger"
835,30,00:00:27:24,27.8,Exhibit_camera / editorial plate push,A tightly integrated system,,none,"ledger seconds; disassembly timing editorial, independent of ledger"
836,30,00:00:27:25,27.833333333333332,Exhibit_camera / editorial plate push,A tightly integrated system,,none,"ledger seconds; disassembly timing editorial, independent of ledger"
837,30,00:00:27:26,27.866666666666667,Exhibit_camera / editorial plate push,A tightly integrated system,,none,"ledger seconds; disassembly timing editorial, independent of ledger"
838,30,00:00:27:27,27.9,Exhibit_camera / editorial plate push,A tightly integrated system,,none,"ledger seconds; disassembly timing editorial, independent of ledger"
839,30,00:00:27:28,27.933333333333334,Exhibit_camera / editorial plate push,A tightly integrated system,,none,"ledger seconds; disassembly timing editorial, independent of ledger"
840,30,00:00:27:29,27.966666666666665,Exhibit_camera / editorial plate push,A tightly integrated system,,none,"ledger seconds; disassembly timing editorial, independent of ledger"
841,30,00:00:28:00,28.0,Exhibit_camera / editorial plate push,A tightly integrated system,,none,"ledger seconds; disassembly timing editorial, independent of ledger"
842,30,00:00:28:01,28.033333333333335,Exhibit_camera / editorial plate push,A tightly integrated system,,none,"ledger seconds; disassembly timing editorial, independent of ledger"
843,30,00:00:28:02,28.066666666666666,Exhibit_camera / editorial plate push,A tightly integrated system,,none,"ledger seconds; disassembly timing editorial, independent of ledger"
844,30,00:00:28:03,28.1,Exhibit_camera / editorial plate push,A tightly integrated system,,none,"ledger seconds; disassembly timing editorial, independent of ledger"
845,30,00:00:28:04,28.133333333333333,Exhibit_camera / editorial plate push,A tightly integrated system,,none,"ledger seconds; disassembly timing editorial, independent of ledger"
846,30,00:00:28:05,28.166666666666668,Exhibit_camera / editorial plate push,A tightly integrated system,,none,"ledger seconds; disassembly timing editorial, independent of ledger"
847,30,00:00:28:06,28.2,Exhibit_camera / editorial plate push,A tightly integrated system,,none,"ledger seconds; disassembly timing editorial, independent of ledger"
848,30,00:00:28:07,28.233333333333334,Exhibit_camera / editorial plate push,A tightly integrated system,,none,"ledger seconds; disassembly timing editorial, independent of ledger"
849,30,00:00:28:08,28.266666666666666,Exhibit_camera / editorial plate push,A tightly integrated system,,none,"ledger seconds; disassembly timing editorial, independent of ledger"
850,30,00:00:28:09,28.3,Exhibit_camera / editorial plate push,A tightly integrated system,,none,"ledger seconds; disassembly timing editorial, independent of ledger"
851,30,00:00:28:10,28.333333333333332,Exhibit_camera / editorial plate push,A tightly integrated system,,none,"ledger seconds; disassembly timing editorial, independent of ledger"
852,30,00:00:28:11,28.366666666666667,Exhibit_camera / editorial plate push,A tightly integrated system,,none,"ledger seconds; disassembly timing editorial, independent of ledger"
853,30,00:00:28:12,28.4,Exhibit_camera / editorial plate push,A tightly integrated system,,none,"ledger seconds; disassembly timing editorial, independent of ledger"
854,30,00:00:28:13,28.433333333333334,Exhibit_camera / editorial plate push,A tightly integrated system,,none,"ledger seconds; disassembly timing editorial, independent of ledger"
855,30,00:00:28:14,28.466666666666665,Exhibit_camera / editorial plate push,A tightly integrated system,,none,"ledger seconds; disassembly timing editorial, independent of ledger"
856,30,00:00:28:15,28.5,Exhibit_camera / editorial plate push,A tightly integrated system,,none,"ledger seconds; disassembly timing editorial, independent of ledger"
857,30,00:00:28:16,28.533333333333335,Exhibit_camera / editorial plate push,A tightly integrated system,,none,"ledger seconds; disassembly timing editorial, independent of ledger"
858,30,00:00:28:17,28.566666666666666,Exhibit_camera / editorial plate push,A tightly integrated system,,none,"ledger seconds; disassembly timing editorial, independent of ledger"
859,30,00:00:28:18,28.6,Exhibit_camera / editorial plate push,A tightly integrated system,,none,"ledger seconds; disassembly timing editorial, independent of ledger"
860,30,00:00:28:19,28.633333333333333,Exhibit_camera / editorial plate push,A tightly integrated system,,none,"ledger seconds; disassembly timing editorial, independent of ledger"
861,30,00:00:28:20,28.666666666666668,Exhibit_camera / editorial plate push,A tightly integrated system,,none,"ledger seconds; disassembly timing editorial, independent of ledger"
862,30,00:00:28:21,28.7,Exhibit_camera / editorial plate push,A tightly integrated system,,none,"ledger seconds; disassembly timing editorial, independent of ledger"
863,30,00:00:28:22,28.733333333333334,Exhibit_camera / editorial plate push,A tightly integrated system,,none,"ledger seconds; disassembly timing editorial, independent of ledger"
864,30,00:00:28:23,28.766666666666666,Exhibit_camera / editorial plate push,A tightly integrated system,,none,"ledger seconds; disassembly timing editorial, independent of ledger"
865,30,00:00:28:24,28.8,Exhibit_camera / editorial plate push,A tightly integrated system,,none,"ledger seconds; disassembly timing editorial, independent of ledger"
866,30,00:00:28:25,28.833333333333332,Exhibit_camera / editorial plate push,A tightly integrated system,,none,"ledger seconds; disassembly timing editorial, independent of ledger"
867,30,00:00:28:26,28.866666666666667,Exhibit_camera / editorial plate push,A tightly integrated system,,none,"ledger seconds; disassembly timing editorial, independent of ledger"
868,30,00:00:28:27,28.9,Exhibit_camera / editorial plate push,A tightly integrated system,,none,"ledger seconds; disassembly timing editorial, independent of ledger"
869,30,00:00:28:28,28.933333333333334,Exhibit_camera / editorial plate push,A tightly integrated system,,none,"ledger seconds; disassembly timing editorial, independent of ledger"
870,30,00:00:28:29,28.966666666666665,Exhibit_camera / editorial plate push,A tightly integrated system,,none,"ledger seconds; disassembly timing editorial, independent of ledger"
871,30,00:00:29:00,29.0,Exhibit_camera / editorial plate push,A tightly integrated system,,none,"ledger seconds; disassembly timing editorial, independent of ledger"
872,30,00:00:29:01,29.033333333333335,Exhibit_camera / editorial plate push,A tightly integrated system,,none,"ledger seconds; disassembly timing editorial, independent of ledger"
873,30,00:00:29:02,29.066666666666666,Exhibit_camera / editorial plate push,A tightly integrated system,,none,"ledger seconds; disassembly timing editorial, independent of ledger"
874,30,00:00:29:03,29.1,Exhibit_camera / editorial plate push,A tightly integrated system,,none,"ledger seconds; disassembly timing editorial, independent of ledger"
875,30,00:00:29:04,29.133333333333333,Exhibit_camera / editorial plate push,A tightly integrated system,,none,"ledger seconds; disassembly timing editorial, independent of ledger"
876,30,00:00:29:05,29.166666666666668,Exhibit_camera / editorial plate push,A tightly integrated system,,none,"ledger seconds; disassembly timing editorial, independent of ledger"
877,30,00:00:29:06,29.2,Exhibit_camera / editorial plate push,A tightly integrated system,,none,"ledger seconds; disassembly timing editorial, independent of ledger"
878,30,00:00:29:07,29.233333333333334,Exhibit_camera / editorial plate push,A tightly integrated system,,none,"ledger seconds; disassembly timing editorial, independent of ledger"
879,30,00:00:29:08,29.266666666666666,Exhibit_camera / editorial plate push,A tightly integrated system,,none,"ledger seconds; disassembly timing editorial, independent of ledger"
880,30,00:00:29:09,29.3,Exhibit_camera / editorial plate push,A tightly integrated system,,none,"ledger seconds; disassembly timing editorial, independent of ledger"
881,30,00:00:29:10,29.333333333333332,Exhibit_camera / editorial plate push,A tightly integrated system,,none,"ledger seconds; disassembly timing editorial, independent of ledger"
882,30,00:00:29:11,29.366666666666667,Exhibit_camera / editorial plate push,A tightly integrated system,,none,"ledger seconds; disassembly timing editorial, independent of ledger"
883,30,00:00:29:12,29.4,Exhibit_camera / editorial plate push,A tightly integrated system,,none,"ledger seconds; disassembly timing editorial, independent of ledger"
884,30,00:00:29:13,29.433333333333334,Exhibit_camera / editorial plate push,A tightly integrated system,,none,"ledger seconds; disassembly timing editorial, independent of ledger"
885,30,00:00:29:14,29.466666666666665,Exhibit_camera / editorial plate push,A tightly integrated system,,none,"ledger seconds; disassembly timing editorial, independent of ledger"
886,30,00:00:29:15,29.5,Exhibit_camera / editorial plate push,A tightly integrated system,,none,"ledger seconds; disassembly timing editorial, independent of ledger"
887,30,00:00:29:16,29.533333333333335,Exhibit_camera / editorial plate push,A tightly integrated system,,none,"ledger seconds; disassembly timing editorial, independent of ledger"
888,30,00:00:29:17,29.566666666666666,Exhibit_camera / editorial plate push,A tightly integrated system,,none,"ledger seconds; disassembly timing editorial, independent of ledger"
889,30,00:00:29:18,29.6,Exhibit_camera / editorial plate push,A tightly integrated system,,none,"ledger seconds; disassembly timing editorial, independent of ledger"
890,30,00:00:29:19,29.633333333333333,Exhibit_camera / editorial plate push,A tightly integrated system,,none,"ledger seconds; disassembly timing editorial, independent of ledger"
891,30,00:00:29:20,29.666666666666668,Exhibit_camera / editorial plate push,A tightly integrated system,,none,"ledger seconds; disassembly timing editorial, independent of ledger"
892,30,00:00:29:21,29.7,Exhibit_camera / editorial plate push,A tightly integrated system,,none,"ledger seconds; disassembly timing editorial, independent of ledger"
893,30,00:00:29:22,29.733333333333334,Exhibit_camera / editorial plate push,A tightly integrated system,,none,"ledger seconds; disassembly timing editorial, independent of ledger"
894,30,00:00:29:23,29.766666666666666,Exhibit_camera / editorial plate push,A tightly integrated system,,none,"ledger seconds; disassembly timing editorial, independent of ledger"
895,30,00:00:29:24,29.8,Exhibit_camera / editorial plate push,A tightly integrated system,,none,"ledger seconds; disassembly timing editorial, independent of ledger"
896,30,00:00:29:25,29.833333333333332,Exhibit_camera / editorial plate push,A tightly integrated system,,none,"ledger seconds; disassembly timing editorial, independent of ledger"
897,30,00:00:29:26,29.866666666666667,Exhibit_camera / editorial plate push,A tightly integrated system,,none,"ledger seconds; disassembly timing editorial, independent of ledger"
898,30,00:00:29:27,29.9,Exhibit_camera / editorial plate push,A tightly integrated system,,none,"ledger seconds; disassembly timing editorial, independent of ledger"
899,30,00:00:29:28,29.933333333333334,Exhibit_camera / editorial plate push,A tightly integrated system,,none,"ledger seconds; disassembly timing editorial, independent of ledger"
900,30,00:00:29:29,29.966666666666665,Exhibit_camera / editorial plate push,A tightly integrated system,,none,"ledger seconds; disassembly timing editorial, independent of ledger"
901,30,00:00:30:00,30.0,Exhibit_camera / editorial plate push,A tightly integrated system,,none,"ledger seconds; disassembly timing editorial, independent of ledger"
902,30,00:00:30:01,30.033333333333335,Exhibit_camera / editorial plate push,A tightly integrated system,,none,"ledger seconds; disassembly timing editorial, independent of ledger"
903,30,00:00:30:02,30.066666666666666,Exhibit_camera / editorial plate push,A tightly integrated system,,none,"ledger seconds; disassembly timing editorial, independent of ledger"
904,30,00:00:30:03,30.1,Exhibit_camera / editorial plate push,A tightly integrated system,,none,"ledger seconds; disassembly timing editorial, independent of ledger"
905,30,00:00:30:04,30.133333333333333,Exhibit_camera / editorial plate push,A tightly integrated system,,none,"ledger seconds; disassembly timing editorial, independent of ledger"
906,30,00:00:30:05,30.166666666666668,Exhibit_camera / editorial plate push,A tightly integrated system,,none,"ledger seconds; disassembly timing editorial, independent of ledger"
907,30,00:00:30:06,30.2,Exhibit_camera / editorial plate push,A tightly integrated system,,none,"ledger seconds; disassembly timing editorial, independent of ledger"
908,30,00:00:30:07,30.233333333333334,Exhibit_camera / editorial plate push,A tightly integrated system,,none,"ledger seconds; disassembly timing editorial, independent of ledger"
909,30,00:00:30:08,30.266666666666666,Exhibit_camera / editorial plate push,A tightly integrated system,,none,"ledger seconds; disassembly timing editorial, independent of ledger"
910,30,00:00:30:09,30.3,Exhibit_camera / editorial plate push,A tightly integrated system,,none,"ledger seconds; disassembly timing editorial, independent of ledger"
911,30,00:00:30:10,30.333333333333332,Exhibit_camera / editorial plate push,A tightly integrated system,,none,"ledger seconds; disassembly timing editorial, independent of ledger"
912,30,00:00:30:11,30.366666666666667,Exhibit_camera / editorial plate push,A tightly integrated system,,none,"ledger seconds; disassembly timing editorial, independent of ledger"
913,30,00:00:30:12,30.4,Exhibit_camera / editorial plate push,A tightly integrated system,,none,"ledger seconds; disassembly timing editorial, independent of ledger"
914,30,00:00:30:13,30.433333333333334,Exhibit_camera / editorial plate push,A tightly integrated system,,none,"ledger seconds; disassembly timing editorial, independent of ledger"
915,30,00:00:30:14,30.466666666666665,Exhibit_camera / editorial plate push,A tightly integrated system,,none,"ledger seconds; disassembly timing editorial, independent of ledger"
916,30,00:00:30:15,30.5,Exhibit_camera / editorial plate push,A tightly integrated system,,none,"ledger seconds; disassembly timing editorial, independent of ledger"
917,30,00:00:30:16,30.533333333333335,Exhibit_camera / editorial plate push,A tightly integrated system,,none,"ledger seconds; disassembly timing editorial, independent of ledger"
918,30,00:00:30:17,30.566666666666666,Exhibit_camera / editorial plate push,A tightly integrated system,,none,"ledger seconds; disassembly timing editorial, independent of ledger"
919,30,00:00:30:18,30.6,Exhibit_camera / editorial plate push,A tightly integrated system,,none,"ledger seconds; disassembly timing editorial, independent of ledger"
920,30,00:00:30:19,30.633333333333333,Exhibit_camera / editorial plate push,A tightly integrated system,,none,"ledger seconds; disassembly timing editorial, independent of ledger"
921,30,00:00:30:20,30.666666666666668,Exhibit_camera / editorial plate push,A tightly integrated system,,none,"ledger seconds; disassembly timing editorial, independent of ledger"
922,30,00:00:30:21,30.7,Exhibit_camera / editorial plate push,A tightly integrated system,,none,"ledger seconds; disassembly timing editorial, independent of ledger"
923,30,00:00:30:22,30.733333333333334,Exhibit_camera / editorial plate push,A tightly integrated system,,none,"ledger seconds; disassembly timing editorial, independent of ledger"
924,30,00:00:30:23,30.766666666666666,Exhibit_camera / editorial plate push,A tightly integrated system,,none,"ledger seconds; disassembly timing editorial, independent of ledger"
925,30,00:00:30:24,30.8,Exhibit_camera / editorial plate push,A tightly integrated system,,none,"ledger seconds; disassembly timing editorial, independent of ledger"
926,30,00:00:30:25,30.833333333333332,Exhibit_camera / editorial plate push,A tightly integrated system,,none,"ledger seconds; disassembly timing editorial, independent of ledger"
927,30,00:00:30:26,30.866666666666667,Exhibit_camera / editorial plate push,A tightly integrated system,,none,"ledger seconds; disassembly timing editorial, independent of ledger"
928,30,00:00:30:27,30.9,Exhibit_camera / editorial plate push,A tightly integrated system,,none,"ledger seconds; disassembly timing editorial, independent of ledger"
929,30,00:00:30:28,30.933333333333334,Exhibit_camera / editorial plate push,A tightly integrated system,,none,"ledger seconds; disassembly timing editorial, independent of ledger"
930,30,00:00:30:29,30.966666666666665,Exhibit_camera / editorial plate push,A tightly integrated system,,none,"ledger seconds; disassembly timing editorial, independent of ledger"
931,30,00:00:31:00,31.0,Exhibit_camera / editorial plate push,A tightly integrated system,,none,"ledger seconds; disassembly timing editorial, independent of ledger"
932,30,00:00:31:01,31.033333333333335,Exhibit_camera / editorial plate push,A tightly integrated system,,none,"ledger seconds; disassembly timing editorial, independent of ledger"
933,30,00:00:31:02,31.066666666666666,Exhibit_camera / editorial plate push,A tightly integrated system,,none,"ledger seconds; disassembly timing editorial, independent of ledger"
934,30,00:00:31:03,31.1,Exhibit_camera / editorial plate push,A tightly integrated system,,none,"ledger seconds; disassembly timing editorial, independent of ledger"
935,30,00:00:31:04,31.133333333333333,Exhibit_camera / editorial plate push,A tightly integrated system,,none,"ledger seconds; disassembly timing editorial, independent of ledger"
936,30,00:00:31:05,31.166666666666668,Exhibit_camera / editorial plate push,A tightly integrated system,,none,"ledger seconds; disassembly timing editorial, independent of ledger"
937,30,00:00:31:06,31.2,Exhibit_camera / editorial plate push,A tightly integrated system,,none,"ledger seconds; disassembly timing editorial, independent of ledger"
938,30,00:00:31:07,31.233333333333334,Exhibit_camera / editorial plate push,A tightly integrated system,,none,"ledger seconds; disassembly timing editorial, independent of ledger"
939,30,00:00:31:08,31.266666666666666,Exhibit_camera / editorial plate push,A tightly integrated system,,none,"ledger seconds; disassembly timing editorial, independent of ledger"
940,30,00:00:31:09,31.3,Exhibit_camera / editorial plate push,A tightly integrated system,,none,"ledger seconds; disassembly timing editorial, independent of ledger"
941,30,00:00:31:10,31.333333333333332,Exhibit_camera / editorial plate push,A tightly integrated system,,none,"ledger seconds; disassembly timing editorial, independent of ledger"
942,30,00:00:31:11,31.366666666666667,Exhibit_camera / editorial plate push,A tightly integrated system,,none,"ledger seconds; disassembly timing editorial, independent of ledger"
943,30,00:00:31:12,31.4,Exhibit_camera / editorial plate push,A tightly integrated system,,none,"ledger seconds; disassembly timing editorial, independent of ledger"
944,30,00:00:31:13,31.433333333333334,Exhibit_camera / editorial plate push,A tightly integrated system,,none,"ledger seconds; disassembly timing editorial, independent of ledger"
945,30,00:00:31:14,31.466666666666665,Exhibit_camera / editorial plate push,A tightly integrated system,,none,"ledger seconds; disassembly timing editorial, independent of ledger"
946,30,00:00:31:15,31.5,Exhibit_camera / editorial plate push,A tightly integrated system,,none,"ledger seconds; disassembly timing editorial, independent of ledger"
947,30,00:00:31:16,31.533333333333335,Exhibit_camera / editorial plate push,A tightly integrated system,,none,"ledger seconds; disassembly timing editorial, independent of ledger"
948,30,00:00:31:17,31.566666666666666,Exhibit_camera / editorial plate push,A tightly integrated system,,none,"ledger seconds; disassembly timing editorial, independent of ledger"
949,30,00:00:31:18,31.6,Exhibit_camera / editorial plate push,A tightly integrated system,,none,"ledger seconds; disassembly timing editorial, independent of ledger"
950,30,00:00:31:19,31.633333333333333,Exhibit_camera / editorial plate push,A tightly integrated system,,none,"ledger seconds; disassembly timing editorial, independent of ledger"
951,30,00:00:31:20,31.666666666666668,Exhibit_camera / editorial plate push,A tightly integrated system,,none,"ledger seconds; disassembly timing editorial, independent of ledger"
952,30,00:00:31:21,31.7,Exhibit_camera / editorial plate push,A tightly integrated system,,none,"ledger seconds; disassembly timing editorial, independent of ledger"
953,30,00:00:31:22,31.733333333333334,Exhibit_camera / editorial plate push,A tightly integrated system,,none,"ledger seconds; disassembly timing editorial, independent of ledger"
954,30,00:00:31:23,31.766666666666666,Exhibit_camera / editorial plate push,A tightly integrated system,,none,"ledger seconds; disassembly timing editorial, independent of ledger"
955,30,00:00:31:24,31.8,Exhibit_camera / editorial plate push,A tightly integrated system,,none,"ledger seconds; disassembly timing editorial, independent of ledger"
956,30,00:00:31:25,31.833333333333332,Exhibit_camera / editorial plate push,A tightly integrated system,,none,"ledger seconds; disassembly timing editorial, independent of ledger"
957,30,00:00:31:26,31.866666666666667,Exhibit_camera / editorial plate push,A tightly integrated system,,none,"ledger seconds; disassembly timing editorial, independent of ledger"
958,30,00:00:31:27,31.9,Exhibit_camera / editorial plate push,A tightly integrated system,,none,"ledger seconds; disassembly timing editorial, independent of ledger"
959,30,00:00:31:28,31.933333333333334,Exhibit_camera / editorial plate push,A tightly integrated system,,none,"ledger seconds; disassembly timing editorial, independent of ledger"
960,30,00:00:31:29,31.966666666666665,Exhibit_camera / editorial plate push,A tightly integrated system,,none,"ledger seconds; disassembly timing editorial, independent of ledger"
961,30,00:00:32:00,32.0,Exhibit_camera / editorial plate push,A tightly integrated system,,none,"ledger seconds; disassembly timing editorial, independent of ledger"
962,30,00:00:32:01,32.03333333333333,Exhibit_camera / editorial plate push,A tightly integrated system,,none,"ledger seconds; disassembly timing editorial, independent of ledger"
963,30,00:00:32:02,32.06666666666667,Exhibit_camera / editorial plate push,A tightly integrated system,,none,"ledger seconds; disassembly timing editorial, independent of ledger"
964,30,00:00:32:03,32.1,Exhibit_camera / editorial plate push,A tightly integrated system,,none,"ledger seconds; disassembly timing editorial, independent of ledger"
965,30,00:00:32:04,32.13333333333333,Exhibit_camera / editorial plate push,A tightly integrated system,,none,"ledger seconds; disassembly timing editorial, independent of ledger"
966,30,00:00:32:05,32.166666666666664,Exhibit_camera / editorial plate push,A tightly integrated system,,none,"ledger seconds; disassembly timing editorial, independent of ledger"
967,30,00:00:32:06,32.2,Exhibit_camera / editorial plate push,A tightly integrated system,,none,"ledger seconds; disassembly timing editorial, independent of ledger"
968,30,00:00:32:07,32.233333333333334,Exhibit_camera / editorial plate push,A tightly integrated system,,none,"ledger seconds; disassembly timing editorial, independent of ledger"
969,30,00:00:32:08,32.266666666666666,Exhibit_camera / editorial plate push,A tightly integrated system,,none,"ledger seconds; disassembly timing editorial, independent of ledger"
970,30,00:00:32:09,32.3,Exhibit_camera / editorial plate push,A tightly integrated system,,none,"ledger seconds; disassembly timing editorial, independent of ledger"
971,30,00:00:32:10,32.333333333333336,Exhibit_camera / editorial plate push,A tightly integrated system,,none,"ledger seconds; disassembly timing editorial, independent of ledger"
972,30,00:00:32:11,32.36666666666667,Exhibit_camera / editorial plate push,A tightly integrated system,,none,"ledger seconds; disassembly timing editorial, independent of ledger"
973,30,00:00:32:12,32.4,Exhibit_camera / editorial plate push,A tightly integrated system,,none,"ledger seconds; disassembly timing editorial, independent of ledger"
974,30,00:00:32:13,32.43333333333333,Exhibit_camera / editorial plate push,A tightly integrated system,,none,"ledger seconds; disassembly timing editorial, independent of ledger"
975,30,00:00:32:14,32.46666666666667,Exhibit_camera / editorial plate push,A tightly integrated system,,none,"ledger seconds; disassembly timing editorial, independent of ledger"
976,30,00:00:32:15,32.5,Exhibit_camera / editorial plate push,A tightly integrated system,,none,"ledger seconds; disassembly timing editorial, independent of ledger"
977,30,00:00:32:16,32.53333333333333,Exhibit_camera / editorial plate push,A tightly integrated system,,none,"ledger seconds; disassembly timing editorial, independent of ledger"
978,30,00:00:32:17,32.56666666666667,Exhibit_camera / editorial plate push,A tightly integrated system,,none,"ledger seconds; disassembly timing editorial, independent of ledger"
979,30,00:00:32:18,32.6,Exhibit_camera / editorial plate push,A tightly integrated system,,none,"ledger seconds; disassembly timing editorial, independent of ledger"
980,30,00:00:32:19,32.63333333333333,Exhibit_camera / editorial plate push,A tightly integrated system,,none,"ledger seconds; disassembly timing editorial, independent of ledger"
981,30,00:00:32:20,32.666666666666664,Exhibit_camera / editorial plate push,A tightly integrated system,,none,"ledger seconds; disassembly timing editorial, independent of ledger"
982,30,00:00:32:21,32.7,Exhibit_camera / editorial plate push,A tightly integrated system,,none,"ledger seconds; disassembly timing editorial, independent of ledger"
983,30,00:00:32:22,32.733333333333334,Exhibit_camera / editorial plate push,A tightly integrated system,,none,"ledger seconds; disassembly timing editorial, independent of ledger"
984,30,00:00:32:23,32.766666666666666,Exhibit_camera / editorial plate push,A tightly integrated system,,none,"ledger seconds; disassembly timing editorial, independent of ledger"
985,30,00:00:32:24,32.8,Exhibit_camera / editorial plate push,A tightly integrated system,,none,"ledger seconds; disassembly timing editorial, independent of ledger"
986,30,00:00:32:25,32.833333333333336,Exhibit_camera / editorial plate push,A tightly integrated system,,none,"ledger seconds; disassembly timing editorial, independent of ledger"
987,30,00:00:32:26,32.86666666666667,Exhibit_camera / editorial plate push,A tightly integrated system,,none,"ledger seconds; disassembly timing editorial, independent of ledger"
988,30,00:00:32:27,32.9,Exhibit_camera / editorial plate push,A tightly integrated system,,none,"ledger seconds; disassembly timing editorial, independent of ledger"
989,30,00:00:32:28,32.93333333333333,Exhibit_camera / editorial plate push,A tightly integrated system,,none,"ledger seconds; disassembly timing editorial, independent of ledger"
990,30,00:00:32:29,32.96666666666667,Exhibit_camera / editorial plate push,A tightly integrated system,,none,"ledger seconds; disassembly timing editorial, independent of ledger"
991,30,00:00:33:00,33.0,Exhibit_camera / editorial plate push,A tightly integrated system,,none,"ledger seconds; disassembly timing editorial, independent of ledger"
992,30,00:00:33:01,33.03333333333333,Exhibit_camera / editorial plate push,A tightly integrated system,,none,"ledger seconds; disassembly timing editorial, independent of ledger"
993,30,00:00:33:02,33.06666666666667,Exhibit_camera / editorial plate push,A tightly integrated system,,none,"ledger seconds; disassembly timing editorial, independent of ledger"
994,30,00:00:33:03,33.1,Exhibit_camera / editorial plate push,A tightly integrated system,,none,"ledger seconds; disassembly timing editorial, independent of ledger"
995,30,00:00:33:04,33.13333333333333,Exhibit_camera / editorial plate push,A tightly integrated system,,none,"ledger seconds; disassembly timing editorial, independent of ledger"
996,30,00:00:33:05,33.166666666666664,Exhibit_camera / editorial plate push,A tightly integrated system,,none,"ledger seconds; disassembly timing editorial, independent of ledger"
997,30,00:00:33:06,33.2,Exhibit_camera / editorial plate push,A tightly integrated system,,none,"ledger seconds; disassembly timing editorial, independent of ledger"
998,30,00:00:33:07,33.233333333333334,Exhibit_camera / editorial plate push,A tightly integrated system,,none,"ledger seconds; disassembly timing editorial, independent of ledger"
999,30,00:00:33:08,33.266666666666666,Exhibit_camera / editorial plate push,A tightly integrated system,,none,"ledger seconds; disassembly timing editorial, independent of ledger"
1000,30,00:00:33:09,33.3,Exhibit_camera / editorial plate push,A tightly integrated system,,none,"ledger seconds; disassembly timing editorial, independent of ledger"
1001,30,00:00:33:10,33.333333333333336,Exhibit_camera / editorial plate push,A tightly integrated system,,none,"ledger seconds; disassembly timing editorial, independent of ledger"
1002,30,00:00:33:11,33.36666666666667,Exhibit_camera / editorial plate push,A tightly integrated system,,none,"ledger seconds; disassembly timing editorial, independent of ledger"
1003,30,00:00:33:12,33.4,Exhibit_camera / editorial plate push,A tightly integrated system,,none,"ledger seconds; disassembly timing editorial, independent of ledger"
1004,30,00:00:33:13,33.43333333333333,Exhibit_camera / editorial plate push,A tightly integrated system,,none,"ledger seconds; disassembly timing editorial, independent of ledger"
1005,30,00:00:33:14,33.46666666666667,Exhibit_camera / editorial plate push,A tightly integrated system,,none,"ledger seconds; disassembly timing editorial, independent of ledger"
1006,30,00:00:33:15,33.5,Exhibit_camera / editorial plate push,A tightly integrated system,,none,"ledger seconds; disassembly timing editorial, independent of ledger"
1007,30,00:00:33:16,33.53333333333333,Exhibit_camera / editorial plate push,A tightly integrated system,,none,"ledger seconds; disassembly timing editorial, independent of ledger"
1008,30,00:00:33:17,33.56666666666667,Exhibit_camera / editorial plate push,A tightly integrated system,,none,"ledger seconds; disassembly timing editorial, independent of ledger"
1009,30,00:00:33:18,33.6,Exhibit_camera / editorial plate push,A tightly integrated system,,none,"ledger seconds; disassembly timing editorial, independent of ledger"
1010,30,00:00:33:19,33.63333333333333,Exhibit_camera / editorial plate push,A tightly integrated system,,none,"ledger seconds; disassembly timing editorial, independent of ledger"
1011,30,00:00:33:20,33.666666666666664,Exhibit_camera / editorial plate push,A tightly integrated system,,none,"ledger seconds; disassembly timing editorial, independent of ledger"
1012,30,00:00:33:21,33.7,Exhibit_camera / editorial plate push,A tightly integrated system,,none,"ledger seconds; disassembly timing editorial, independent of ledger"
1013,30,00:00:33:22,33.733333333333334,Exhibit_camera / editorial plate push,A tightly integrated system,,none,"ledger seconds; disassembly timing editorial, independent of ledger"
1014,30,00:00:33:23,33.766666666666666,Exhibit_camera / editorial plate push,A tightly integrated system,,none,"ledger seconds; disassembly timing editorial, independent of ledger"
1015,30,00:00:33:24,33.8,Exhibit_camera / editorial plate push,A tightly integrated system,,none,"ledger seconds; disassembly timing editorial, independent of ledger"
1016,30,00:00:33:25,33.833333333333336,Exhibit_camera / editorial plate push,A tightly integrated system,,none,"ledger seconds; disassembly timing editorial, independent of ledger"
1017,30,00:00:33:26,33.86666666666667,Exhibit_camera / editorial plate push,A tightly integrated system,,none,"ledger seconds; disassembly timing editorial, independent of ledger"
1018,30,00:00:33:27,33.9,Exhibit_camera / editorial plate push,A tightly integrated system,,none,"ledger seconds; disassembly timing editorial, independent of ledger"
1019,30,00:00:33:28,33.93333333333333,Exhibit_camera / editorial plate push,A tightly integrated system,,none,"ledger seconds; disassembly timing editorial, independent of ledger"
1020,30,00:00:33:29,33.96666666666667,Exhibit_camera / editorial plate push,A tightly integrated system,,none,"ledger seconds; disassembly timing editorial, independent of ledger"
1021,30,00:00:34:00,34.0,Exhibit_camera / editorial plate push,A tightly integrated system,,none,"ledger seconds; disassembly timing editorial, independent of ledger"
1022,30,00:00:34:01,34.03333333333333,Exhibit_camera / editorial plate push,A tightly integrated system,,none,"ledger seconds; disassembly timing editorial, independent of ledger"
1023,30,00:00:34:02,34.06666666666667,Exhibit_camera / editorial plate push,A tightly integrated system,,none,"ledger seconds; disassembly timing editorial, independent of ledger"
1024,30,00:00:34:03,34.1,Exhibit_camera / editorial plate push,A tightly integrated system,,none,"ledger seconds; disassembly timing editorial, independent of ledger"
1025,30,00:00:34:04,34.13333333333333,Exhibit_camera / editorial plate push,A tightly integrated system,,none,"ledger seconds; disassembly timing editorial, independent of ledger"
1026,30,00:00:34:05,34.166666666666664,Exhibit_camera / editorial plate push,A tightly integrated system,,none,"ledger seconds; disassembly timing editorial, independent of ledger"
1027,30,00:00:34:06,34.2,Exhibit_camera / editorial plate push,A tightly integrated system,,none,"ledger seconds; disassembly timing editorial, independent of ledger"
1028,30,00:00:34:07,34.233333333333334,Exhibit_camera / editorial plate push,A tightly integrated system,,none,"ledger seconds; disassembly timing editorial, independent of ledger"
1029,30,00:00:34:08,34.266666666666666,Exhibit_camera / editorial plate push,A tightly integrated system,,none,"ledger seconds; disassembly timing editorial, independent of ledger"
1030,30,00:00:34:09,34.3,Exhibit_camera / editorial plate push,A tightly integrated system,,none,"ledger seconds; disassembly timing editorial, independent of ledger"
1031,30,00:00:34:10,34.333333333333336,Exhibit_camera / editorial plate push,A tightly integrated system,,none,"ledger seconds; disassembly timing editorial, independent of ledger"
1032,30,00:00:34:11,34.36666666666667,Exhibit_camera / editorial plate push,A tightly integrated system,,none,"ledger seconds; disassembly timing editorial, independent of ledger"
1033,30,00:00:34:12,34.4,Exhibit_camera / editorial plate push,A tightly integrated system,,none,"ledger seconds; disassembly timing editorial, independent of ledger"
1034,30,00:00:34:13,34.43333333333333,Exhibit_camera / editorial plate push,A tightly integrated system,,none,"ledger seconds; disassembly timing editorial, independent of ledger"
1035,30,00:00:34:14,34.46666666666667,Exhibit_camera / editorial plate push,A tightly integrated system,,none,"ledger seconds; disassembly timing editorial, independent of ledger"
1036,30,00:00:34:15,34.5,Exhibit_camera / editorial plate push,A tightly integrated system,,none,"ledger seconds; disassembly timing editorial, independent of ledger"
1037,30,00:00:34:16,34.53333333333333,Exhibit_camera / editorial plate push,A tightly integrated system,,none,"ledger seconds; disassembly timing editorial, independent of ledger"
1038,30,00:00:34:17,34.56666666666667,Exhibit_camera / editorial plate push,A tightly integrated system,,none,"ledger seconds; disassembly timing editorial, independent of ledger"
1039,30,00:00:34:18,34.6,Exhibit_camera / editorial plate push,A tightly integrated system,,none,"ledger seconds; disassembly timing editorial, independent of ledger"
1040,30,00:00:34:19,34.63333333333333,Exhibit_camera / editorial plate push,A tightly integrated system,,none,"ledger seconds; disassembly timing editorial, independent of ledger"
1041,30,00:00:34:20,34.666666666666664,Exhibit_camera / editorial plate push,A tightly integrated system,,none,"ledger seconds; disassembly timing editorial, independent of ledger"
1042,30,00:00:34:21,34.7,Exhibit_camera / editorial plate push,A tightly integrated system,,none,"ledger seconds; disassembly timing editorial, independent of ledger"
1043,30,00:00:34:22,34.733333333333334,Exhibit_camera / editorial plate push,A tightly integrated system,,none,"ledger seconds; disassembly timing editorial, independent of ledger"
1044,30,00:00:34:23,34.766666666666666,Exhibit_camera / editorial plate push,A tightly integrated system,,none,"ledger seconds; disassembly timing editorial, independent of ledger"
1045,30,00:00:34:24,34.8,Exhibit_camera / editorial plate push,A tightly integrated system,,none,"ledger seconds; disassembly timing editorial, independent of ledger"
1046,30,00:00:34:25,34.833333333333336,Exhibit_camera / editorial plate push,A tightly integrated system,,none,"ledger seconds; disassembly timing editorial, independent of ledger"
1047,30,00:00:34:26,34.86666666666667,Exhibit_camera / editorial plate push,A tightly integrated system,,none,"ledger seconds; disassembly timing editorial, independent of ledger"
1048,30,00:00:34:27,34.9,Exhibit_camera / editorial plate push,A tightly integrated system,,none,"ledger seconds; disassembly timing editorial, independent of ledger"
1049,30,00:00:34:28,34.93333333333333,Exhibit_camera / editorial plate push,A tightly integrated system,,none,"ledger seconds; disassembly timing editorial, independent of ledger"
1050,30,00:00:34:29,34.96666666666667,Exhibit_camera / editorial plate push,A tightly integrated system,,none,"ledger seconds; disassembly timing editorial, independent of ledger"
1051,30,00:00:35:00,35.0,Exhibit_camera / editorial plate push,A tightly integrated system,,none,"ledger seconds; disassembly timing editorial, independent of ledger"
1052,30,00:00:35:01,35.03333333333333,Exhibit_camera / editorial plate push,A tightly integrated system,,none,"ledger seconds; disassembly timing editorial, independent of ledger"
1053,30,00:00:35:02,35.06666666666667,Exhibit_camera / editorial plate push,A tightly integrated system,,none,"ledger seconds; disassembly timing editorial, independent of ledger"
1054,30,00:00:35:03,35.1,Exhibit_camera / editorial plate push,A tightly integrated system,,none,"ledger seconds; disassembly timing editorial, independent of ledger"
1055,30,00:00:35:04,35.13333333333333,Exhibit_camera / editorial plate push,A tightly integrated system,,none,"ledger seconds; disassembly timing editorial, independent of ledger"
1056,30,00:00:35:05,35.166666666666664,Exhibit_camera / editorial plate push,A tightly integrated system,,none,"ledger seconds; disassembly timing editorial, independent of ledger"
1057,30,00:00:35:06,35.2,Exhibit_camera / editorial plate push,A tightly integrated system,,none,"ledger seconds; disassembly timing editorial, independent of ledger"
1058,30,00:00:35:07,35.233333333333334,Exhibit_camera / editorial plate push,A tightly integrated system,,none,"ledger seconds; disassembly timing editorial, independent of ledger"
1059,30,00:00:35:08,35.266666666666666,Exhibit_camera / editorial plate push,A tightly integrated system,,none,"ledger seconds; disassembly timing editorial, independent of ledger"
1060,30,00:00:35:09,35.3,Exhibit_camera / editorial plate push,A tightly integrated system,,none,"ledger seconds; disassembly timing editorial, independent of ledger"
1061,30,00:00:35:10,35.333333333333336,Exhibit_camera / editorial plate push,A tightly integrated system,,none,"ledger seconds; disassembly timing editorial, independent of ledger"
1062,30,00:00:35:11,35.36666666666667,Exhibit_camera / editorial plate push,A tightly integrated system,,none,"ledger seconds; disassembly timing editorial, independent of ledger"
1063,30,00:00:35:12,35.4,Exhibit_camera / editorial plate push,A tightly integrated system,,none,"ledger seconds; disassembly timing editorial, independent of ledger"
1064,30,00:00:35:13,35.43333333333333,Exhibit_camera / editorial plate push,A tightly integrated system,,none,"ledger seconds; disassembly timing editorial, independent of ledger"
1065,30,00:00:35:14,35.46666666666667,Exhibit_camera / editorial plate push,A tightly integrated system,,none,"ledger seconds; disassembly timing editorial, independent of ledger"
1066,30,00:00:35:15,35.5,Exhibit_camera / editorial plate push,A tightly integrated system,,none,"ledger seconds; disassembly timing editorial, independent of ledger"
1067,30,00:00:35:16,35.53333333333333,Exhibit_camera / editorial plate push,A tightly integrated system,,none,"ledger seconds; disassembly timing editorial, independent of ledger"
1068,30,00:00:35:17,35.56666666666667,Exhibit_camera / editorial plate push,A tightly integrated system,,none,"ledger seconds; disassembly timing editorial, independent of ledger"
1069,30,00:00:35:18,35.6,Exhibit_camera / editorial plate push,A tightly integrated system,,none,"ledger seconds; disassembly timing editorial, independent of ledger"
1070,30,00:00:35:19,35.63333333333333,Exhibit_camera / editorial plate push,A tightly integrated system,,none,"ledger seconds; disassembly timing editorial, independent of ledger"
1071,30,00:00:35:20,35.666666666666664,Exhibit_camera / editorial plate push,A tightly integrated system,,none,"ledger seconds; disassembly timing editorial, independent of ledger"
1072,30,00:00:35:21,35.7,Exhibit_camera / editorial plate push,A tightly integrated system,,none,"ledger seconds; disassembly timing editorial, independent of ledger"
1073,30,00:00:35:22,35.733333333333334,Exhibit_camera / editorial plate push,A tightly integrated system,,none,"ledger seconds; disassembly timing editorial, independent of ledger"
1074,30,00:00:35:23,35.766666666666666,Exhibit_camera / editorial plate push,A tightly integrated system,,none,"ledger seconds; disassembly timing editorial, independent of ledger"
1075,30,00:00:35:24,35.8,Exhibit_camera / editorial plate push,A tightly integrated system,,none,"ledger seconds; disassembly timing editorial, independent of ledger"
1076,30,00:00:35:25,35.833333333333336,Exhibit_camera / editorial plate push,A tightly integrated system,,none,"ledger seconds; disassembly timing editorial, independent of ledger"
1077,30,00:00:35:26,35.86666666666667,Exhibit_camera / editorial plate push,A tightly integrated system,,none,"ledger seconds; disassembly timing editorial, independent of ledger"
1078,30,00:00:35:27,35.9,Exhibit_camera / editorial plate push,A tightly integrated system,,none,"ledger seconds; disassembly timing editorial, independent of ledger"
1079,30,00:00:35:28,35.93333333333333,Exhibit_camera / editorial plate push,A tightly integrated system,,none,"ledger seconds; disassembly timing editorial, independent of ledger"
1080,30,00:00:35:29,35.96666666666667,Exhibit_camera / editorial plate push,A tightly integrated system,,none,"ledger seconds; disassembly timing editorial, independent of ledger"
1081,30,00:00:36:00,36.0,Exhibit_camera / editorial plate push,A tightly integrated system,,none,"ledger seconds; disassembly timing editorial, independent of ledger"
1082,30,00:00:36:01,36.03333333333333,Exhibit_camera / editorial plate push,A tightly integrated system,,none,"ledger seconds; disassembly timing editorial, independent of ledger"
1083,30,00:00:36:02,36.06666666666667,Exhibit_camera / editorial plate push,A tightly integrated system,,none,"ledger seconds; disassembly timing editorial, independent of ledger"
1084,30,00:00:36:03,36.1,Exhibit_camera / editorial plate push,A tightly integrated system,,none,"ledger seconds; disassembly timing editorial, independent of ledger"
1085,30,00:00:36:04,36.13333333333333,Exhibit_camera / editorial plate push,A tightly integrated system,,none,"ledger seconds; disassembly timing editorial, independent of ledger"
1086,30,00:00:36:05,36.166666666666664,Exhibit_camera / editorial plate push,A tightly integrated system,,none,"ledger seconds; disassembly timing editorial, independent of ledger"
1087,30,00:00:36:06,36.2,Exhibit_camera / editorial plate push,A tightly integrated system,,none,"ledger seconds; disassembly timing editorial, independent of ledger"
1088,30,00:00:36:07,36.233333333333334,Exhibit_camera / editorial plate push,A tightly integrated system,,none,"ledger seconds; disassembly timing editorial, independent of ledger"
1089,30,00:00:36:08,36.266666666666666,Exhibit_camera / editorial plate push,A tightly integrated system,,none,"ledger seconds; disassembly timing editorial, independent of ledger"
1090,30,00:00:36:09,36.3,Exhibit_camera / editorial plate push,A tightly integrated system,,none,"ledger seconds; disassembly timing editorial, independent of ledger"
1091,30,00:00:36:10,36.333333333333336,Exhibit_camera / editorial plate push,A tightly integrated system,,none,"ledger seconds; disassembly timing editorial, independent of ledger"
1092,30,00:00:36:11,36.36666666666667,Exhibit_camera / editorial plate push,A tightly integrated system,,none,"ledger seconds; disassembly timing editorial, independent of ledger"
1093,30,00:00:36:12,36.4,Exhibit_camera / editorial plate push,A tightly integrated system,,none,"ledger seconds; disassembly timing editorial, independent of ledger"
1094,30,00:00:36:13,36.43333333333333,Exhibit_camera / editorial plate push,A tightly integrated system,,none,"ledger seconds; disassembly timing editorial, independent of ledger"
1095,30,00:00:36:14,36.46666666666667,Exhibit_camera / editorial plate push,A tightly integrated system,,none,"ledger seconds; disassembly timing editorial, independent of ledger"
1096,30,00:00:36:15,36.5,Exhibit_camera / editorial plate push,A tightly integrated system,,none,"ledger seconds; disassembly timing editorial, independent of ledger"
1097,30,00:00:36:16,36.53333333333333,Exhibit_camera / editorial plate push,A tightly integrated system,,none,"ledger seconds; disassembly timing editorial, independent of ledger"
1098,30,00:00:36:17,36.56666666666667,Exhibit_camera / editorial plate push,A tightly integrated system,,none,"ledger seconds; disassembly timing editorial, independent of ledger"
1099,30,00:00:36:18,36.6,Exhibit_camera / editorial plate push,A tightly integrated system,,none,"ledger seconds; disassembly timing editorial, independent of ledger"
1100,30,00:00:36:19,36.63333333333333,Exhibit_camera / editorial plate push,A tightly integrated system,,none,"ledger seconds; disassembly timing editorial, independent of ledger"
1101,30,00:00:36:20,36.666666666666664,Exhibit_camera / editorial plate push,A tightly integrated system,,none,"ledger seconds; disassembly timing editorial, independent of ledger"
1102,30,00:00:36:21,36.7,Exhibit_camera / editorial plate push,A tightly integrated system,,none,"ledger seconds; disassembly timing editorial, independent of ledger"
1103,30,00:00:36:22,36.733333333333334,Exhibit_camera / editorial plate push,A tightly integrated system,,none,"ledger seconds; disassembly timing editorial, independent of ledger"
1104,30,00:00:36:23,36.766666666666666,Exhibit_camera / editorial plate push,A tightly integrated system,,none,"ledger seconds; disassembly timing editorial, independent of ledger"
1105,30,00:00:36:24,36.8,Exhibit_camera / editorial plate push,A tightly integrated system,,none,"ledger seconds; disassembly timing editorial, independent of ledger"
1106,30,00:00:36:25,36.833333333333336,Exhibit_camera / editorial plate push,A tightly integrated system,,none,"ledger seconds; disassembly timing editorial, independent of ledger"
1107,30,00:00:36:26,36.86666666666667,Exhibit_camera / editorial plate push,A tightly integrated system,,none,"ledger seconds; disassembly timing editorial, independent of ledger"
1108,30,00:00:36:27,36.9,Exhibit_camera / editorial plate push,A tightly integrated system,,none,"ledger seconds; disassembly timing editorial, independent of ledger"
1109,30,00:00:36:28,36.93333333333333,Exhibit_camera / editorial plate push,A tightly integrated system,,none,"ledger seconds; disassembly timing editorial, independent of ledger"
1110,30,00:00:36:29,36.96666666666667,Exhibit_camera / editorial plate push,A tightly integrated system,,none,"ledger seconds; disassembly timing editorial, independent of ledger"
1111,30,00:00:37:00,37.0,Exhibit_camera / editorial plate push,A tightly integrated system,,none,"ledger seconds; disassembly timing editorial, independent of ledger"
1112,30,00:00:37:01,37.03333333333333,Exhibit_camera / editorial plate push,A tightly integrated system,,none,"ledger seconds; disassembly timing editorial, independent of ledger"
1113,30,00:00:37:02,37.06666666666667,Exhibit_camera / editorial plate push,A tightly integrated system,,none,"ledger seconds; disassembly timing editorial, independent of ledger"
1114,30,00:00:37:03,37.1,Exhibit_camera / editorial plate push,A tightly integrated system,,none,"ledger seconds; disassembly timing editorial, independent of ledger"
1115,30,00:00:37:04,37.13333333333333,Exhibit_camera / editorial plate push,A tightly integrated system,,none,"ledger seconds; disassembly timing editorial, independent of ledger"
1116,30,00:00:37:05,37.166666666666664,Exhibit_camera / editorial plate push,A tightly integrated system,,none,"ledger seconds; disassembly timing editorial, independent of ledger"
1117,30,00:00:37:06,37.2,Exhibit_camera / editorial plate push,A tightly integrated system,,none,"ledger seconds; disassembly timing editorial, independent of ledger"
1118,30,00:00:37:07,37.233333333333334,Exhibit_camera / editorial plate push,A tightly integrated system,,none,"ledger seconds; disassembly timing editorial, independent of ledger"
1119,30,00:00:37:08,37.266666666666666,Exhibit_camera / editorial plate push,A tightly integrated system,,none,"ledger seconds; disassembly timing editorial, independent of ledger"
1120,30,00:00:37:09,37.3,Exhibit_camera / editorial plate push,A tightly integrated system,,none,"ledger seconds; disassembly timing editorial, independent of ledger"
1121,30,00:00:37:10,37.333333333333336,Exhibit_camera / editorial plate push,A tightly integrated system,,none,"ledger seconds; disassembly timing editorial, independent of ledger"
1122,30,00:00:37:11,37.36666666666667,Exhibit_camera / editorial plate push,A tightly integrated system,,none,"ledger seconds; disassembly timing editorial, independent of ledger"
1123,30,00:00:37:12,37.4,Exhibit_camera / editorial plate push,A tightly integrated system,,none,"ledger seconds; disassembly timing editorial, independent of ledger"
1124,30,00:00:37:13,37.43333333333333,Exhibit_camera / editorial plate push,A tightly integrated system,,none,"ledger seconds; disassembly timing editorial, independent of ledger"
1125,30,00:00:37:14,37.46666666666667,Exhibit_camera / editorial plate push,A tightly integrated system,,none,"ledger seconds; disassembly timing editorial, independent of ledger"
1126,30,00:00:37:15,37.5,Exhibit_camera / editorial plate push,A tightly integrated system,,none,"ledger seconds; disassembly timing editorial, independent of ledger"
1127,30,00:00:37:16,37.53333333333333,Exhibit_camera / editorial plate push,A tightly integrated system,,none,"ledger seconds; disassembly timing editorial, independent of ledger"
1128,30,00:00:37:17,37.56666666666667,Exhibit_camera / editorial plate push,A tightly integrated system,,none,"ledger seconds; disassembly timing editorial, independent of ledger"
1129,30,00:00:37:18,37.6,Exhibit_camera / editorial plate push,A tightly integrated system,,none,"ledger seconds; disassembly timing editorial, independent of ledger"
1130,30,00:00:37:19,37.63333333333333,Exhibit_camera / editorial plate push,A tightly integrated system,,none,"ledger seconds; disassembly timing editorial, independent of ledger"
1131,30,00:00:37:20,37.666666666666664,Exhibit_camera / editorial plate push,A tightly integrated system,,none,"ledger seconds; disassembly timing editorial, independent of ledger"
1132,30,00:00:37:21,37.7,Exhibit_camera / editorial plate push,A tightly integrated system,,none,"ledger seconds; disassembly timing editorial, independent of ledger"
1133,30,00:00:37:22,37.733333333333334,Exhibit_camera / editorial plate push,A tightly integrated system,,none,"ledger seconds; disassembly timing editorial, independent of ledger"
1134,30,00:00:37:23,37.766666666666666,Exhibit_camera / editorial plate push,A tightly integrated system,,none,"ledger seconds; disassembly timing editorial, independent of ledger"
1135,30,00:00:37:24,37.8,Exhibit_camera / editorial plate push,A tightly integrated system,,none,"ledger seconds; disassembly timing editorial, independent of ledger"
1136,30,00:00:37:25,37.833333333333336,Exhibit_camera / editorial plate push,A tightly integrated system,,none,"ledger seconds; disassembly timing editorial, independent of ledger"
1137,30,00:00:37:26,37.86666666666667,Exhibit_camera / editorial plate push,A tightly integrated system,,none,"ledger seconds; disassembly timing editorial, independent of ledger"
1138,30,00:00:37:27,37.9,Exhibit_camera / editorial plate push,A tightly integrated system,,none,"ledger seconds; disassembly timing editorial, independent of ledger"
1139,30,00:00:37:28,37.93333333333333,Exhibit_camera / editorial plate push,A tightly integrated system,,none,"ledger seconds; disassembly timing editorial, independent of ledger"
1140,30,00:00:37:29,37.96666666666667,Exhibit_camera / editorial plate push,A tightly integrated system,,none,"ledger seconds; disassembly timing editorial, independent of ledger"
1141,30,00:00:38:00,38.0,Exhibit_camera / editorial plate push,A tightly integrated system,,none,"ledger seconds; disassembly timing editorial, independent of ledger"
1142,30,00:00:38:01,38.03333333333333,Exhibit_camera / editorial plate push,A tightly integrated system,,none,"ledger seconds; disassembly timing editorial, independent of ledger"
1143,30,00:00:38:02,38.06666666666667,Exhibit_camera / editorial plate push,A tightly integrated system,,none,"ledger seconds; disassembly timing editorial, independent of ledger"
1144,30,00:00:38:03,38.1,Exhibit_camera / editorial plate push,A tightly integrated system,,none,"ledger seconds; disassembly timing editorial, independent of ledger"
1145,30,00:00:38:04,38.13333333333333,Exhibit_camera / editorial plate push,A tightly integrated system,,none,"ledger seconds; disassembly timing editorial, independent of ledger"
1146,30,00:00:38:05,38.166666666666664,Exhibit_camera / editorial plate push,A tightly integrated system,,none,"ledger seconds; disassembly timing editorial, independent of ledger"
1147,30,00:00:38:06,38.2,Exhibit_camera / editorial plate push,A tightly integrated system,,none,"ledger seconds; disassembly timing editorial, independent of ledger"
1148,30,00:00:38:07,38.233333333333334,Exhibit_camera / editorial plate push,A tightly integrated system,,none,"ledger seconds; disassembly timing editorial, independent of ledger"
1149,30,00:00:38:08,38.266666666666666,Exhibit_camera / editorial plate push,A tightly integrated system,,none,"ledger seconds; disassembly timing editorial, independent of ledger"
1150,30,00:00:38:09,38.3,Exhibit_camera / editorial plate push,A tightly integrated system,,none,"ledger seconds; disassembly timing editorial, independent of ledger"
1151,30,00:00:38:10,38.333333333333336,Exhibit_camera / editorial plate push,A tightly integrated system,,none,"ledger seconds; disassembly timing editorial, independent of ledger"
1152,30,00:00:38:11,38.36666666666667,Exhibit_camera / editorial plate push,A tightly integrated system,,none,"ledger seconds; disassembly timing editorial, independent of ledger"
1153,30,00:00:38:12,38.4,Exhibit_camera / editorial plate push,A tightly integrated system,,none,"ledger seconds; disassembly timing editorial, independent of ledger"
1154,30,00:00:38:13,38.43333333333333,Exhibit_camera / editorial plate push,A tightly integrated system,,none,"ledger seconds; disassembly timing editorial, independent of ledger"
1155,30,00:00:38:14,38.46666666666667,Exhibit_camera / editorial plate push,A tightly integrated system,,none,"ledger seconds; disassembly timing editorial, independent of ledger"
1156,30,00:00:38:15,38.5,Exhibit_camera / editorial plate push,A tightly integrated system,,none,"ledger seconds; disassembly timing editorial, independent of ledger"
1157,30,00:00:38:16,38.53333333333333,Exhibit_camera / editorial plate push,A tightly integrated system,,none,"ledger seconds; disassembly timing editorial, independent of ledger"
1158,30,00:00:38:17,38.56666666666667,Exhibit_camera / editorial plate push,A tightly integrated system,,none,"ledger seconds; disassembly timing editorial, independent of ledger"
1159,30,00:00:38:18,38.6,Exhibit_camera / editorial plate push,A tightly integrated system,,none,"ledger seconds; disassembly timing editorial, independent of ledger"
1160,30,00:00:38:19,38.63333333333333,Exhibit_camera / editorial plate push,A tightly integrated system,,none,"ledger seconds; disassembly timing editorial, independent of ledger"
1161,30,00:00:38:20,38.666666666666664,Exhibit_camera / editorial plate push,A tightly integrated system,,none,"ledger seconds; disassembly timing editorial, independent of ledger"
1162,30,00:00:38:21,38.7,Exhibit_camera / editorial plate push,A tightly integrated system,,none,"ledger seconds; disassembly timing editorial, independent of ledger"
1163,30,00:00:38:22,38.733333333333334,Exhibit_camera / editorial plate push,A tightly integrated system,,none,"ledger seconds; disassembly timing editorial, independent of ledger"
1164,30,00:00:38:23,38.766666666666666,Exhibit_camera / editorial plate push,A tightly integrated system,,none,"ledger seconds; disassembly timing editorial, independent of ledger"
1165,30,00:00:38:24,38.8,Exhibit_camera / editorial plate push,A tightly integrated system,,none,"ledger seconds; disassembly timing editorial, independent of ledger"
1166,30,00:00:38:25,38.833333333333336,Exhibit_camera / editorial plate push,A tightly integrated system,,none,"ledger seconds; disassembly timing editorial, independent of ledger"
1167,30,00:00:38:26,38.86666666666667,Exhibit_camera / editorial plate push,A tightly integrated system,,none,"ledger seconds; disassembly timing editorial, independent of ledger"
1168,30,00:00:38:27,38.9,Exhibit_camera / editorial plate push,A tightly integrated system,,none,"ledger seconds; disassembly timing editorial, independent of ledger"
1169,30,00:00:38:28,38.93333333333333,Exhibit_camera / editorial plate push,A tightly integrated system,,none,"ledger seconds; disassembly timing editorial, independent of ledger"
1170,30,00:00:38:29,38.96666666666667,Exhibit_camera / editorial plate push,A tightly integrated system,,none,"ledger seconds; disassembly timing editorial, independent of ledger"
1171,30,00:00:39:00,39.0,Exhibit_camera / editorial plate push,A tightly integrated system,,none,"ledger seconds; disassembly timing editorial, independent of ledger"
1172,30,00:00:39:01,39.03333333333333,Exhibit_camera / editorial plate push,A tightly integrated system,,none,"ledger seconds; disassembly timing editorial, independent of ledger"
1173,30,00:00:39:02,39.06666666666667,Exhibit_camera / editorial plate push,A tightly integrated system,,none,"ledger seconds; disassembly timing editorial, independent of ledger"
1174,30,00:00:39:03,39.1,Exhibit_camera / editorial plate push,A tightly integrated system,,none,"ledger seconds; disassembly timing editorial, independent of ledger"
1175,30,00:00:39:04,39.13333333333333,Exhibit_camera / editorial plate push,A tightly integrated system,,none,"ledger seconds; disassembly timing editorial, independent of ledger"
1176,30,00:00:39:05,39.166666666666664,Exhibit_camera / editorial plate push,A tightly integrated system,,none,"ledger seconds; disassembly timing editorial, independent of ledger"
1177,30,00:00:39:06,39.2,Exhibit_camera / editorial plate push,A tightly integrated system,,none,"ledger seconds; disassembly timing editorial, independent of ledger"
1178,30,00:00:39:07,39.233333333333334,Exhibit_camera / editorial plate push,A tightly integrated system,,none,"ledger seconds; disassembly timing editorial, independent of ledger"
1179,30,00:00:39:08,39.266666666666666,Exhibit_camera / editorial plate push,A tightly integrated system,,none,"ledger seconds; disassembly timing editorial, independent of ledger"
1180,30,00:00:39:09,39.3,Exhibit_camera / editorial plate push,A tightly integrated system,,none,"ledger seconds; disassembly timing editorial, independent of ledger"
1181,30,00:00:39:10,39.333333333333336,Exhibit_camera / editorial plate push,A tightly integrated system,,none,"ledger seconds; disassembly timing editorial, independent of ledger"
1182,30,00:00:39:11,39.36666666666667,Exhibit_camera / editorial plate push,A tightly integrated system,,none,"ledger seconds; disassembly timing editorial, independent of ledger"
1183,30,00:00:39:12,39.4,Exhibit_camera / editorial plate push,A tightly integrated system,,none,"ledger seconds; disassembly timing editorial, independent of ledger"
1184,30,00:00:39:13,39.43333333333333,Exhibit_camera / editorial plate push,A tightly integrated system,,none,"ledger seconds; disassembly timing editorial, independent of ledger"
1185,30,00:00:39:14,39.46666666666667,Exhibit_camera / editorial plate push,A tightly integrated system,,none,"ledger seconds; disassembly timing editorial, independent of ledger"
1186,30,00:00:39:15,39.5,Exhibit_camera / editorial plate push,A tightly integrated system,,none,"ledger seconds; disassembly timing editorial, independent of ledger"
1187,30,00:00:39:16,39.53333333333333,Exhibit_camera / editorial plate push,A tightly integrated system,,none,"ledger seconds; disassembly timing editorial, independent of ledger"
1188,30,00:00:39:17,39.56666666666667,Exhibit_camera / editorial plate push,A tightly integrated system,,none,"ledger seconds; disassembly timing editorial, independent of ledger"
1189,30,00:00:39:18,39.6,Exhibit_camera / editorial plate push,A tightly integrated system,,none,"ledger seconds; disassembly timing editorial, independent of ledger"
1190,30,00:00:39:19,39.63333333333333,Exhibit_camera / editorial plate push,A tightly integrated system,,none,"ledger seconds; disassembly timing editorial, independent of ledger"
1191,30,00:00:39:20,39.666666666666664,Exhibit_camera / editorial plate push,A tightly integrated system,,none,"ledger seconds; disassembly timing editorial, independent of ledger"
1192,30,00:00:39:21,39.7,Exhibit_camera / editorial plate push,A tightly integrated system,,none,"ledger seconds; disassembly timing editorial, independent of ledger"
1193,30,00:00:39:22,39.733333333333334,Exhibit_camera / editorial plate push,A tightly integrated system,,none,"ledger seconds; disassembly timing editorial, independent of ledger"
1194,30,00:00:39:23,39.766666666666666,Exhibit_camera / editorial plate push,A tightly integrated system,,none,"ledger seconds; disassembly timing editorial, independent of ledger"
1195,30,00:00:39:24,39.8,Exhibit_camera / editorial plate push,A tightly integrated system,,none,"ledger seconds; disassembly timing editorial, independent of ledger"
1196,30,00:00:39:25,39.833333333333336,Exhibit_camera / editorial plate push,A tightly integrated system,,none,"ledger seconds; disassembly timing editorial, independent of ledger"
1197,30,00:00:39:26,39.86666666666667,Exhibit_camera / editorial plate push,A tightly integrated system,,none,"ledger seconds; disassembly timing editorial, independent of ledger"
1198,30,00:00:39:27,39.9,Exhibit_camera / editorial plate push,A tightly integrated system,,none,"ledger seconds; disassembly timing editorial, independent of ledger"
1199,30,00:00:39:28,39.93333333333333,Exhibit_camera / editorial plate push,A tightly integrated system,,none,"ledger seconds; disassembly timing editorial, independent of ledger"
1200,30,00:00:39:29,39.96666666666667,Exhibit_camera / editorial plate push,A tightly integrated system,,none,"ledger seconds; disassembly timing editorial, independent of ledger"
1201,30,00:00:40:00,40.0,Exhibit_camera / editorial plate push,Pressure becomes shaft work,"Six cylinders, arranged in a ninety degree V, displace one point six litres. Combustion drives the crankshaft. The reconstructed housings, carbon intake and insulated exhausts follow published Honda engine views. Open the web cutaway to run six pistons and their connecting rods in slow motion. The dimensions and phasing are illustrative.",none,"ledger seconds; disassembly timing editorial, independent of ledger"
1202,30,00:00:40:01,40.03333333333333,Exhibit_camera / editorial plate push,Pressure becomes shaft work,,none,"ledger seconds; disassembly timing editorial, independent of ledger"
1203,30,00:00:40:02,40.06666666666667,Exhibit_camera / editorial plate push,Pressure becomes shaft work,,none,"ledger seconds; disassembly timing editorial, independent of ledger"
1204,30,00:00:40:03,40.1,Exhibit_camera / editorial plate push,Pressure becomes shaft work,,none,"ledger seconds; disassembly timing editorial, independent of ledger"
1205,30,00:00:40:04,40.13333333333333,Exhibit_camera / editorial plate push,Pressure becomes shaft work,,none,"ledger seconds; disassembly timing editorial, independent of ledger"
1206,30,00:00:40:05,40.166666666666664,Exhibit_camera / editorial plate push,Pressure becomes shaft work,,none,"ledger seconds; disassembly timing editorial, independent of ledger"
1207,30,00:00:40:06,40.2,Exhibit_camera / editorial plate push,Pressure becomes shaft work,,none,"ledger seconds; disassembly timing editorial, independent of ledger"
1208,30,00:00:40:07,40.233333333333334,Exhibit_camera / editorial plate push,Pressure becomes shaft work,,none,"ledger seconds; disassembly timing editorial, independent of ledger"
1209,30,00:00:40:08,40.266666666666666,Exhibit_camera / editorial plate push,Pressure becomes shaft work,,none,"ledger seconds; disassembly timing editorial, independent of ledger"
1210,30,00:00:40:09,40.3,Exhibit_camera / editorial plate push,Pressure becomes shaft work,,none,"ledger seconds; disassembly timing editorial, independent of ledger"
1211,30,00:00:40:10,40.333333333333336,Exhibit_camera / editorial plate push,Pressure becomes shaft work,,none,"ledger seconds; disassembly timing editorial, independent of ledger"
1212,30,00:00:40:11,40.36666666666667,Exhibit_camera / editorial plate push,Pressure becomes shaft work,,none,"ledger seconds; disassembly timing editorial, independent of ledger"
1213,30,00:00:40:12,40.4,Exhibit_camera / editorial plate push,Pressure becomes shaft work,,none,"ledger seconds; disassembly timing editorial, independent of ledger"
1214,30,00:00:40:13,40.43333333333333,Exhibit_camera / editorial plate push,Pressure becomes shaft work,,none,"ledger seconds; disassembly timing editorial, independent of ledger"
1215,30,00:00:40:14,40.46666666666667,Exhibit_camera / editorial plate push,Pressure becomes shaft work,,none,"ledger seconds; disassembly timing editorial, independent of ledger"
1216,30,00:00:40:15,40.5,Exhibit_camera / editorial plate push,Pressure becomes shaft work,,none,"ledger seconds; disassembly timing editorial, independent of ledger"
1217,30,00:00:40:16,40.53333333333333,Exhibit_camera / editorial plate push,Pressure becomes shaft work,,none,"ledger seconds; disassembly timing editorial, independent of ledger"
1218,30,00:00:40:17,40.56666666666667,Exhibit_camera / editorial plate push,Pressure becomes shaft work,,none,"ledger seconds; disassembly timing editorial, independent of ledger"
1219,30,00:00:40:18,40.6,Exhibit_camera / editorial plate push,Pressure becomes shaft work,,none,"ledger seconds; disassembly timing editorial, independent of ledger"
1220,30,00:00:40:19,40.63333333333333,Exhibit_camera / editorial plate push,Pressure becomes shaft work,,none,"ledger seconds; disassembly timing editorial, independent of ledger"
1221,30,00:00:40:20,40.666666666666664,Exhibit_camera / editorial plate push,Pressure becomes shaft work,,none,"ledger seconds; disassembly timing editorial, independent of ledger"
1222,30,00:00:40:21,40.7,Exhibit_camera / editorial plate push,Pressure becomes shaft work,,none,"ledger seconds; disassembly timing editorial, independent of ledger"
1223,30,00:00:40:22,40.733333333333334,Exhibit_camera / editorial plate push,Pressure becomes shaft work,,none,"ledger seconds; disassembly timing editorial, independent of ledger"
1224,30,00:00:40:23,40.766666666666666,Exhibit_camera / editorial plate push,Pressure becomes shaft work,,none,"ledger seconds; disassembly timing editorial, independent of ledger"
1225,30,00:00:40:24,40.8,Exhibit_camera / editorial plate push,Pressure becomes shaft work,,none,"ledger seconds; disassembly timing editorial, independent of ledger"
1226,30,00:00:40:25,40.833333333333336,Exhibit_camera / editorial plate push,Pressure becomes shaft work,,none,"ledger seconds; disassembly timing editorial, independent of ledger"
1227,30,00:00:40:26,40.86666666666667,Exhibit_camera / editorial plate push,Pressure becomes shaft work,,none,"ledger seconds; disassembly timing editorial, independent of ledger"
1228,30,00:00:40:27,40.9,Exhibit_camera / editorial plate push,Pressure becomes shaft work,,none,"ledger seconds; disassembly timing editorial, independent of ledger"
1229,30,00:00:40:28,40.93333333333333,Exhibit_camera / editorial plate push,Pressure becomes shaft work,,none,"ledger seconds; disassembly timing editorial, independent of ledger"
1230,30,00:00:40:29,40.96666666666667,Exhibit_camera / editorial plate push,Pressure becomes shaft work,,none,"ledger seconds; disassembly timing editorial, independent of ledger"
1231,30,00:00:41:00,41.0,Exhibit_camera / editorial plate push,Pressure becomes shaft work,,none,"ledger seconds; disassembly timing editorial, independent of ledger"
1232,30,00:00:41:01,41.03333333333333,Exhibit_camera / editorial plate push,Pressure becomes shaft work,,none,"ledger seconds; disassembly timing editorial, independent of ledger"
1233,30,00:00:41:02,41.06666666666667,Exhibit_camera / editorial plate push,Pressure becomes shaft work,,none,"ledger seconds; disassembly timing editorial, independent of ledger"
1234,30,00:00:41:03,41.1,Exhibit_camera / editorial plate push,Pressure becomes shaft work,,none,"ledger seconds; disassembly timing editorial, independent of ledger"
1235,30,00:00:41:04,41.13333333333333,Exhibit_camera / editorial plate push,Pressure becomes shaft work,,none,"ledger seconds; disassembly timing editorial, independent of ledger"
1236,30,00:00:41:05,41.166666666666664,Exhibit_camera / editorial plate push,Pressure becomes shaft work,,none,"ledger seconds; disassembly timing editorial, independent of ledger"
1237,30,00:00:41:06,41.2,Exhibit_camera / editorial plate push,Pressure becomes shaft work,,none,"ledger seconds; disassembly timing editorial, independent of ledger"
1238,30,00:00:41:07,41.233333333333334,Exhibit_camera / editorial plate push,Pressure becomes shaft work,,none,"ledger seconds; disassembly timing editorial, independent of ledger"
1239,30,00:00:41:08,41.266666666666666,Exhibit_camera / editorial plate push,Pressure becomes shaft work,,none,"ledger seconds; disassembly timing editorial, independent of ledger"
1240,30,00:00:41:09,41.3,Exhibit_camera / editorial plate push,Pressure becomes shaft work,,none,"ledger seconds; disassembly timing editorial, independent of ledger"
1241,30,00:00:41:10,41.333333333333336,Exhibit_camera / editorial plate push,Pressure becomes shaft work,,none,"ledger seconds; disassembly timing editorial, independent of ledger"
1242,30,00:00:41:11,41.36666666666667,Exhibit_camera / editorial plate push,Pressure becomes shaft work,,none,"ledger seconds; disassembly timing editorial, independent of ledger"
1243,30,00:00:41:12,41.4,Exhibit_camera / editorial plate push,Pressure becomes shaft work,,none,"ledger seconds; disassembly timing editorial, independent of ledger"
1244,30,00:00:41:13,41.43333333333333,Exhibit_camera / editorial plate push,Pressure becomes shaft work,,none,"ledger seconds; disassembly timing editorial, independent of ledger"
1245,30,00:00:41:14,41.46666666666667,Exhibit_camera / editorial plate push,Pressure becomes shaft work,,none,"ledger seconds; disassembly timing editorial, independent of ledger"
1246,30,00:00:41:15,41.5,Exhibit_camera / editorial plate push,Pressure becomes shaft work,,none,"ledger seconds; disassembly timing editorial, independent of ledger"
1247,30,00:00:41:16,41.53333333333333,Exhibit_camera / editorial plate push,Pressure becomes shaft work,,none,"ledger seconds; disassembly timing editorial, independent of ledger"
1248,30,00:00:41:17,41.56666666666667,Exhibit_camera / editorial plate push,Pressure becomes shaft work,,none,"ledger seconds; disassembly timing editorial, independent of ledger"
1249,30,00:00:41:18,41.6,Exhibit_camera / editorial plate push,Pressure becomes shaft work,,none,"ledger seconds; disassembly timing editorial, independent of ledger"
1250,30,00:00:41:19,41.63333333333333,Exhibit_camera / editorial plate push,Pressure becomes shaft work,,none,"ledger seconds; disassembly timing editorial, independent of ledger"
1251,30,00:00:41:20,41.666666666666664,Exhibit_camera / editorial plate push,Pressure becomes shaft work,,none,"ledger seconds; disassembly timing editorial, independent of ledger"
1252,30,00:00:41:21,41.7,Exhibit_camera / editorial plate push,Pressure becomes shaft work,,none,"ledger seconds; disassembly timing editorial, independent of ledger"
1253,30,00:00:41:22,41.733333333333334,Exhibit_camera / editorial plate push,Pressure becomes shaft work,,none,"ledger seconds; disassembly timing editorial, independent of ledger"
1254,30,00:00:41:23,41.766666666666666,Exhibit_camera / editorial plate push,Pressure becomes shaft work,,none,"ledger seconds; disassembly timing editorial, independent of ledger"
1255,30,00:00:41:24,41.8,Exhibit_camera / editorial plate push,Pressure becomes shaft work,,none,"ledger seconds; disassembly timing editorial, independent of ledger"
1256,30,00:00:41:25,41.833333333333336,Exhibit_camera / editorial plate push,Pressure becomes shaft work,,none,"ledger seconds; disassembly timing editorial, independent of ledger"
1257,30,00:00:41:26,41.86666666666667,Exhibit_camera / editorial plate push,Pressure becomes shaft work,,none,"ledger seconds; disassembly timing editorial, independent of ledger"
1258,30,00:00:41:27,41.9,Exhibit_camera / editorial plate push,Pressure becomes shaft work,,none,"ledger seconds; disassembly timing editorial, independent of ledger"
1259,30,00:00:41:28,41.93333333333333,Exhibit_camera / editorial plate push,Pressure becomes shaft work,,none,"ledger seconds; disassembly timing editorial, independent of ledger"
1260,30,00:00:41:29,41.96666666666667,Exhibit_camera / editorial plate push,Pressure becomes shaft work,,none,"ledger seconds; disassembly timing editorial, independent of ledger"
1261,30,00:00:42:00,42.0,Exhibit_camera / editorial plate push,Pressure becomes shaft work,,none,"ledger seconds; disassembly timing editorial, independent of ledger"
1262,30,00:00:42:01,42.03333333333333,Exhibit_camera / editorial plate push,Pressure becomes shaft work,,none,"ledger seconds; disassembly timing editorial, independent of ledger"
1263,30,00:00:42:02,42.06666666666667,Exhibit_camera / editorial plate push,Pressure becomes shaft work,,none,"ledger seconds; disassembly timing editorial, independent of ledger"
1264,30,00:00:42:03,42.1,Exhibit_camera / editorial plate push,Pressure becomes shaft work,,none,"ledger seconds; disassembly timing editorial, independent of ledger"
1265,30,00:00:42:04,42.13333333333333,Exhibit_camera / editorial plate push,Pressure becomes shaft work,,none,"ledger seconds; disassembly timing editorial, independent of ledger"
1266,30,00:00:42:05,42.166666666666664,Exhibit_camera / editorial plate push,Pressure becomes shaft work,,none,"ledger seconds; disassembly timing editorial, independent of ledger"
1267,30,00:00:42:06,42.2,Exhibit_camera / editorial plate push,Pressure becomes shaft work,,none,"ledger seconds; disassembly timing editorial, independent of ledger"
1268,30,00:00:42:07,42.233333333333334,Exhibit_camera / editorial plate push,Pressure becomes shaft work,,none,"ledger seconds; disassembly timing editorial, independent of ledger"
1269,30,00:00:42:08,42.266666666666666,Exhibit_camera / editorial plate push,Pressure becomes shaft work,,none,"ledger seconds; disassembly timing editorial, independent of ledger"
1270,30,00:00:42:09,42.3,Exhibit_camera / editorial plate push,Pressure becomes shaft work,,none,"ledger seconds; disassembly timing editorial, independent of ledger"
1271,30,00:00:42:10,42.333333333333336,Exhibit_camera / editorial plate push,Pressure becomes shaft work,,none,"ledger seconds; disassembly timing editorial, independent of ledger"
1272,30,00:00:42:11,42.36666666666667,Exhibit_camera / editorial plate push,Pressure becomes shaft work,,none,"ledger seconds; disassembly timing editorial, independent of ledger"
1273,30,00:00:42:12,42.4,Exhibit_camera / editorial plate push,Pressure becomes shaft work,,none,"ledger seconds; disassembly timing editorial, independent of ledger"
1274,30,00:00:42:13,42.43333333333333,Exhibit_camera / editorial plate push,Pressure becomes shaft work,,none,"ledger seconds; disassembly timing editorial, independent of ledger"
1275,30,00:00:42:14,42.46666666666667,Exhibit_camera / editorial plate push,Pressure becomes shaft work,,none,"ledger seconds; disassembly timing editorial, independent of ledger"
1276,30,00:00:42:15,42.5,Exhibit_camera / editorial plate push,Pressure becomes shaft work,,none,"ledger seconds; disassembly timing editorial, independent of ledger"
1277,30,00:00:42:16,42.53333333333333,Exhibit_camera / editorial plate push,Pressure becomes shaft work,,none,"ledger seconds; disassembly timing editorial, independent of ledger"
1278,30,00:00:42:17,42.56666666666667,Exhibit_camera / editorial plate push,Pressure becomes shaft work,,none,"ledger seconds; disassembly timing editorial, independent of ledger"
1279,30,00:00:42:18,42.6,Exhibit_camera / editorial plate push,Pressure becomes shaft work,,none,"ledger seconds; disassembly timing editorial, independent of ledger"
1280,30,00:00:42:19,42.63333333333333,Exhibit_camera / editorial plate push,Pressure becomes shaft work,,none,"ledger seconds; disassembly timing editorial, independent of ledger"
1281,30,00:00:42:20,42.666666666666664,Exhibit_camera / editorial plate push,Pressure becomes shaft work,,none,"ledger seconds; disassembly timing editorial, independent of ledger"
1282,30,00:00:42:21,42.7,Exhibit_camera / editorial plate push,Pressure becomes shaft work,,none,"ledger seconds; disassembly timing editorial, independent of ledger"
1283,30,00:00:42:22,42.733333333333334,Exhibit_camera / editorial plate push,Pressure becomes shaft work,,none,"ledger seconds; disassembly timing editorial, independent of ledger"
1284,30,00:00:42:23,42.766666666666666,Exhibit_camera / editorial plate push,Pressure becomes shaft work,,none,"ledger seconds; disassembly timing editorial, independent of ledger"
1285,30,00:00:42:24,42.8,Exhibit_camera / editorial plate push,Pressure becomes shaft work,,none,"ledger seconds; disassembly timing editorial, independent of ledger"
1286,30,00:00:42:25,42.833333333333336,Exhibit_camera / editorial plate push,Pressure becomes shaft work,,none,"ledger seconds; disassembly timing editorial, independent of ledger"
1287,30,00:00:42:26,42.86666666666667,Exhibit_camera / editorial plate push,Pressure becomes shaft work,,none,"ledger seconds; disassembly timing editorial, independent of ledger"
1288,30,00:00:42:27,42.9,Exhibit_camera / editorial plate push,Pressure becomes shaft work,,none,"ledger seconds; disassembly timing editorial, independent of ledger"
1289,30,00:00:42:28,42.93333333333333,Exhibit_camera / editorial plate push,Pressure becomes shaft work,,none,"ledger seconds; disassembly timing editorial, independent of ledger"
1290,30,00:00:42:29,42.96666666666667,Exhibit_camera / editorial plate push,Pressure becomes shaft work,,none,"ledger seconds; disassembly timing editorial, independent of ledger"
1291,30,00:00:43:00,43.0,Exhibit_camera / editorial plate push,Pressure becomes shaft work,,none,"ledger seconds; disassembly timing editorial, independent of ledger"
1292,30,00:00:43:01,43.03333333333333,Exhibit_camera / editorial plate push,Pressure becomes shaft work,,none,"ledger seconds; disassembly timing editorial, independent of ledger"
1293,30,00:00:43:02,43.06666666666667,Exhibit_camera / editorial plate push,Pressure becomes shaft work,,none,"ledger seconds; disassembly timing editorial, independent of ledger"
1294,30,00:00:43:03,43.1,Exhibit_camera / editorial plate push,Pressure becomes shaft work,,none,"ledger seconds; disassembly timing editorial, independent of ledger"
1295,30,00:00:43:04,43.13333333333333,Exhibit_camera / editorial plate push,Pressure becomes shaft work,,none,"ledger seconds; disassembly timing editorial, independent of ledger"
1296,30,00:00:43:05,43.166666666666664,Exhibit_camera / editorial plate push,Pressure becomes shaft work,,none,"ledger seconds; disassembly timing editorial, independent of ledger"
1297,30,00:00:43:06,43.2,Exhibit_camera / editorial plate push,Pressure becomes shaft work,,none,"ledger seconds; disassembly timing editorial, independent of ledger"
1298,30,00:00:43:07,43.233333333333334,Exhibit_camera / editorial plate push,Pressure becomes shaft work,,none,"ledger seconds; disassembly timing editorial, independent of ledger"
1299,30,00:00:43:08,43.266666666666666,Exhibit_camera / editorial plate push,Pressure becomes shaft work,,none,"ledger seconds; disassembly timing editorial, independent of ledger"
1300,30,00:00:43:09,43.3,Exhibit_camera / editorial plate push,Pressure becomes shaft work,,none,"ledger seconds; disassembly timing editorial, independent of ledger"
1301,30,00:00:43:10,43.333333333333336,Exhibit_camera / editorial plate push,Pressure becomes shaft work,,none,"ledger seconds; disassembly timing editorial, independent of ledger"
1302,30,00:00:43:11,43.36666666666667,Exhibit_camera / editorial plate push,Pressure becomes shaft work,,none,"ledger seconds; disassembly timing editorial, independent of ledger"
1303,30,00:00:43:12,43.4,Exhibit_camera / editorial plate push,Pressure becomes shaft work,,none,"ledger seconds; disassembly timing editorial, independent of ledger"
1304,30,00:00:43:13,43.43333333333333,Exhibit_camera / editorial plate push,Pressure becomes shaft work,,none,"ledger seconds; disassembly timing editorial, independent of ledger"
1305,30,00:00:43:14,43.46666666666667,Exhibit_camera / editorial plate push,Pressure becomes shaft work,,none,"ledger seconds; disassembly timing editorial, independent of ledger"
1306,30,00:00:43:15,43.5,Exhibit_camera / editorial plate push,Pressure becomes shaft work,,none,"ledger seconds; disassembly timing editorial, independent of ledger"
1307,30,00:00:43:16,43.53333333333333,Exhibit_camera / editorial plate push,Pressure becomes shaft work,,none,"ledger seconds; disassembly timing editorial, independent of ledger"
1308,30,00:00:43:17,43.56666666666667,Exhibit_camera / editorial plate push,Pressure becomes shaft work,,none,"ledger seconds; disassembly timing editorial, independent of ledger"
1309,30,00:00:43:18,43.6,Exhibit_camera / editorial plate push,Pressure becomes shaft work,,none,"ledger seconds; disassembly timing editorial, independent of ledger"
1310,30,00:00:43:19,43.63333333333333,Exhibit_camera / editorial plate push,Pressure becomes shaft work,,none,"ledger seconds; disassembly timing editorial, independent of ledger"
1311,30,00:00:43:20,43.666666666666664,Exhibit_camera / editorial plate push,Pressure becomes shaft work,,none,"ledger seconds; disassembly timing editorial, independent of ledger"
1312,30,00:00:43:21,43.7,Exhibit_camera / editorial plate push,Pressure becomes shaft work,,none,"ledger seconds; disassembly timing editorial, independent of ledger"
1313,30,00:00:43:22,43.733333333333334,Exhibit_camera / editorial plate push,Pressure becomes shaft work,,none,"ledger seconds; disassembly timing editorial, independent of ledger"
1314,30,00:00:43:23,43.766666666666666,Exhibit_camera / editorial plate push,Pressure becomes shaft work,,none,"ledger seconds; disassembly timing editorial, independent of ledger"
1315,30,00:00:43:24,43.8,Exhibit_camera / editorial plate push,Pressure becomes shaft work,,none,"ledger seconds; disassembly timing editorial, independent of ledger"
1316,30,00:00:43:25,43.833333333333336,Exhibit_camera / editorial plate push,Pressure becomes shaft work,,none,"ledger seconds; disassembly timing editorial, independent of ledger"
1317,30,00:00:43:26,43.86666666666667,Exhibit_camera / editorial plate push,Pressure becomes shaft work,,none,"ledger seconds; disassembly timing editorial, independent of ledger"
1318,30,00:00:43:27,43.9,Exhibit_camera / editorial plate push,Pressure becomes shaft work,,none,"ledger seconds; disassembly timing editorial, independent of ledger"
1319,30,00:00:43:28,43.93333333333333,Exhibit_camera / editorial plate push,Pressure becomes shaft work,,none,"ledger seconds; disassembly timing editorial, independent of ledger"
1320,30,00:00:43:29,43.96666666666667,Exhibit_camera / editorial plate push,Pressure becomes shaft work,,none,"ledger seconds; disassembly timing editorial, independent of ledger"
1321,30,00:00:44:00,44.0,Exhibit_camera / editorial plate push,Pressure becomes shaft work,,none,"ledger seconds; disassembly timing editorial, independent of ledger"
1322,30,00:00:44:01,44.03333333333333,Exhibit_camera / editorial plate push,Pressure becomes shaft work,,none,"ledger seconds; disassembly timing editorial, independent of ledger"
1323,30,00:00:44:02,44.06666666666667,Exhibit_camera / editorial plate push,Pressure becomes shaft work,,none,"ledger seconds; disassembly timing editorial, independent of ledger"
1324,30,00:00:44:03,44.1,Exhibit_camera / editorial plate push,Pressure becomes shaft work,,none,"ledger seconds; disassembly timing editorial, independent of ledger"
1325,30,00:00:44:04,44.13333333333333,Exhibit_camera / editorial plate push,Pressure becomes shaft work,,none,"ledger seconds; disassembly timing editorial, independent of ledger"
1326,30,00:00:44:05,44.166666666666664,Exhibit_camera / editorial plate push,Pressure becomes shaft work,,none,"ledger seconds; disassembly timing editorial, independent of ledger"
1327,30,00:00:44:06,44.2,Exhibit_camera / editorial plate push,Pressure becomes shaft work,,none,"ledger seconds; disassembly timing editorial, independent of ledger"
1328,30,00:00:44:07,44.233333333333334,Exhibit_camera / editorial plate push,Pressure becomes shaft work,,none,"ledger seconds; disassembly timing editorial, independent of ledger"
1329,30,00:00:44:08,44.266666666666666,Exhibit_camera / editorial plate push,Pressure becomes shaft work,,none,"ledger seconds; disassembly timing editorial, independent of ledger"
1330,30,00:00:44:09,44.3,Exhibit_camera / editorial plate push,Pressure becomes shaft work,,none,"ledger seconds; disassembly timing editorial, independent of ledger"
1331,30,00:00:44:10,44.333333333333336,Exhibit_camera / editorial plate push,Pressure becomes shaft work,,none,"ledger seconds; disassembly timing editorial, independent of ledger"
1332,30,00:00:44:11,44.36666666666667,Exhibit_camera / editorial plate push,Pressure becomes shaft work,,none,"ledger seconds; disassembly timing editorial, independent of ledger"
1333,30,00:00:44:12,44.4,Exhibit_camera / editorial plate push,Pressure becomes shaft work,,none,"ledger seconds; disassembly timing editorial, independent of ledger"
1334,30,00:00:44:13,44.43333333333333,Exhibit_camera / editorial plate push,Pressure becomes shaft work,,none,"ledger seconds; disassembly timing editorial, independent of ledger"
1335,30,00:00:44:14,44.46666666666667,Exhibit_camera / editorial plate push,Pressure becomes shaft work,,none,"ledger seconds; disassembly timing editorial, independent of ledger"
1336,30,00:00:44:15,44.5,Exhibit_camera / editorial plate push,Pressure becomes shaft work,,none,"ledger seconds; disassembly timing editorial, independent of ledger"
1337,30,00:00:44:16,44.53333333333333,Exhibit_camera / editorial plate push,Pressure becomes shaft work,,none,"ledger seconds; disassembly timing editorial, independent of ledger"
1338,30,00:00:44:17,44.56666666666667,Exhibit_camera / editorial plate push,Pressure becomes shaft work,,none,"ledger seconds; disassembly timing editorial, independent of ledger"
1339,30,00:00:44:18,44.6,Exhibit_camera / editorial plate push,Pressure becomes shaft work,,none,"ledger seconds; disassembly timing editorial, independent of ledger"
1340,30,00:00:44:19,44.63333333333333,Exhibit_camera / editorial plate push,Pressure becomes shaft work,,none,"ledger seconds; disassembly timing editorial, independent of ledger"
1341,30,00:00:44:20,44.666666666666664,Exhibit_camera / editorial plate push,Pressure becomes shaft work,,none,"ledger seconds; disassembly timing editorial, independent of ledger"
1342,30,00:00:44:21,44.7,Exhibit_camera / editorial plate push,Pressure becomes shaft work,,none,"ledger seconds; disassembly timing editorial, independent of ledger"
1343,30,00:00:44:22,44.733333333333334,Exhibit_camera / editorial plate push,Pressure becomes shaft work,,none,"ledger seconds; disassembly timing editorial, independent of ledger"
1344,30,00:00:44:23,44.766666666666666,Exhibit_camera / editorial plate push,Pressure becomes shaft work,,none,"ledger seconds; disassembly timing editorial, independent of ledger"
1345,30,00:00:44:24,44.8,Exhibit_camera / editorial plate push,Pressure becomes shaft work,,none,"ledger seconds; disassembly timing editorial, independent of ledger"
1346,30,00:00:44:25,44.833333333333336,Exhibit_camera / editorial plate push,Pressure becomes shaft work,,none,"ledger seconds; disassembly timing editorial, independent of ledger"
1347,30,00:00:44:26,44.86666666666667,Exhibit_camera / editorial plate push,Pressure becomes shaft work,,none,"ledger seconds; disassembly timing editorial, independent of ledger"
1348,30,00:00:44:27,44.9,Exhibit_camera / editorial plate push,Pressure becomes shaft work,,none,"ledger seconds; disassembly timing editorial, independent of ledger"
1349,30,00:00:44:28,44.93333333333333,Exhibit_camera / editorial plate push,Pressure becomes shaft work,,none,"ledger seconds; disassembly timing editorial, independent of ledger"
1350,30,00:00:44:29,44.96666666666667,Exhibit_camera / editorial plate push,Pressure becomes shaft work,,none,"ledger seconds; disassembly timing editorial, independent of ledger"
1351,30,00:00:45:00,45.0,Exhibit_camera / editorial plate push,Pressure becomes shaft work,,none,"ledger seconds; disassembly timing editorial, independent of ledger"
1352,30,00:00:45:01,45.03333333333333,Exhibit_camera / editorial plate push,Pressure becomes shaft work,,none,"ledger seconds; disassembly timing editorial, independent of ledger"
1353,30,00:00:45:02,45.06666666666667,Exhibit_camera / editorial plate push,Pressure becomes shaft work,,none,"ledger seconds; disassembly timing editorial, independent of ledger"
1354,30,00:00:45:03,45.1,Exhibit_camera / editorial plate push,Pressure becomes shaft work,,none,"ledger seconds; disassembly timing editorial, independent of ledger"
1355,30,00:00:45:04,45.13333333333333,Exhibit_camera / editorial plate push,Pressure becomes shaft work,,none,"ledger seconds; disassembly timing editorial, independent of ledger"
1356,30,00:00:45:05,45.166666666666664,Exhibit_camera / editorial plate push,Pressure becomes shaft work,,none,"ledger seconds; disassembly timing editorial, independent of ledger"
1357,30,00:00:45:06,45.2,Exhibit_camera / editorial plate push,Pressure becomes shaft work,,none,"ledger seconds; disassembly timing editorial, independent of ledger"
1358,30,00:00:45:07,45.233333333333334,Exhibit_camera / editorial plate push,Pressure becomes shaft work,,none,"ledger seconds; disassembly timing editorial, independent of ledger"
1359,30,00:00:45:08,45.266666666666666,Exhibit_camera / editorial plate push,Pressure becomes shaft work,,none,"ledger seconds; disassembly timing editorial, independent of ledger"
1360,30,00:00:45:09,45.3,Exhibit_camera / editorial plate push,Pressure becomes shaft work,,none,"ledger seconds; disassembly timing editorial, independent of ledger"
1361,30,00:00:45:10,45.333333333333336,Exhibit_camera / editorial plate push,Pressure becomes shaft work,,none,"ledger seconds; disassembly timing editorial, independent of ledger"
1362,30,00:00:45:11,45.36666666666667,Exhibit_camera / editorial plate push,Pressure becomes shaft work,,none,"ledger seconds; disassembly timing editorial, independent of ledger"
1363,30,00:00:45:12,45.4,Exhibit_camera / editorial plate push,Pressure becomes shaft work,,none,"ledger seconds; disassembly timing editorial, independent of ledger"
1364,30,00:00:45:13,45.43333333333333,Exhibit_camera / editorial plate push,Pressure becomes shaft work,,none,"ledger seconds; disassembly timing editorial, independent of ledger"
1365,30,00:00:45:14,45.46666666666667,Exhibit_camera / editorial plate push,Pressure becomes shaft work,,none,"ledger seconds; disassembly timing editorial, independent of ledger"
1366,30,00:00:45:15,45.5,Exhibit_camera / editorial plate push,Pressure becomes shaft work,,none,"ledger seconds; disassembly timing editorial, independent of ledger"
1367,30,00:00:45:16,45.53333333333333,Exhibit_camera / editorial plate push,Pressure becomes shaft work,,none,"ledger seconds; disassembly timing editorial, independent of ledger"
1368,30,00:00:45:17,45.56666666666667,Exhibit_camera / editorial plate push,Pressure becomes shaft work,,none,"ledger seconds; disassembly timing editorial, independent of ledger"
1369,30,00:00:45:18,45.6,Exhibit_camera / editorial plate push,Pressure becomes shaft work,,none,"ledger seconds; disassembly timing editorial, independent of ledger"
1370,30,00:00:45:19,45.63333333333333,Exhibit_camera / editorial plate push,Pressure becomes shaft work,,none,"ledger seconds; disassembly timing editorial, independent of ledger"
1371,30,00:00:45:20,45.666666666666664,Exhibit_camera / editorial plate push,Pressure becomes shaft work,,none,"ledger seconds; disassembly timing editorial, independent of ledger"
1372,30,00:00:45:21,45.7,Exhibit_camera / editorial plate push,Pressure becomes shaft work,,none,"ledger seconds; disassembly timing editorial, independent of ledger"
1373,30,00:00:45:22,45.733333333333334,Exhibit_camera / editorial plate push,Pressure becomes shaft work,,none,"ledger seconds; disassembly timing editorial, independent of ledger"
1374,30,00:00:45:23,45.766666666666666,Exhibit_camera / editorial plate push,Pressure becomes shaft work,,none,"ledger seconds; disassembly timing editorial, independent of ledger"
1375,30,00:00:45:24,45.8,Exhibit_camera / editorial plate push,Pressure becomes shaft work,,none,"ledger seconds; disassembly timing editorial, independent of ledger"
1376,30,00:00:45:25,45.833333333333336,Exhibit_camera / editorial plate push,Pressure becomes shaft work,,none,"ledger seconds; disassembly timing editorial, independent of ledger"
1377,30,00:00:45:26,45.86666666666667,Exhibit_camera / editorial plate push,Pressure becomes shaft work,,none,"ledger seconds; disassembly timing editorial, independent of ledger"
1378,30,00:00:45:27,45.9,Exhibit_camera / editorial plate push,Pressure becomes shaft work,,none,"ledger seconds; disassembly timing editorial, independent of ledger"
1379,30,00:00:45:28,45.93333333333333,Exhibit_camera / editorial plate push,Pressure becomes shaft work,,none,"ledger seconds; disassembly timing editorial, independent of ledger"
1380,30,00:00:45:29,45.96666666666667,Exhibit_camera / editorial plate push,Pressure becomes shaft work,,none,"ledger seconds; disassembly timing editorial, independent of ledger"
1381,30,00:00:46:00,46.0,Exhibit_camera / editorial plate push,Pressure becomes shaft work,,none,"ledger seconds; disassembly timing editorial, independent of ledger"
1382,30,00:00:46:01,46.03333333333333,Exhibit_camera / editorial plate push,Pressure becomes shaft work,,none,"ledger seconds; disassembly timing editorial, independent of ledger"
1383,30,00:00:46:02,46.06666666666667,Exhibit_camera / editorial plate push,Pressure becomes shaft work,,none,"ledger seconds; disassembly timing editorial, independent of ledger"
1384,30,00:00:46:03,46.1,Exhibit_camera / editorial plate push,Pressure becomes shaft work,,none,"ledger seconds; disassembly timing editorial, independent of ledger"
1385,30,00:00:46:04,46.13333333333333,Exhibit_camera / editorial plate push,Pressure becomes shaft work,,none,"ledger seconds; disassembly timing editorial, independent of ledger"
1386,30,00:00:46:05,46.166666666666664,Exhibit_camera / editorial plate push,Pressure becomes shaft work,,none,"ledger seconds; disassembly timing editorial, independent of ledger"
1387,30,00:00:46:06,46.2,Exhibit_camera / editorial plate push,Pressure becomes shaft work,,none,"ledger seconds; disassembly timing editorial, independent of ledger"
1388,30,00:00:46:07,46.233333333333334,Exhibit_camera / editorial plate push,Pressure becomes shaft work,,none,"ledger seconds; disassembly timing editorial, independent of ledger"
1389,30,00:00:46:08,46.266666666666666,Exhibit_camera / editorial plate push,Pressure becomes shaft work,,none,"ledger seconds; disassembly timing editorial, independent of ledger"
1390,30,00:00:46:09,46.3,Exhibit_camera / editorial plate push,Pressure becomes shaft work,,none,"ledger seconds; disassembly timing editorial, independent of ledger"
1391,30,00:00:46:10,46.333333333333336,Exhibit_camera / editorial plate push,Pressure becomes shaft work,,none,"ledger seconds; disassembly timing editorial, independent of ledger"
1392,30,00:00:46:11,46.36666666666667,Exhibit_camera / editorial plate push,Pressure becomes shaft work,,none,"ledger seconds; disassembly timing editorial, independent of ledger"
1393,30,00:00:46:12,46.4,Exhibit_camera / editorial plate push,Pressure becomes shaft work,,none,"ledger seconds; disassembly timing editorial, independent of ledger"
1394,30,00:00:46:13,46.43333333333333,Exhibit_camera / editorial plate push,Pressure becomes shaft work,,none,"ledger seconds; disassembly timing editorial, independent of ledger"
1395,30,00:00:46:14,46.46666666666667,Exhibit_camera / editorial plate push,Pressure becomes shaft work,,none,"ledger seconds; disassembly timing editorial, independent of ledger"
1396,30,00:00:46:15,46.5,Exhibit_camera / editorial plate push,Pressure becomes shaft work,,none,"ledger seconds; disassembly timing editorial, independent of ledger"
1397,30,00:00:46:16,46.53333333333333,Exhibit_camera / editorial plate push,Pressure becomes shaft work,,none,"ledger seconds; disassembly timing editorial, independent of ledger"
1398,30,00:00:46:17,46.56666666666667,Exhibit_camera / editorial plate push,Pressure becomes shaft work,,none,"ledger seconds; disassembly timing editorial, independent of ledger"
1399,30,00:00:46:18,46.6,Exhibit_camera / editorial plate push,Pressure becomes shaft work,,none,"ledger seconds; disassembly timing editorial, independent of ledger"
1400,30,00:00:46:19,46.63333333333333,Exhibit_camera / editorial plate push,Pressure becomes shaft work,,none,"ledger seconds; disassembly timing editorial, independent of ledger"
1401,30,00:00:46:20,46.666666666666664,Exhibit_camera / editorial plate push,Pressure becomes shaft work,,none,"ledger seconds; disassembly timing editorial, independent of ledger"
1402,30,00:00:46:21,46.7,Exhibit_camera / editorial plate push,Pressure becomes shaft work,,none,"ledger seconds; disassembly timing editorial, independent of ledger"
1403,30,00:00:46:22,46.733333333333334,Exhibit_camera / editorial plate push,Pressure becomes shaft work,,none,"ledger seconds; disassembly timing editorial, independent of ledger"
1404,30,00:00:46:23,46.766666666666666,Exhibit_camera / editorial plate push,Pressure becomes shaft work,,none,"ledger seconds; disassembly timing editorial, independent of ledger"
1405,30,00:00:46:24,46.8,Exhibit_camera / editorial plate push,Pressure becomes shaft work,,none,"ledger seconds; disassembly timing editorial, independent of ledger"
1406,30,00:00:46:25,46.833333333333336,Exhibit_camera / editorial plate push,Pressure becomes shaft work,,none,"ledger seconds; disassembly timing editorial, independent of ledger"
1407,30,00:00:46:26,46.86666666666667,Exhibit_camera / editorial plate push,Pressure becomes shaft work,,none,"ledger seconds; disassembly timing editorial, independent of ledger"
1408,30,00:00:46:27,46.9,Exhibit_camera / editorial plate push,Pressure becomes shaft work,,none,"ledger seconds; disassembly timing editorial, independent of ledger"
1409,30,00:00:46:28,46.93333333333333,Exhibit_camera / editorial plate push,Pressure becomes shaft work,,none,"ledger seconds; disassembly timing editorial, independent of ledger"
1410,30,00:00:46:29,46.96666666666667,Exhibit_camera / editorial plate push,Pressure becomes shaft work,,none,"ledger seconds; disassembly timing editorial, independent of ledger"
1411,30,00:00:47:00,47.0,Exhibit_camera / editorial plate push,Pressure becomes shaft work,,none,"ledger seconds; disassembly timing editorial, independent of ledger"
1412,30,00:00:47:01,47.03333333333333,Exhibit_camera / editorial plate push,Pressure becomes shaft work,,none,"ledger seconds; disassembly timing editorial, independent of ledger"
1413,30,00:00:47:02,47.06666666666667,Exhibit_camera / editorial plate push,Pressure becomes shaft work,,none,"ledger seconds; disassembly timing editorial, independent of ledger"
1414,30,00:00:47:03,47.1,Exhibit_camera / editorial plate push,Pressure becomes shaft work,,none,"ledger seconds; disassembly timing editorial, independent of ledger"
1415,30,00:00:47:04,47.13333333333333,Exhibit_camera / editorial plate push,Pressure becomes shaft work,,none,"ledger seconds; disassembly timing editorial, independent of ledger"
1416,30,00:00:47:05,47.166666666666664,Exhibit_camera / editorial plate push,Pressure becomes shaft work,,none,"ledger seconds; disassembly timing editorial, independent of ledger"
1417,30,00:00:47:06,47.2,Exhibit_camera / editorial plate push,Pressure becomes shaft work,,none,"ledger seconds; disassembly timing editorial, independent of ledger"
1418,30,00:00:47:07,47.233333333333334,Exhibit_camera / editorial plate push,Pressure becomes shaft work,,none,"ledger seconds; disassembly timing editorial, independent of ledger"
1419,30,00:00:47:08,47.266666666666666,Exhibit_camera / editorial plate push,Pressure becomes shaft work,,none,"ledger seconds; disassembly timing editorial, independent of ledger"
1420,30,00:00:47:09,47.3,Exhibit_camera / editorial plate push,Pressure becomes shaft work,,none,"ledger seconds; disassembly timing editorial, independent of ledger"
1421,30,00:00:47:10,47.333333333333336,Exhibit_camera / editorial plate push,Pressure becomes shaft work,,none,"ledger seconds; disassembly timing editorial, independent of ledger"
1422,30,00:00:47:11,47.36666666666667,Exhibit_camera / editorial plate push,Pressure becomes shaft work,,none,"ledger seconds; disassembly timing editorial, independent of ledger"
1423,30,00:00:47:12,47.4,Exhibit_camera / editorial plate push,Pressure becomes shaft work,,none,"ledger seconds; disassembly timing editorial, independent of ledger"
1424,30,00:00:47:13,47.43333333333333,Exhibit_camera / editorial plate push,Pressure becomes shaft work,,none,"ledger seconds; disassembly timing editorial, independent of ledger"
1425,30,00:00:47:14,47.46666666666667,Exhibit_camera / editorial plate push,Pressure becomes shaft work,,none,"ledger seconds; disassembly timing editorial, independent of ledger"
1426,30,00:00:47:15,47.5,Exhibit_camera / editorial plate push,Pressure becomes shaft work,,none,"ledger seconds; disassembly timing editorial, independent of ledger"
1427,30,00:00:47:16,47.53333333333333,Exhibit_camera / editorial plate push,Pressure becomes shaft work,,none,"ledger seconds; disassembly timing editorial, independent of ledger"
1428,30,00:00:47:17,47.56666666666667,Exhibit_camera / editorial plate push,Pressure becomes shaft work,,none,"ledger seconds; disassembly timing editorial, independent of ledger"
1429,30,00:00:47:18,47.6,Exhibit_camera / editorial plate push,Pressure becomes shaft work,,none,"ledger seconds; disassembly timing editorial, independent of ledger"
1430,30,00:00:47:19,47.63333333333333,Exhibit_camera / editorial plate push,Pressure becomes shaft work,,none,"ledger seconds; disassembly timing editorial, independent of ledger"
1431,30,00:00:47:20,47.666666666666664,Exhibit_camera / editorial plate push,Pressure becomes shaft work,,none,"ledger seconds; disassembly timing editorial, independent of ledger"
1432,30,00:00:47:21,47.7,Exhibit_camera / editorial plate push,Pressure becomes shaft work,,none,"ledger seconds; disassembly timing editorial, independent of ledger"
1433,30,00:00:47:22,47.733333333333334,Exhibit_camera / editorial plate push,Pressure becomes shaft work,,none,"ledger seconds; disassembly timing editorial, independent of ledger"
1434,30,00:00:47:23,47.766666666666666,Exhibit_camera / editorial plate push,Pressure becomes shaft work,,none,"ledger seconds; disassembly timing editorial, independent of ledger"
1435,30,00:00:47:24,47.8,Exhibit_camera / editorial plate push,Pressure becomes shaft work,,none,"ledger seconds; disassembly timing editorial, independent of ledger"
1436,30,00:00:47:25,47.833333333333336,Exhibit_camera / editorial plate push,Pressure becomes shaft work,,none,"ledger seconds; disassembly timing editorial, independent of ledger"
1437,30,00:00:47:26,47.86666666666667,Exhibit_camera / editorial plate push,Pressure becomes shaft work,,none,"ledger seconds; disassembly timing editorial, independent of ledger"
1438,30,00:00:47:27,47.9,Exhibit_camera / editorial plate push,Pressure becomes shaft work,,none,"ledger seconds; disassembly timing editorial, independent of ledger"
1439,30,00:00:47:28,47.93333333333333,Exhibit_camera / editorial plate push,Pressure becomes shaft work,,none,"ledger seconds; disassembly timing editorial, independent of ledger"
1440,30,00:00:47:29,47.96666666666667,Exhibit_camera / editorial plate push,Pressure becomes shaft work,,none,"ledger seconds; disassembly timing editorial, independent of ledger"
1441,30,00:00:48:00,48.0,Exhibit_camera / editorial plate push,Pressure becomes shaft work,,none,"ledger seconds; disassembly timing editorial, independent of ledger"
1442,30,00:00:48:01,48.03333333333333,Exhibit_camera / editorial plate push,Pressure becomes shaft work,,none,"ledger seconds; disassembly timing editorial, independent of ledger"
1443,30,00:00:48:02,48.06666666666667,Exhibit_camera / editorial plate push,Pressure becomes shaft work,,none,"ledger seconds; disassembly timing editorial, independent of ledger"
1444,30,00:00:48:03,48.1,Exhibit_camera / editorial plate push,Pressure becomes shaft work,,none,"ledger seconds; disassembly timing editorial, independent of ledger"
1445,30,00:00:48:04,48.13333333333333,Exhibit_camera / editorial plate push,Pressure becomes shaft work,,none,"ledger seconds; disassembly timing editorial, independent of ledger"
1446,30,00:00:48:05,48.166666666666664,Exhibit_camera / editorial plate push,Pressure becomes shaft work,,none,"ledger seconds; disassembly timing editorial, independent of ledger"
1447,30,00:00:48:06,48.2,Exhibit_camera / editorial plate push,Pressure becomes shaft work,,none,"ledger seconds; disassembly timing editorial, independent of ledger"
1448,30,00:00:48:07,48.233333333333334,Exhibit_camera / editorial plate push,Pressure becomes shaft work,,none,"ledger seconds; disassembly timing editorial, independent of ledger"
1449,30,00:00:48:08,48.266666666666666,Exhibit_camera / editorial plate push,Pressure becomes shaft work,,none,"ledger seconds; disassembly timing editorial, independent of ledger"
1450,30,00:00:48:09,48.3,Exhibit_camera / editorial plate push,Pressure becomes shaft work,,none,"ledger seconds; disassembly timing editorial, independent of ledger"
1451,30,00:00:48:10,48.333333333333336,Exhibit_camera / editorial plate push,Pressure becomes shaft work,,none,"ledger seconds; disassembly timing editorial, independent of ledger"
1452,30,00:00:48:11,48.36666666666667,Exhibit_camera / editorial plate push,Pressure becomes shaft work,,none,"ledger seconds; disassembly timing editorial, independent of ledger"
1453,30,00:00:48:12,48.4,Exhibit_camera / editorial plate push,Pressure becomes shaft work,,none,"ledger seconds; disassembly timing editorial, independent of ledger"
1454,30,00:00:48:13,48.43333333333333,Exhibit_camera / editorial plate push,Pressure becomes shaft work,,none,"ledger seconds; disassembly timing editorial, independent of ledger"
1455,30,00:00:48:14,48.46666666666667,Exhibit_camera / editorial plate push,Pressure becomes shaft work,,none,"ledger seconds; disassembly timing editorial, independent of ledger"
1456,30,00:00:48:15,48.5,Exhibit_camera / editorial plate push,Pressure becomes shaft work,,none,"ledger seconds; disassembly timing editorial, independent of ledger"
1457,30,00:00:48:16,48.53333333333333,Exhibit_camera / editorial plate push,Pressure becomes shaft work,,none,"ledger seconds; disassembly timing editorial, independent of ledger"
1458,30,00:00:48:17,48.56666666666667,Exhibit_camera / editorial plate push,Pressure becomes shaft work,,none,"ledger seconds; disassembly timing editorial, independent of ledger"
1459,30,00:00:48:18,48.6,Exhibit_camera / editorial plate push,Pressure becomes shaft work,,none,"ledger seconds; disassembly timing editorial, independent of ledger"
1460,30,00:00:48:19,48.63333333333333,Exhibit_camera / editorial plate push,Pressure becomes shaft work,,none,"ledger seconds; disassembly timing editorial, independent of ledger"
1461,30,00:00:48:20,48.666666666666664,Exhibit_camera / editorial plate push,Pressure becomes shaft work,,none,"ledger seconds; disassembly timing editorial, independent of ledger"
1462,30,00:00:48:21,48.7,Exhibit_camera / editorial plate push,Pressure becomes shaft work,,none,"ledger seconds; disassembly timing editorial, independent of ledger"
1463,30,00:00:48:22,48.733333333333334,Exhibit_camera / editorial plate push,Pressure becomes shaft work,,none,"ledger seconds; disassembly timing editorial, independent of ledger"
1464,30,00:00:48:23,48.766666666666666,Exhibit_camera / editorial plate push,Pressure becomes shaft work,,none,"ledger seconds; disassembly timing editorial, independent of ledger"
1465,30,00:00:48:24,48.8,Exhibit_camera / editorial plate push,Pressure becomes shaft work,,none,"ledger seconds; disassembly timing editorial, independent of ledger"
1466,30,00:00:48:25,48.833333333333336,Exhibit_camera / editorial plate push,Pressure becomes shaft work,,none,"ledger seconds; disassembly timing editorial, independent of ledger"
1467,30,00:00:48:26,48.86666666666667,Exhibit_camera / editorial plate push,Pressure becomes shaft work,,none,"ledger seconds; disassembly timing editorial, independent of ledger"
1468,30,00:00:48:27,48.9,Exhibit_camera / editorial plate push,Pressure becomes shaft work,,none,"ledger seconds; disassembly timing editorial, independent of ledger"
1469,30,00:00:48:28,48.93333333333333,Exhibit_camera / editorial plate push,Pressure becomes shaft work,,none,"ledger seconds; disassembly timing editorial, independent of ledger"
1470,30,00:00:48:29,48.96666666666667,Exhibit_camera / editorial plate push,Pressure becomes shaft work,,none,"ledger seconds; disassembly timing editorial, independent of ledger"
1471,30,00:00:49:00,49.0,Exhibit_camera / editorial plate push,Pressure becomes shaft work,,none,"ledger seconds; disassembly timing editorial, independent of ledger"
1472,30,00:00:49:01,49.03333333333333,Exhibit_camera / editorial plate push,Pressure becomes shaft work,,none,"ledger seconds; disassembly timing editorial, independent of ledger"
1473,30,00:00:49:02,49.06666666666667,Exhibit_camera / editorial plate push,Pressure becomes shaft work,,none,"ledger seconds; disassembly timing editorial, independent of ledger"
1474,30,00:00:49:03,49.1,Exhibit_camera / editorial plate push,Pressure becomes shaft work,,none,"ledger seconds; disassembly timing editorial, independent of ledger"
1475,30,00:00:49:04,49.13333333333333,Exhibit_camera / editorial plate push,Pressure becomes shaft work,,none,"ledger seconds; disassembly timing editorial, independent of ledger"
1476,30,00:00:49:05,49.166666666666664,Exhibit_camera / editorial plate push,Pressure becomes shaft work,,none,"ledger seconds; disassembly timing editorial, independent of ledger"
1477,30,00:00:49:06,49.2,Exhibit_camera / editorial plate push,Pressure becomes shaft work,,none,"ledger seconds; disassembly timing editorial, independent of ledger"
1478,30,00:00:49:07,49.233333333333334,Exhibit_camera / editorial plate push,Pressure becomes shaft work,,none,"ledger seconds; disassembly timing editorial, independent of ledger"
1479,30,00:00:49:08,49.266666666666666,Exhibit_camera / editorial plate push,Pressure becomes shaft work,,none,"ledger seconds; disassembly timing editorial, independent of ledger"
1480,30,00:00:49:09,49.3,Exhibit_camera / editorial plate push,Pressure becomes shaft work,,none,"ledger seconds; disassembly timing editorial, independent of ledger"
1481,30,00:00:49:10,49.333333333333336,Exhibit_camera / editorial plate push,Pressure becomes shaft work,,none,"ledger seconds; disassembly timing editorial, independent of ledger"
1482,30,00:00:49:11,49.36666666666667,Exhibit_camera / editorial plate push,Pressure becomes shaft work,,none,"ledger seconds; disassembly timing editorial, independent of ledger"
1483,30,00:00:49:12,49.4,Exhibit_camera / editorial plate push,Pressure becomes shaft work,,none,"ledger seconds; disassembly timing editorial, independent of ledger"
1484,30,00:00:49:13,49.43333333333333,Exhibit_camera / editorial plate push,Pressure becomes shaft work,,none,"ledger seconds; disassembly timing editorial, independent of ledger"
1485,30,00:00:49:14,49.46666666666667,Exhibit_camera / editorial plate push,Pressure becomes shaft work,,none,"ledger seconds; disassembly timing editorial, independent of ledger"
1486,30,00:00:49:15,49.5,Exhibit_camera / editorial plate push,Pressure becomes shaft work,,none,"ledger seconds; disassembly timing editorial, independent of ledger"
1487,30,00:00:49:16,49.53333333333333,Exhibit_camera / editorial plate push,Pressure becomes shaft work,,none,"ledger seconds; disassembly timing editorial, independent of ledger"
1488,30,00:00:49:17,49.56666666666667,Exhibit_camera / editorial plate push,Pressure becomes shaft work,,none,"ledger seconds; disassembly timing editorial, independent of ledger"
1489,30,00:00:49:18,49.6,Exhibit_camera / editorial plate push,Pressure becomes shaft work,,none,"ledger seconds; disassembly timing editorial, independent of ledger"
1490,30,00:00:49:19,49.63333333333333,Exhibit_camera / editorial plate push,Pressure becomes shaft work,,none,"ledger seconds; disassembly timing editorial, independent of ledger"
1491,30,00:00:49:20,49.666666666666664,Exhibit_camera / editorial plate push,Pressure becomes shaft work,,none,"ledger seconds; disassembly timing editorial, independent of ledger"
1492,30,00:00:49:21,49.7,Exhibit_camera / editorial plate push,Pressure becomes shaft work,,none,"ledger seconds; disassembly timing editorial, independent of ledger"
1493,30,00:00:49:22,49.733333333333334,Exhibit_camera / editorial plate push,Pressure becomes shaft work,,none,"ledger seconds; disassembly timing editorial, independent of ledger"
1494,30,00:00:49:23,49.766666666666666,Exhibit_camera / editorial plate push,Pressure becomes shaft work,,none,"ledger seconds; disassembly timing editorial, independent of ledger"
1495,30,00:00:49:24,49.8,Exhibit_camera / editorial plate push,Pressure becomes shaft work,,none,"ledger seconds; disassembly timing editorial, independent of ledger"
1496,30,00:00:49:25,49.833333333333336,Exhibit_camera / editorial plate push,Pressure becomes shaft work,,none,"ledger seconds; disassembly timing editorial, independent of ledger"
1497,30,00:00:49:26,49.86666666666667,Exhibit_camera / editorial plate push,Pressure becomes shaft work,,none,"ledger seconds; disassembly timing editorial, independent of ledger"
1498,30,00:00:49:27,49.9,Exhibit_camera / editorial plate push,Pressure becomes shaft work,,none,"ledger seconds; disassembly timing editorial, independent of ledger"
1499,30,00:00:49:28,49.93333333333333,Exhibit_camera / editorial plate push,Pressure becomes shaft work,,none,"ledger seconds; disassembly timing editorial, independent of ledger"
1500,30,00:00:49:29,49.96666666666667,Exhibit_camera / editorial plate push,Pressure becomes shaft work,,none,"ledger seconds; disassembly timing editorial, independent of ledger"
1501,30,00:00:50:00,50.0,Exhibit_camera / editorial plate push,Pressure becomes shaft work,,none,"ledger seconds; disassembly timing editorial, independent of ledger"
1502,30,00:00:50:01,50.03333333333333,Exhibit_camera / editorial plate push,Pressure becomes shaft work,,none,"ledger seconds; disassembly timing editorial, independent of ledger"
1503,30,00:00:50:02,50.06666666666667,Exhibit_camera / editorial plate push,Pressure becomes shaft work,,none,"ledger seconds; disassembly timing editorial, independent of ledger"
1504,30,00:00:50:03,50.1,Exhibit_camera / editorial plate push,Pressure becomes shaft work,,none,"ledger seconds; disassembly timing editorial, independent of ledger"
1505,30,00:00:50:04,50.13333333333333,Exhibit_camera / editorial plate push,Pressure becomes shaft work,,none,"ledger seconds; disassembly timing editorial, independent of ledger"
1506,30,00:00:50:05,50.166666666666664,Exhibit_camera / editorial plate push,Pressure becomes shaft work,,none,"ledger seconds; disassembly timing editorial, independent of ledger"
1507,30,00:00:50:06,50.2,Exhibit_camera / editorial plate push,Pressure becomes shaft work,,none,"ledger seconds; disassembly timing editorial, independent of ledger"
1508,30,00:00:50:07,50.233333333333334,Exhibit_camera / editorial plate push,Pressure becomes shaft work,,none,"ledger seconds; disassembly timing editorial, independent of ledger"
1509,30,00:00:50:08,50.266666666666666,Exhibit_camera / editorial plate push,Pressure becomes shaft work,,none,"ledger seconds; disassembly timing editorial, independent of ledger"
1510,30,00:00:50:09,50.3,Exhibit_camera / editorial plate push,Pressure becomes shaft work,,none,"ledger seconds; disassembly timing editorial, independent of ledger"
1511,30,00:00:50:10,50.333333333333336,Exhibit_camera / editorial plate push,Pressure becomes shaft work,,none,"ledger seconds; disassembly timing editorial, independent of ledger"
1512,30,00:00:50:11,50.36666666666667,Exhibit_camera / editorial plate push,Pressure becomes shaft work,,none,"ledger seconds; disassembly timing editorial, independent of ledger"
1513,30,00:00:50:12,50.4,Exhibit_camera / editorial plate push,Pressure becomes shaft work,,none,"ledger seconds; disassembly timing editorial, independent of ledger"
1514,30,00:00:50:13,50.43333333333333,Exhibit_camera / editorial plate push,Pressure becomes shaft work,,none,"ledger seconds; disassembly timing editorial, independent of ledger"
1515,30,00:00:50:14,50.46666666666667,Exhibit_camera / editorial plate push,Pressure becomes shaft work,,none,"ledger seconds; disassembly timing editorial, independent of ledger"
1516,30,00:00:50:15,50.5,Exhibit_camera / editorial plate push,Pressure becomes shaft work,,none,"ledger seconds; disassembly timing editorial, independent of ledger"
1517,30,00:00:50:16,50.53333333333333,Exhibit_camera / editorial plate push,Pressure becomes shaft work,,none,"ledger seconds; disassembly timing editorial, independent of ledger"
1518,30,00:00:50:17,50.56666666666667,Exhibit_camera / editorial plate push,Pressure becomes shaft work,,none,"ledger seconds; disassembly timing editorial, independent of ledger"
1519,30,00:00:50:18,50.6,Exhibit_camera / editorial plate push,Pressure becomes shaft work,,none,"ledger seconds; disassembly timing editorial, independent of ledger"
1520,30,00:00:50:19,50.63333333333333,Exhibit_camera / editorial plate push,Pressure becomes shaft work,,none,"ledger seconds; disassembly timing editorial, independent of ledger"
1521,30,00:00:50:20,50.666666666666664,Exhibit_camera / editorial plate push,Pressure becomes shaft work,,none,"ledger seconds; disassembly timing editorial, independent of ledger"
1522,30,00:00:50:21,50.7,Exhibit_camera / editorial plate push,Pressure becomes shaft work,,none,"ledger seconds; disassembly timing editorial, independent of ledger"
1523,30,00:00:50:22,50.733333333333334,Exhibit_camera / editorial plate push,Pressure becomes shaft work,,none,"ledger seconds; disassembly timing editorial, independent of ledger"
1524,30,00:00:50:23,50.766666666666666,Exhibit_camera / editorial plate push,Pressure becomes shaft work,,none,"ledger seconds; disassembly timing editorial, independent of ledger"
1525,30,00:00:50:24,50.8,Exhibit_camera / editorial plate push,Pressure becomes shaft work,,none,"ledger seconds; disassembly timing editorial, independent of ledger"
1526,30,00:00:50:25,50.833333333333336,Exhibit_camera / editorial plate push,Pressure becomes shaft work,,none,"ledger seconds; disassembly timing editorial, independent of ledger"
1527,30,00:00:50:26,50.86666666666667,Exhibit_camera / editorial plate push,Pressure becomes shaft work,,none,"ledger seconds; disassembly timing editorial, independent of ledger"
1528,30,00:00:50:27,50.9,Exhibit_camera / editorial plate push,Pressure becomes shaft work,,none,"ledger seconds; disassembly timing editorial, independent of ledger"
1529,30,00:00:50:28,50.93333333333333,Exhibit_camera / editorial plate push,Pressure becomes shaft work,,none,"ledger seconds; disassembly timing editorial, independent of ledger"
1530,30,00:00:50:29,50.96666666666667,Exhibit_camera / editorial plate push,Pressure becomes shaft work,,none,"ledger seconds; disassembly timing editorial, independent of ledger"
1531,30,00:00:51:00,51.0,Exhibit_camera / editorial plate push,Pressure becomes shaft work,,none,"ledger seconds; disassembly timing editorial, independent of ledger"
1532,30,00:00:51:01,51.03333333333333,Exhibit_camera / editorial plate push,Pressure becomes shaft work,,none,"ledger seconds; disassembly timing editorial, independent of ledger"
1533,30,00:00:51:02,51.06666666666667,Exhibit_camera / editorial plate push,Pressure becomes shaft work,,none,"ledger seconds; disassembly timing editorial, independent of ledger"
1534,30,00:00:51:03,51.1,Exhibit_camera / editorial plate push,Pressure becomes shaft work,,none,"ledger seconds; disassembly timing editorial, independent of ledger"
1535,30,00:00:51:04,51.13333333333333,Exhibit_camera / editorial plate push,Pressure becomes shaft work,,none,"ledger seconds; disassembly timing editorial, independent of ledger"
1536,30,00:00:51:05,51.166666666666664,Exhibit_camera / editorial plate push,Pressure becomes shaft work,,none,"ledger seconds; disassembly timing editorial, independent of ledger"
1537,30,00:00:51:06,51.2,Exhibit_camera / editorial plate push,Pressure becomes shaft work,,none,"ledger seconds; disassembly timing editorial, independent of ledger"
1538,30,00:00:51:07,51.233333333333334,Exhibit_camera / editorial plate push,Pressure becomes shaft work,,none,"ledger seconds; disassembly timing editorial, independent of ledger"
1539,30,00:00:51:08,51.266666666666666,Exhibit_camera / editorial plate push,Pressure becomes shaft work,,none,"ledger seconds; disassembly timing editorial, independent of ledger"
1540,30,00:00:51:09,51.3,Exhibit_camera / editorial plate push,Pressure becomes shaft work,,none,"ledger seconds; disassembly timing editorial, independent of ledger"
1541,30,00:00:51:10,51.333333333333336,Exhibit_camera / editorial plate push,Pressure becomes shaft work,,none,"ledger seconds; disassembly timing editorial, independent of ledger"
1542,30,00:00:51:11,51.36666666666667,Exhibit_camera / editorial plate push,Pressure becomes shaft work,,none,"ledger seconds; disassembly timing editorial, independent of ledger"
1543,30,00:00:51:12,51.4,Exhibit_camera / editorial plate push,Pressure becomes shaft work,,none,"ledger seconds; disassembly timing editorial, independent of ledger"
1544,30,00:00:51:13,51.43333333333333,Exhibit_camera / editorial plate push,Pressure becomes shaft work,,none,"ledger seconds; disassembly timing editorial, independent of ledger"
1545,30,00:00:51:14,51.46666666666667,Exhibit_camera / editorial plate push,Pressure becomes shaft work,,none,"ledger seconds; disassembly timing editorial, independent of ledger"
1546,30,00:00:51:15,51.5,Exhibit_camera / editorial plate push,Pressure becomes shaft work,,none,"ledger seconds; disassembly timing editorial, independent of ledger"
1547,30,00:00:51:16,51.53333333333333,Exhibit_camera / editorial plate push,Pressure becomes shaft work,,none,"ledger seconds; disassembly timing editorial, independent of ledger"
1548,30,00:00:51:17,51.56666666666667,Exhibit_camera / editorial plate push,Pressure becomes shaft work,,none,"ledger seconds; disassembly timing editorial, independent of ledger"
1549,30,00:00:51:18,51.6,Exhibit_camera / editorial plate push,Pressure becomes shaft work,,none,"ledger seconds; disassembly timing editorial, independent of ledger"
1550,30,00:00:51:19,51.63333333333333,Exhibit_camera / editorial plate push,Pressure becomes shaft work,,none,"ledger seconds; disassembly timing editorial, independent of ledger"
1551,30,00:00:51:20,51.666666666666664,Exhibit_camera / editorial plate push,Pressure becomes shaft work,,none,"ledger seconds; disassembly timing editorial, independent of ledger"
1552,30,00:00:51:21,51.7,Exhibit_camera / editorial plate push,Pressure becomes shaft work,,none,"ledger seconds; disassembly timing editorial, independent of ledger"
1553,30,00:00:51:22,51.733333333333334,Exhibit_camera / editorial plate push,Pressure becomes shaft work,,none,"ledger seconds; disassembly timing editorial, independent of ledger"
1554,30,00:00:51:23,51.766666666666666,Exhibit_camera / editorial plate push,Pressure becomes shaft work,,none,"ledger seconds; disassembly timing editorial, independent of ledger"
1555,30,00:00:51:24,51.8,Exhibit_camera / editorial plate push,Pressure becomes shaft work,,none,"ledger seconds; disassembly timing editorial, independent of ledger"
1556,30,00:00:51:25,51.833333333333336,Exhibit_camera / editorial plate push,Pressure becomes shaft work,,none,"ledger seconds; disassembly timing editorial, independent of ledger"
1557,30,00:00:51:26,51.86666666666667,Exhibit_camera / editorial plate push,Pressure becomes shaft work,,none,"ledger seconds; disassembly timing editorial, independent of ledger"
1558,30,00:00:51:27,51.9,Exhibit_camera / editorial plate push,Pressure becomes shaft work,,none,"ledger seconds; disassembly timing editorial, independent of ledger"
1559,30,00:00:51:28,51.93333333333333,Exhibit_camera / editorial plate push,Pressure becomes shaft work,,none,"ledger seconds; disassembly timing editorial, independent of ledger"
1560,30,00:00:51:29,51.96666666666667,Exhibit_camera / editorial plate push,Pressure becomes shaft work,,none,"ledger seconds; disassembly timing editorial, independent of ledger"
1561,30,00:00:52:00,52.0,Exhibit_camera / editorial plate push,Pressure becomes shaft work,,none,"ledger seconds; disassembly timing editorial, independent of ledger"
1562,30,00:00:52:01,52.03333333333333,Exhibit_camera / editorial plate push,Pressure becomes shaft work,,none,"ledger seconds; disassembly timing editorial, independent of ledger"
1563,30,00:00:52:02,52.06666666666667,Exhibit_camera / editorial plate push,Pressure becomes shaft work,,none,"ledger seconds; disassembly timing editorial, independent of ledger"
1564,30,00:00:52:03,52.1,Exhibit_camera / editorial plate push,Pressure becomes shaft work,,none,"ledger seconds; disassembly timing editorial, independent of ledger"
1565,30,00:00:52:04,52.13333333333333,Exhibit_camera / editorial plate push,Pressure becomes shaft work,,none,"ledger seconds; disassembly timing editorial, independent of ledger"
1566,30,00:00:52:05,52.166666666666664,Exhibit_camera / editorial plate push,Pressure becomes shaft work,,none,"ledger seconds; disassembly timing editorial, independent of ledger"
1567,30,00:00:52:06,52.2,Exhibit_camera / editorial plate push,Pressure becomes shaft work,,none,"ledger seconds; disassembly timing editorial, independent of ledger"
1568,30,00:00:52:07,52.233333333333334,Exhibit_camera / editorial plate push,Pressure becomes shaft work,,none,"ledger seconds; disassembly timing editorial, independent of ledger"
1569,30,00:00:52:08,52.266666666666666,Exhibit_camera / editorial plate push,Pressure becomes shaft work,,none,"ledger seconds; disassembly timing editorial, independent of ledger"
1570,30,00:00:52:09,52.3,Exhibit_camera / editorial plate push,Pressure becomes shaft work,,none,"ledger seconds; disassembly timing editorial, independent of ledger"
1571,30,00:00:52:10,52.333333333333336,Exhibit_camera / editorial plate push,Pressure becomes shaft work,,none,"ledger seconds; disassembly timing editorial, independent of ledger"
1572,30,00:00:52:11,52.36666666666667,Exhibit_camera / editorial plate push,Pressure becomes shaft work,,none,"ledger seconds; disassembly timing editorial, independent of ledger"
1573,30,00:00:52:12,52.4,Exhibit_camera / editorial plate push,Pressure becomes shaft work,,none,"ledger seconds; disassembly timing editorial, independent of ledger"
1574,30,00:00:52:13,52.43333333333333,Exhibit_camera / editorial plate push,Pressure becomes shaft work,,none,"ledger seconds; disassembly timing editorial, independent of ledger"
1575,30,00:00:52:14,52.46666666666667,Exhibit_camera / editorial plate push,Pressure becomes shaft work,,none,"ledger seconds; disassembly timing editorial, independent of ledger"
1576,30,00:00:52:15,52.5,Exhibit_camera / editorial plate push,Pressure becomes shaft work,,none,"ledger seconds; disassembly timing editorial, independent of ledger"
1577,30,00:00:52:16,52.53333333333333,Exhibit_camera / editorial plate push,Pressure becomes shaft work,,none,"ledger seconds; disassembly timing editorial, independent of ledger"
1578,30,00:00:52:17,52.56666666666667,Exhibit_camera / editorial plate push,Pressure becomes shaft work,,none,"ledger seconds; disassembly timing editorial, independent of ledger"
1579,30,00:00:52:18,52.6,Exhibit_camera / editorial plate push,Pressure becomes shaft work,,none,"ledger seconds; disassembly timing editorial, independent of ledger"
1580,30,00:00:52:19,52.63333333333333,Exhibit_camera / editorial plate push,Pressure becomes shaft work,,none,"ledger seconds; disassembly timing editorial, independent of ledger"
1581,30,00:00:52:20,52.666666666666664,Exhibit_camera / editorial plate push,Pressure becomes shaft work,,none,"ledger seconds; disassembly timing editorial, independent of ledger"
1582,30,00:00:52:21,52.7,Exhibit_camera / editorial plate push,Pressure becomes shaft work,,none,"ledger seconds; disassembly timing editorial, independent of ledger"
1583,30,00:00:52:22,52.733333333333334,Exhibit_camera / editorial plate push,Pressure becomes shaft work,,none,"ledger seconds; disassembly timing editorial, independent of ledger"
1584,30,00:00:52:23,52.766666666666666,Exhibit_camera / editorial plate push,Pressure becomes shaft work,,none,"ledger seconds; disassembly timing editorial, independent of ledger"
1585,30,00:00:52:24,52.8,Exhibit_camera / editorial plate push,Pressure becomes shaft work,,none,"ledger seconds; disassembly timing editorial, independent of ledger"
1586,30,00:00:52:25,52.833333333333336,Exhibit_camera / editorial plate push,Pressure becomes shaft work,,none,"ledger seconds; disassembly timing editorial, independent of ledger"
1587,30,00:00:52:26,52.86666666666667,Exhibit_camera / editorial plate push,Pressure becomes shaft work,,none,"ledger seconds; disassembly timing editorial, independent of ledger"
1588,30,00:00:52:27,52.9,Exhibit_camera / editorial plate push,Pressure becomes shaft work,,none,"ledger seconds; disassembly timing editorial, independent of ledger"
1589,30,00:00:52:28,52.93333333333333,Exhibit_camera / editorial plate push,Pressure becomes shaft work,,none,"ledger seconds; disassembly timing editorial, independent of ledger"
1590,30,00:00:52:29,52.96666666666667,Exhibit_camera / editorial plate push,Pressure becomes shaft work,,none,"ledger seconds; disassembly timing editorial, independent of ledger"
1591,30,00:00:53:00,53.0,Exhibit_camera / editorial plate push,Pressure becomes shaft work,,none,"ledger seconds; disassembly timing editorial, independent of ledger"
1592,30,00:00:53:01,53.03333333333333,Exhibit_camera / editorial plate push,Pressure becomes shaft work,,none,"ledger seconds; disassembly timing editorial, independent of ledger"
1593,30,00:00:53:02,53.06666666666667,Exhibit_camera / editorial plate push,Pressure becomes shaft work,,none,"ledger seconds; disassembly timing editorial, independent of ledger"
1594,30,00:00:53:03,53.1,Exhibit_camera / editorial plate push,Pressure becomes shaft work,,none,"ledger seconds; disassembly timing editorial, independent of ledger"
1595,30,00:00:53:04,53.13333333333333,Exhibit_camera / editorial plate push,Pressure becomes shaft work,,none,"ledger seconds; disassembly timing editorial, independent of ledger"
1596,30,00:00:53:05,53.166666666666664,Exhibit_camera / editorial plate push,Pressure becomes shaft work,,none,"ledger seconds; disassembly timing editorial, independent of ledger"
1597,30,00:00:53:06,53.2,Exhibit_camera / editorial plate push,Pressure becomes shaft work,,none,"ledger seconds; disassembly timing editorial, independent of ledger"
1598,30,00:00:53:07,53.233333333333334,Exhibit_camera / editorial plate push,Pressure becomes shaft work,,none,"ledger seconds; disassembly timing editorial, independent of ledger"
1599,30,00:00:53:08,53.266666666666666,Exhibit_camera / editorial plate push,Pressure becomes shaft work,,none,"ledger seconds; disassembly timing editorial, independent of ledger"
1600,30,00:00:53:09,53.3,Exhibit_camera / editorial plate push,Pressure becomes shaft work,,none,"ledger seconds; disassembly timing editorial, independent of ledger"
1601,30,00:00:53:10,53.333333333333336,Exhibit_camera / editorial plate push,Pressure becomes shaft work,,none,"ledger seconds; disassembly timing editorial, independent of ledger"
1602,30,00:00:53:11,53.36666666666667,Exhibit_camera / editorial plate push,Pressure becomes shaft work,,none,"ledger seconds; disassembly timing editorial, independent of ledger"
1603,30,00:00:53:12,53.4,Exhibit_camera / editorial plate push,Pressure becomes shaft work,,none,"ledger seconds; disassembly timing editorial, independent of ledger"
1604,30,00:00:53:13,53.43333333333333,Exhibit_camera / editorial plate push,Pressure becomes shaft work,,none,"ledger seconds; disassembly timing editorial, independent of ledger"
1605,30,00:00:53:14,53.46666666666667,Exhibit_camera / editorial plate push,Pressure becomes shaft work,,none,"ledger seconds; disassembly timing editorial, independent of ledger"
1606,30,00:00:53:15,53.5,Exhibit_camera / editorial plate push,Pressure becomes shaft work,,none,"ledger seconds; disassembly timing editorial, independent of ledger"
1607,30,00:00:53:16,53.53333333333333,Exhibit_camera / editorial plate push,Pressure becomes shaft work,,none,"ledger seconds; disassembly timing editorial, independent of ledger"
1608,30,00:00:53:17,53.56666666666667,Exhibit_camera / editorial plate push,Pressure becomes shaft work,,none,"ledger seconds; disassembly timing editorial, independent of ledger"
1609,30,00:00:53:18,53.6,Exhibit_camera / editorial plate push,Pressure becomes shaft work,,none,"ledger seconds; disassembly timing editorial, independent of ledger"
1610,30,00:00:53:19,53.63333333333333,Exhibit_camera / editorial plate push,Pressure becomes shaft work,,none,"ledger seconds; disassembly timing editorial, independent of ledger"
1611,30,00:00:53:20,53.666666666666664,Exhibit_camera / editorial plate push,Pressure becomes shaft work,,none,"ledger seconds; disassembly timing editorial, independent of ledger"
1612,30,00:00:53:21,53.7,Exhibit_camera / editorial plate push,Pressure becomes shaft work,,none,"ledger seconds; disassembly timing editorial, independent of ledger"
1613,30,00:00:53:22,53.733333333333334,Exhibit_camera / editorial plate push,Pressure becomes shaft work,,none,"ledger seconds; disassembly timing editorial, independent of ledger"
1614,30,00:00:53:23,53.766666666666666,Exhibit_camera / editorial plate push,Pressure becomes shaft work,,none,"ledger seconds; disassembly timing editorial, independent of ledger"
1615,30,00:00:53:24,53.8,Exhibit_camera / editorial plate push,Pressure becomes shaft work,,none,"ledger seconds; disassembly timing editorial, independent of ledger"
1616,30,00:00:53:25,53.833333333333336,Exhibit_camera / editorial plate push,Pressure becomes shaft work,,none,"ledger seconds; disassembly timing editorial, independent of ledger"
1617,30,00:00:53:26,53.86666666666667,Exhibit_camera / editorial plate push,Pressure becomes shaft work,,none,"ledger seconds; disassembly timing editorial, independent of ledger"
1618,30,00:00:53:27,53.9,Exhibit_camera / editorial plate push,Pressure becomes shaft work,,none,"ledger seconds; disassembly timing editorial, independent of ledger"
1619,30,00:00:53:28,53.93333333333333,Exhibit_camera / editorial plate push,Pressure becomes shaft work,,none,"ledger seconds; disassembly timing editorial, independent of ledger"
1620,30,00:00:53:29,53.96666666666667,Exhibit_camera / editorial plate push,Pressure becomes shaft work,,none,"ledger seconds; disassembly timing editorial, independent of ledger"
1621,30,00:00:54:00,54.0,Exhibit_camera / editorial plate push,Pressure becomes shaft work,,none,"ledger seconds; disassembly timing editorial, independent of ledger"
1622,30,00:00:54:01,54.03333333333333,Exhibit_camera / editorial plate push,Pressure becomes shaft work,,none,"ledger seconds; disassembly timing editorial, independent of ledger"
1623,30,00:00:54:02,54.06666666666667,Exhibit_camera / editorial plate push,Pressure becomes shaft work,,none,"ledger seconds; disassembly timing editorial, independent of ledger"
1624,30,00:00:54:03,54.1,Exhibit_camera / editorial plate push,Pressure becomes shaft work,,none,"ledger seconds; disassembly timing editorial, independent of ledger"
1625,30,00:00:54:04,54.13333333333333,Exhibit_camera / editorial plate push,Pressure becomes shaft work,,none,"ledger seconds; disassembly timing editorial, independent of ledger"
1626,30,00:00:54:05,54.166666666666664,Exhibit_camera / editorial plate push,Pressure becomes shaft work,,none,"ledger seconds; disassembly timing editorial, independent of ledger"
1627,30,00:00:54:06,54.2,Exhibit_camera / editorial plate push,Pressure becomes shaft work,,none,"ledger seconds; disassembly timing editorial, independent of ledger"
1628,30,00:00:54:07,54.233333333333334,Exhibit_camera / editorial plate push,Pressure becomes shaft work,,none,"ledger seconds; disassembly timing editorial, independent of ledger"
1629,30,00:00:54:08,54.266666666666666,Exhibit_camera / editorial plate push,Pressure becomes shaft work,,none,"ledger seconds; disassembly timing editorial, independent of ledger"
1630,30,00:00:54:09,54.3,Exhibit_camera / editorial plate push,Pressure becomes shaft work,,none,"ledger seconds; disassembly timing editorial, independent of ledger"
1631,30,00:00:54:10,54.333333333333336,Exhibit_camera / editorial plate push,Pressure becomes shaft work,,none,"ledger seconds; disassembly timing editorial, independent of ledger"
1632,30,00:00:54:11,54.36666666666667,Exhibit_camera / editorial plate push,Pressure becomes shaft work,,none,"ledger seconds; disassembly timing editorial, independent of ledger"
1633,30,00:00:54:12,54.4,Exhibit_camera / editorial plate push,Pressure becomes shaft work,,none,"ledger seconds; disassembly timing editorial, independent of ledger"
1634,30,00:00:54:13,54.43333333333333,Exhibit_camera / editorial plate push,Pressure becomes shaft work,,none,"ledger seconds; disassembly timing editorial, independent of ledger"
1635,30,00:00:54:14,54.46666666666667,Exhibit_camera / editorial plate push,Pressure becomes shaft work,,none,"ledger seconds; disassembly timing editorial, independent of ledger"
1636,30,00:00:54:15,54.5,Exhibit_camera / editorial plate push,Pressure becomes shaft work,,none,"ledger seconds; disassembly timing editorial, independent of ledger"
1637,30,00:00:54:16,54.53333333333333,Exhibit_camera / editorial plate push,Pressure becomes shaft work,,none,"ledger seconds; disassembly timing editorial, independent of ledger"
1638,30,00:00:54:17,54.56666666666667,Exhibit_camera / editorial plate push,Pressure becomes shaft work,,none,"ledger seconds; disassembly timing editorial, independent of ledger"
1639,30,00:00:54:18,54.6,Exhibit_camera / editorial plate push,Pressure becomes shaft work,,none,"ledger seconds; disassembly timing editorial, independent of ledger"
1640,30,00:00:54:19,54.63333333333333,Exhibit_camera / editorial plate push,Pressure becomes shaft work,,none,"ledger seconds; disassembly timing editorial, independent of ledger"
1641,30,00:00:54:20,54.666666666666664,Exhibit_camera / editorial plate push,Pressure becomes shaft work,,none,"ledger seconds; disassembly timing editorial, independent of ledger"
1642,30,00:00:54:21,54.7,Exhibit_camera / editorial plate push,Pressure becomes shaft work,,none,"ledger seconds; disassembly timing editorial, independent of ledger"
1643,30,00:00:54:22,54.733333333333334,Exhibit_camera / editorial plate push,Pressure becomes shaft work,,none,"ledger seconds; disassembly timing editorial, independent of ledger"
1644,30,00:00:54:23,54.766666666666666,Exhibit_camera / editorial plate push,Pressure becomes shaft work,,none,"ledger seconds; disassembly timing editorial, independent of ledger"
1645,30,00:00:54:24,54.8,Exhibit_camera / editorial plate push,Pressure becomes shaft work,,none,"ledger seconds; disassembly timing editorial, independent of ledger"
1646,30,00:00:54:25,54.833333333333336,Exhibit_camera / editorial plate push,Pressure becomes shaft work,,none,"ledger seconds; disassembly timing editorial, independent of ledger"
1647,30,00:00:54:26,54.86666666666667,Exhibit_camera / editorial plate push,Pressure becomes shaft work,,none,"ledger seconds; disassembly timing editorial, independent of ledger"
1648,30,00:00:54:27,54.9,Exhibit_camera / editorial plate push,Pressure becomes shaft work,,none,"ledger seconds; disassembly timing editorial, independent of ledger"
1649,30,00:00:54:28,54.93333333333333,Exhibit_camera / editorial plate push,Pressure becomes shaft work,,none,"ledger seconds; disassembly timing editorial, independent of ledger"
1650,30,00:00:54:29,54.96666666666667,Exhibit_camera / editorial plate push,Pressure becomes shaft work,,none,"ledger seconds; disassembly timing editorial, independent of ledger"
1651,30,00:00:55:00,55.0,Exhibit_camera / editorial plate push,Pressure becomes shaft work,,none,"ledger seconds; disassembly timing editorial, independent of ledger"
1652,30,00:00:55:01,55.03333333333333,Exhibit_camera / editorial plate push,Pressure becomes shaft work,,none,"ledger seconds; disassembly timing editorial, independent of ledger"
1653,30,00:00:55:02,55.06666666666667,Exhibit_camera / editorial plate push,Pressure becomes shaft work,,none,"ledger seconds; disassembly timing editorial, independent of ledger"
1654,30,00:00:55:03,55.1,Exhibit_camera / editorial plate push,Pressure becomes shaft work,,none,"ledger seconds; disassembly timing editorial, independent of ledger"
1655,30,00:00:55:04,55.13333333333333,Exhibit_camera / editorial plate push,Pressure becomes shaft work,,none,"ledger seconds; disassembly timing editorial, independent of ledger"
1656,30,00:00:55:05,55.166666666666664,Exhibit_camera / editorial plate push,Pressure becomes shaft work,,none,"ledger seconds; disassembly timing editorial, independent of ledger"
1657,30,00:00:55:06,55.2,Exhibit_camera / editorial plate push,Pressure becomes shaft work,,none,"ledger seconds; disassembly timing editorial, independent of ledger"
1658,30,00:00:55:07,55.233333333333334,Exhibit_camera / editorial plate push,Pressure becomes shaft work,,none,"ledger seconds; disassembly timing editorial, independent of ledger"
1659,30,00:00:55:08,55.266666666666666,Exhibit_camera / editorial plate push,Pressure becomes shaft work,,none,"ledger seconds; disassembly timing editorial, independent of ledger"
1660,30,00:00:55:09,55.3,Exhibit_camera / editorial plate push,Pressure becomes shaft work,,none,"ledger seconds; disassembly timing editorial, independent of ledger"
1661,30,00:00:55:10,55.333333333333336,Exhibit_camera / editorial plate push,Pressure becomes shaft work,,none,"ledger seconds; disassembly timing editorial, independent of ledger"
1662,30,00:00:55:11,55.36666666666667,Exhibit_camera / editorial plate push,Pressure becomes shaft work,,none,"ledger seconds; disassembly timing editorial, independent of ledger"
1663,30,00:00:55:12,55.4,Exhibit_camera / editorial plate push,Pressure becomes shaft work,,none,"ledger seconds; disassembly timing editorial, independent of ledger"
1664,30,00:00:55:13,55.43333333333333,Exhibit_camera / editorial plate push,Pressure becomes shaft work,,none,"ledger seconds; disassembly timing editorial, independent of ledger"
1665,30,00:00:55:14,55.46666666666667,Exhibit_camera / editorial plate push,Pressure becomes shaft work,,none,"ledger seconds; disassembly timing editorial, independent of ledger"
1666,30,00:00:55:15,55.5,Exhibit_camera / editorial plate push,Pressure becomes shaft work,,none,"ledger seconds; disassembly timing editorial, independent of ledger"
1667,30,00:00:55:16,55.53333333333333,Exhibit_camera / editorial plate push,Pressure becomes shaft work,,none,"ledger seconds; disassembly timing editorial, independent of ledger"
1668,30,00:00:55:17,55.56666666666667,Exhibit_camera / editorial plate push,Pressure becomes shaft work,,none,"ledger seconds; disassembly timing editorial, independent of ledger"
1669,30,00:00:55:18,55.6,Exhibit_camera / editorial plate push,Pressure becomes shaft work,,none,"ledger seconds; disassembly timing editorial, independent of ledger"
1670,30,00:00:55:19,55.63333333333333,Exhibit_camera / editorial plate push,Pressure becomes shaft work,,none,"ledger seconds; disassembly timing editorial, independent of ledger"
1671,30,00:00:55:20,55.666666666666664,Exhibit_camera / editorial plate push,Pressure becomes shaft work,,none,"ledger seconds; disassembly timing editorial, independent of ledger"
1672,30,00:00:55:21,55.7,Exhibit_camera / editorial plate push,Pressure becomes shaft work,,none,"ledger seconds; disassembly timing editorial, independent of ledger"
1673,30,00:00:55:22,55.733333333333334,Exhibit_camera / editorial plate push,Pressure becomes shaft work,,none,"ledger seconds; disassembly timing editorial, independent of ledger"
1674,30,00:00:55:23,55.766666666666666,Exhibit_camera / editorial plate push,Pressure becomes shaft work,,none,"ledger seconds; disassembly timing editorial, independent of ledger"
1675,30,00:00:55:24,55.8,Exhibit_camera / editorial plate push,Pressure becomes shaft work,,none,"ledger seconds; disassembly timing editorial, independent of ledger"
1676,30,00:00:55:25,55.833333333333336,Exhibit_camera / editorial plate push,Pressure becomes shaft work,,none,"ledger seconds; disassembly timing editorial, independent of ledger"
1677,30,00:00:55:26,55.86666666666667,Exhibit_camera / editorial plate push,Pressure becomes shaft work,,none,"ledger seconds; disassembly timing editorial, independent of ledger"
1678,30,00:00:55:27,55.9,Exhibit_camera / editorial plate push,Pressure becomes shaft work,,none,"ledger seconds; disassembly timing editorial, independent of ledger"
1679,30,00:00:55:28,55.93333333333333,Exhibit_camera / editorial plate push,Pressure becomes shaft work,,none,"ledger seconds; disassembly timing editorial, independent of ledger"
1680,30,00:00:55:29,55.96666666666667,Exhibit_camera / editorial plate push,Pressure becomes shaft work,,none,"ledger seconds; disassembly timing editorial, independent of ledger"
1681,30,00:00:56:00,56.0,Exhibit_camera / editorial plate push,Pressure becomes shaft work,,none,"ledger seconds; disassembly timing editorial, independent of ledger"
1682,30,00:00:56:01,56.03333333333333,Exhibit_camera / editorial plate push,Pressure becomes shaft work,,none,"ledger seconds; disassembly timing editorial, independent of ledger"
1683,30,00:00:56:02,56.06666666666667,Exhibit_camera / editorial plate push,Pressure becomes shaft work,,none,"ledger seconds; disassembly timing editorial, independent of ledger"
1684,30,00:00:56:03,56.1,Exhibit_camera / editorial plate push,Pressure becomes shaft work,,none,"ledger seconds; disassembly timing editorial, independent of ledger"
1685,30,00:00:56:04,56.13333333333333,Exhibit_camera / editorial plate push,Pressure becomes shaft work,,none,"ledger seconds; disassembly timing editorial, independent of ledger"
1686,30,00:00:56:05,56.166666666666664,Exhibit_camera / editorial plate push,Pressure becomes shaft work,,none,"ledger seconds; disassembly timing editorial, independent of ledger"
1687,30,00:00:56:06,56.2,Exhibit_camera / editorial plate push,Pressure becomes shaft work,,none,"ledger seconds; disassembly timing editorial, independent of ledger"
1688,30,00:00:56:07,56.233333333333334,Exhibit_camera / editorial plate push,Pressure becomes shaft work,,none,"ledger seconds; disassembly timing editorial, independent of ledger"
1689,30,00:00:56:08,56.266666666666666,Exhibit_camera / editorial plate push,Pressure becomes shaft work,,none,"ledger seconds; disassembly timing editorial, independent of ledger"
1690,30,00:00:56:09,56.3,Exhibit_camera / editorial plate push,Pressure becomes shaft work,,none,"ledger seconds; disassembly timing editorial, independent of ledger"
1691,30,00:00:56:10,56.333333333333336,Exhibit_camera / editorial plate push,Pressure becomes shaft work,,none,"ledger seconds; disassembly timing editorial, independent of ledger"
1692,30,00:00:56:11,56.36666666666667,Exhibit_camera / editorial plate push,Pressure becomes shaft work,,none,"ledger seconds; disassembly timing editorial, independent of ledger"
1693,30,00:00:56:12,56.4,Exhibit_camera / editorial plate push,Pressure becomes shaft work,,none,"ledger seconds; disassembly timing editorial, independent of ledger"
1694,30,00:00:56:13,56.43333333333333,Exhibit_camera / editorial plate push,Pressure becomes shaft work,,none,"ledger seconds; disassembly timing editorial, independent of ledger"
1695,30,00:00:56:14,56.46666666666667,Exhibit_camera / editorial plate push,Pressure becomes shaft work,,none,"ledger seconds; disassembly timing editorial, independent of ledger"
1696,30,00:00:56:15,56.5,Exhibit_camera / editorial plate push,Pressure becomes shaft work,,none,"ledger seconds; disassembly timing editorial, independent of ledger"
1697,30,00:00:56:16,56.53333333333333,Exhibit_camera / editorial plate push,Pressure becomes shaft work,,none,"ledger seconds; disassembly timing editorial, independent of ledger"
1698,30,00:00:56:17,56.56666666666667,Exhibit_camera / editorial plate push,Pressure becomes shaft work,,none,"ledger seconds; disassembly timing editorial, independent of ledger"
1699,30,00:00:56:18,56.6,Exhibit_camera / editorial plate push,Pressure becomes shaft work,,none,"ledger seconds; disassembly timing editorial, independent of ledger"
1700,30,00:00:56:19,56.63333333333333,Exhibit_camera / editorial plate push,Pressure becomes shaft work,,none,"ledger seconds; disassembly timing editorial, independent of ledger"
1701,30,00:00:56:20,56.666666666666664,Exhibit_camera / editorial plate push,Pressure becomes shaft work,,none,"ledger seconds; disassembly timing editorial, independent of ledger"
1702,30,00:00:56:21,56.7,Exhibit_camera / editorial plate push,Pressure becomes shaft work,,none,"ledger seconds; disassembly timing editorial, independent of ledger"
1703,30,00:00:56:22,56.733333333333334,Exhibit_camera / editorial plate push,Pressure becomes shaft work,,none,"ledger seconds; disassembly timing editorial, independent of ledger"
1704,30,00:00:56:23,56.766666666666666,Exhibit_camera / editorial plate push,Pressure becomes shaft work,,none,"ledger seconds; disassembly timing editorial, independent of ledger"
1705,30,00:00:56:24,56.8,Exhibit_camera / editorial plate push,Pressure becomes shaft work,,none,"ledger seconds; disassembly timing editorial, independent of ledger"
1706,30,00:00:56:25,56.833333333333336,Exhibit_camera / editorial plate push,Pressure becomes shaft work,,none,"ledger seconds; disassembly timing editorial, independent of ledger"
1707,30,00:00:56:26,56.86666666666667,Exhibit_camera / editorial plate push,Pressure becomes shaft work,,none,"ledger seconds; disassembly timing editorial, independent of ledger"
1708,30,00:00:56:27,56.9,Exhibit_camera / editorial plate push,Pressure becomes shaft work,,none,"ledger seconds; disassembly timing editorial, independent of ledger"
1709,30,00:00:56:28,56.93333333333333,Exhibit_camera / editorial plate push,Pressure becomes shaft work,,none,"ledger seconds; disassembly timing editorial, independent of ledger"
1710,30,00:00:56:29,56.96666666666667,Exhibit_camera / editorial plate push,Pressure becomes shaft work,,none,"ledger seconds; disassembly timing editorial, independent of ledger"
1711,30,00:00:57:00,57.0,Exhibit_camera / editorial plate push,Pressure becomes shaft work,,none,"ledger seconds; disassembly timing editorial, independent of ledger"
1712,30,00:00:57:01,57.03333333333333,Exhibit_camera / editorial plate push,Pressure becomes shaft work,,none,"ledger seconds; disassembly timing editorial, independent of ledger"
1713,30,00:00:57:02,57.06666666666667,Exhibit_camera / editorial plate push,Pressure becomes shaft work,,none,"ledger seconds; disassembly timing editorial, independent of ledger"
1714,30,00:00:57:03,57.1,Exhibit_camera / editorial plate push,Pressure becomes shaft work,,none,"ledger seconds; disassembly timing editorial, independent of ledger"
1715,30,00:00:57:04,57.13333333333333,Exhibit_camera / editorial plate push,Pressure becomes shaft work,,none,"ledger seconds; disassembly timing editorial, independent of ledger"
1716,30,00:00:57:05,57.166666666666664,Exhibit_camera / editorial plate push,Pressure becomes shaft work,,none,"ledger seconds; disassembly timing editorial, independent of ledger"
1717,30,00:00:57:06,57.2,Exhibit_camera / editorial plate push,Pressure becomes shaft work,,none,"ledger seconds; disassembly timing editorial, independent of ledger"
1718,30,00:00:57:07,57.233333333333334,Exhibit_camera / editorial plate push,Pressure becomes shaft work,,none,"ledger seconds; disassembly timing editorial, independent of ledger"
1719,30,00:00:57:08,57.266666666666666,Exhibit_camera / editorial plate push,Pressure becomes shaft work,,none,"ledger seconds; disassembly timing editorial, independent of ledger"
1720,30,00:00:57:09,57.3,Exhibit_camera / editorial plate push,Pressure becomes shaft work,,none,"ledger seconds; disassembly timing editorial, independent of ledger"
1721,30,00:00:57:10,57.333333333333336,Exhibit_camera / editorial plate push,Pressure becomes shaft work,,none,"ledger seconds; disassembly timing editorial, independent of ledger"
1722,30,00:00:57:11,57.36666666666667,Exhibit_camera / editorial plate push,Pressure becomes shaft work,,none,"ledger seconds; disassembly timing editorial, independent of ledger"
1723,30,00:00:57:12,57.4,Exhibit_camera / editorial plate push,Pressure becomes shaft work,,none,"ledger seconds; disassembly timing editorial, independent of ledger"
1724,30,00:00:57:13,57.43333333333333,Exhibit_camera / editorial plate push,Pressure becomes shaft work,,none,"ledger seconds; disassembly timing editorial, independent of ledger"
1725,30,00:00:57:14,57.46666666666667,Exhibit_camera / editorial plate push,Pressure becomes shaft work,,none,"ledger seconds; disassembly timing editorial, independent of ledger"
1726,30,00:00:57:15,57.5,Exhibit_camera / editorial plate push,Pressure becomes shaft work,,none,"ledger seconds; disassembly timing editorial, independent of ledger"
1727,30,00:00:57:16,57.53333333333333,Exhibit_camera / editorial plate push,Pressure becomes shaft work,,none,"ledger seconds; disassembly timing editorial, independent of ledger"
1728,30,00:00:57:17,57.56666666666667,Exhibit_camera / editorial plate push,Pressure becomes shaft work,,none,"ledger seconds; disassembly timing editorial, independent of ledger"
1729,30,00:00:57:18,57.6,Exhibit_camera / editorial plate push,Pressure becomes shaft work,,none,"ledger seconds; disassembly timing editorial, independent of ledger"
1730,30,00:00:57:19,57.63333333333333,Exhibit_camera / editorial plate push,Pressure becomes shaft work,,none,"ledger seconds; disassembly timing editorial, independent of ledger"
1731,30,00:00:57:20,57.666666666666664,Exhibit_camera / editorial plate push,Pressure becomes shaft work,,none,"ledger seconds; disassembly timing editorial, independent of ledger"
1732,30,00:00:57:21,57.7,Exhibit_camera / editorial plate push,Pressure becomes shaft work,,none,"ledger seconds; disassembly timing editorial, independent of ledger"
1733,30,00:00:57:22,57.733333333333334,Exhibit_camera / editorial plate push,Pressure becomes shaft work,,none,"ledger seconds; disassembly timing editorial, independent of ledger"
1734,30,00:00:57:23,57.766666666666666,Exhibit_camera / editorial plate push,Pressure becomes shaft work,,none,"ledger seconds; disassembly timing editorial, independent of ledger"
1735,30,00:00:57:24,57.8,Exhibit_camera / editorial plate push,Pressure becomes shaft work,,none,"ledger seconds; disassembly timing editorial, independent of ledger"
1736,30,00:00:57:25,57.833333333333336,Exhibit_camera / editorial plate push,Pressure becomes shaft work,,none,"ledger seconds; disassembly timing editorial, independent of ledger"
1737,30,00:00:57:26,57.86666666666667,Exhibit_camera / editorial plate push,Pressure becomes shaft work,,none,"ledger seconds; disassembly timing editorial, independent of ledger"
1738,30,00:00:57:27,57.9,Exhibit_camera / editorial plate push,Pressure becomes shaft work,,none,"ledger seconds; disassembly timing editorial, independent of ledger"
1739,30,00:00:57:28,57.93333333333333,Exhibit_camera / editorial plate push,Pressure becomes shaft work,,none,"ledger seconds; disassembly timing editorial, independent of ledger"
1740,30,00:00:57:29,57.96666666666667,Exhibit_camera / editorial plate push,Pressure becomes shaft work,,none,"ledger seconds; disassembly timing editorial, independent of ledger"
1741,30,00:00:58:00,58.0,Exhibit_camera / editorial plate push,Pressure becomes shaft work,,none,"ledger seconds; disassembly timing editorial, independent of ledger"
1742,30,00:00:58:01,58.03333333333333,Exhibit_camera / editorial plate push,Pressure becomes shaft work,,none,"ledger seconds; disassembly timing editorial, independent of ledger"
1743,30,00:00:58:02,58.06666666666667,Exhibit_camera / editorial plate push,Pressure becomes shaft work,,none,"ledger seconds; disassembly timing editorial, independent of ledger"
1744,30,00:00:58:03,58.1,Exhibit_camera / editorial plate push,Pressure becomes shaft work,,none,"ledger seconds; disassembly timing editorial, independent of ledger"
1745,30,00:00:58:04,58.13333333333333,Exhibit_camera / editorial plate push,Pressure becomes shaft work,,none,"ledger seconds; disassembly timing editorial, independent of ledger"
1746,30,00:00:58:05,58.166666666666664,Exhibit_camera / editorial plate push,Pressure becomes shaft work,,none,"ledger seconds; disassembly timing editorial, independent of ledger"
1747,30,00:00:58:06,58.2,Exhibit_camera / editorial plate push,Pressure becomes shaft work,,none,"ledger seconds; disassembly timing editorial, independent of ledger"
1748,30,00:00:58:07,58.233333333333334,Exhibit_camera / editorial plate push,Pressure becomes shaft work,,none,"ledger seconds; disassembly timing editorial, independent of ledger"
1749,30,00:00:58:08,58.266666666666666,Exhibit_camera / editorial plate push,Pressure becomes shaft work,,none,"ledger seconds; disassembly timing editorial, independent of ledger"
1750,30,00:00:58:09,58.3,Exhibit_camera / editorial plate push,Pressure becomes shaft work,,none,"ledger seconds; disassembly timing editorial, independent of ledger"
1751,30,00:00:58:10,58.333333333333336,Exhibit_camera / editorial plate push,Pressure becomes shaft work,,none,"ledger seconds; disassembly timing editorial, independent of ledger"
1752,30,00:00:58:11,58.36666666666667,Exhibit_camera / editorial plate push,Pressure becomes shaft work,,none,"ledger seconds; disassembly timing editorial, independent of ledger"
1753,30,00:00:58:12,58.4,Exhibit_camera / editorial plate push,Pressure becomes shaft work,,none,"ledger seconds; disassembly timing editorial, independent of ledger"
1754,30,00:00:58:13,58.43333333333333,Exhibit_camera / editorial plate push,Pressure becomes shaft work,,none,"ledger seconds; disassembly timing editorial, independent of ledger"
1755,30,00:00:58:14,58.46666666666667,Exhibit_camera / editorial plate push,Pressure becomes shaft work,,none,"ledger seconds; disassembly timing editorial, independent of ledger"
1756,30,00:00:58:15,58.5,Exhibit_camera / editorial plate push,Pressure becomes shaft work,,none,"ledger seconds; disassembly timing editorial, independent of ledger"
1757,30,00:00:58:16,58.53333333333333,Exhibit_camera / editorial plate push,Pressure becomes shaft work,,none,"ledger seconds; disassembly timing editorial, independent of ledger"
1758,30,00:00:58:17,58.56666666666667,Exhibit_camera / editorial plate push,Pressure becomes shaft work,,none,"ledger seconds; disassembly timing editorial, independent of ledger"
1759,30,00:00:58:18,58.6,Exhibit_camera / editorial plate push,Pressure becomes shaft work,,none,"ledger seconds; disassembly timing editorial, independent of ledger"
1760,30,00:00:58:19,58.63333333333333,Exhibit_camera / editorial plate push,Pressure becomes shaft work,,none,"ledger seconds; disassembly timing editorial, independent of ledger"
1761,30,00:00:58:20,58.666666666666664,Exhibit_camera / editorial plate push,Pressure becomes shaft work,,none,"ledger seconds; disassembly timing editorial, independent of ledger"
1762,30,00:00:58:21,58.7,Exhibit_camera / editorial plate push,Pressure becomes shaft work,,none,"ledger seconds; disassembly timing editorial, independent of ledger"
1763,30,00:00:58:22,58.733333333333334,Exhibit_camera / editorial plate push,Pressure becomes shaft work,,none,"ledger seconds; disassembly timing editorial, independent of ledger"
1764,30,00:00:58:23,58.766666666666666,Exhibit_camera / editorial plate push,Pressure becomes shaft work,,none,"ledger seconds; disassembly timing editorial, independent of ledger"
1765,30,00:00:58:24,58.8,Exhibit_camera / editorial plate push,Pressure becomes shaft work,,none,"ledger seconds; disassembly timing editorial, independent of ledger"
1766,30,00:00:58:25,58.833333333333336,Exhibit_camera / editorial plate push,Pressure becomes shaft work,,none,"ledger seconds; disassembly timing editorial, independent of ledger"
1767,30,00:00:58:26,58.86666666666667,Exhibit_camera / editorial plate push,Pressure becomes shaft work,,none,"ledger seconds; disassembly timing editorial, independent of ledger"
1768,30,00:00:58:27,58.9,Exhibit_camera / editorial plate push,Pressure becomes shaft work,,none,"ledger seconds; disassembly timing editorial, independent of ledger"
1769,30,00:00:58:28,58.93333333333333,Exhibit_camera / editorial plate push,Pressure becomes shaft work,,none,"ledger seconds; disassembly timing editorial, independent of ledger"
1770,30,00:00:58:29,58.96666666666667,Exhibit_camera / editorial plate push,Pressure becomes shaft work,,none,"ledger seconds; disassembly timing editorial, independent of ledger"
1771,30,00:00:59:00,59.0,Exhibit_camera / editorial plate push,Pressure becomes shaft work,,none,"ledger seconds; disassembly timing editorial, independent of ledger"
1772,30,00:00:59:01,59.03333333333333,Exhibit_camera / editorial plate push,Pressure becomes shaft work,,none,"ledger seconds; disassembly timing editorial, independent of ledger"
1773,30,00:00:59:02,59.06666666666667,Exhibit_camera / editorial plate push,Pressure becomes shaft work,,none,"ledger seconds; disassembly timing editorial, independent of ledger"
1774,30,00:00:59:03,59.1,Exhibit_camera / editorial plate push,Pressure becomes shaft work,,none,"ledger seconds; disassembly timing editorial, independent of ledger"
1775,30,00:00:59:04,59.13333333333333,Exhibit_camera / editorial plate push,Pressure becomes shaft work,,none,"ledger seconds; disassembly timing editorial, independent of ledger"
1776,30,00:00:59:05,59.166666666666664,Exhibit_camera / editorial plate push,Pressure becomes shaft work,,none,"ledger seconds; disassembly timing editorial, independent of ledger"
1777,30,00:00:59:06,59.2,Exhibit_camera / editorial plate push,Pressure becomes shaft work,,none,"ledger seconds; disassembly timing editorial, independent of ledger"
1778,30,00:00:59:07,59.233333333333334,Exhibit_camera / editorial plate push,Pressure becomes shaft work,,none,"ledger seconds; disassembly timing editorial, independent of ledger"
1779,30,00:00:59:08,59.266666666666666,Exhibit_camera / editorial plate push,Pressure becomes shaft work,,none,"ledger seconds; disassembly timing editorial, independent of ledger"
1780,30,00:00:59:09,59.3,Exhibit_camera / editorial plate push,Pressure becomes shaft work,,none,"ledger seconds; disassembly timing editorial, independent of ledger"
1781,30,00:00:59:10,59.333333333333336,Exhibit_camera / editorial plate push,Pressure becomes shaft work,,none,"ledger seconds; disassembly timing editorial, independent of ledger"
1782,30,00:00:59:11,59.36666666666667,Exhibit_camera / editorial plate push,Pressure becomes shaft work,,none,"ledger seconds; disassembly timing editorial, independent of ledger"
1783,30,00:00:59:12,59.4,Exhibit_camera / editorial plate push,Pressure becomes shaft work,,none,"ledger seconds; disassembly timing editorial, independent of ledger"
1784,30,00:00:59:13,59.43333333333333,Exhibit_camera / editorial plate push,Pressure becomes shaft work,,none,"ledger seconds; disassembly timing editorial, independent of ledger"
1785,30,00:00:59:14,59.46666666666667,Exhibit_camera / editorial plate push,Pressure becomes shaft work,,none,"ledger seconds; disassembly timing editorial, independent of ledger"
1786,30,00:00:59:15,59.5,Exhibit_camera / editorial plate push,Pressure becomes shaft work,,none,"ledger seconds; disassembly timing editorial, independent of ledger"
1787,30,00:00:59:16,59.53333333333333,Exhibit_camera / editorial plate push,Pressure becomes shaft work,,none,"ledger seconds; disassembly timing editorial, independent of ledger"
1788,30,00:00:59:17,59.56666666666667,Exhibit_camera / editorial plate push,Pressure becomes shaft work,,none,"ledger seconds; disassembly timing editorial, independent of ledger"
1789,30,00:00:59:18,59.6,Exhibit_camera / editorial plate push,Pressure becomes shaft work,,none,"ledger seconds; disassembly timing editorial, independent of ledger"
1790,30,00:00:59:19,59.63333333333333,Exhibit_camera / editorial plate push,Pressure becomes shaft work,,none,"ledger seconds; disassembly timing editorial, independent of ledger"
1791,30,00:00:59:20,59.666666666666664,Exhibit_camera / editorial plate push,Pressure becomes shaft work,,none,"ledger seconds; disassembly timing editorial, independent of ledger"
1792,30,00:00:59:21,59.7,Exhibit_camera / editorial plate push,Pressure becomes shaft work,,none,"ledger seconds; disassembly timing editorial, independent of ledger"
1793,30,00:00:59:22,59.733333333333334,Exhibit_camera / editorial plate push,Pressure becomes shaft work,,none,"ledger seconds; disassembly timing editorial, independent of ledger"
1794,30,00:00:59:23,59.766666666666666,Exhibit_camera / editorial plate push,Pressure becomes shaft work,,none,"ledger seconds; disassembly timing editorial, independent of ledger"
1795,30,00:00:59:24,59.8,Exhibit_camera / editorial plate push,Pressure becomes shaft work,,none,"ledger seconds; disassembly timing editorial, independent of ledger"
1796,30,00:00:59:25,59.833333333333336,Exhibit_camera / editorial plate push,Pressure becomes shaft work,,none,"ledger seconds; disassembly timing editorial, independent of ledger"
1797,30,00:00:59:26,59.86666666666667,Exhibit_camera / editorial plate push,Pressure becomes shaft work,,none,"ledger seconds; disassembly timing editorial, independent of ledger"
1798,30,00:00:59:27,59.9,Exhibit_camera / editorial plate push,Pressure becomes shaft work,,none,"ledger seconds; disassembly timing editorial, independent of ledger"
1799,30,00:00:59:28,59.93333333333333,Exhibit_camera / editorial plate push,Pressure becomes shaft work,,none,"ledger seconds; disassembly timing editorial, independent of ledger"
1800,30,00:00:59:29,59.96666666666667,Exhibit_camera / editorial plate push,Pressure becomes shaft work,,none,"ledger seconds; disassembly timing editorial, independent of ledger"
1801,30,00:01:00:00,60.0,Exhibit_camera / editorial plate push,Recover work from the exhaust,The exhaust turbine drives a shaft shared with the compressor and the heat motor generator. The generator converts shaft work into electricity. In motor mode it helps accelerate the compressor and reduce turbo lag. It does not directly convert heat into electricity.,none,"ledger seconds; disassembly timing editorial, independent of ledger"
1802,30,00:01:00:01,60.03333333333333,Exhibit_camera / editorial plate push,Recover work from the exhaust,,none,"ledger seconds; disassembly timing editorial, independent of ledger"
1803,30,00:01:00:02,60.06666666666667,Exhibit_camera / editorial plate push,Recover work from the exhaust,,none,"ledger seconds; disassembly timing editorial, independent of ledger"
1804,30,00:01:00:03,60.1,Exhibit_camera / editorial plate push,Recover work from the exhaust,,none,"ledger seconds; disassembly timing editorial, independent of ledger"
1805,30,00:01:00:04,60.13333333333333,Exhibit_camera / editorial plate push,Recover work from the exhaust,,none,"ledger seconds; disassembly timing editorial, independent of ledger"
1806,30,00:01:00:05,60.166666666666664,Exhibit_camera / editorial plate push,Recover work from the exhaust,,none,"ledger seconds; disassembly timing editorial, independent of ledger"
1807,30,00:01:00:06,60.2,Exhibit_camera / editorial plate push,Recover work from the exhaust,,none,"ledger seconds; disassembly timing editorial, independent of ledger"
1808,30,00:01:00:07,60.233333333333334,Exhibit_camera / editorial plate push,Recover work from the exhaust,,none,"ledger seconds; disassembly timing editorial, independent of ledger"
1809,30,00:01:00:08,60.266666666666666,Exhibit_camera / editorial plate push,Recover work from the exhaust,,none,"ledger seconds; disassembly timing editorial, independent of ledger"
1810,30,00:01:00:09,60.3,Exhibit_camera / editorial plate push,Recover work from the exhaust,,none,"ledger seconds; disassembly timing editorial, independent of ledger"
1811,30,00:01:00:10,60.333333333333336,Exhibit_camera / editorial plate push,Recover work from the exhaust,,none,"ledger seconds; disassembly timing editorial, independent of ledger"
1812,30,00:01:00:11,60.36666666666667,Exhibit_camera / editorial plate push,Recover work from the exhaust,,none,"ledger seconds; disassembly timing editorial, independent of ledger"
1813,30,00:01:00:12,60.4,Exhibit_camera / editorial plate push,Recover work from the exhaust,,none,"ledger seconds; disassembly timing editorial, independent of ledger"
1814,30,00:01:00:13,60.43333333333333,Exhibit_camera / editorial plate push,Recover work from the exhaust,,none,"ledger seconds; disassembly timing editorial, independent of ledger"
1815,30,00:01:00:14,60.46666666666667,Exhibit_camera / editorial plate push,Recover work from the exhaust,,none,"ledger seconds; disassembly timing editorial, independent of ledger"
1816,30,00:01:00:15,60.5,Exhibit_camera / editorial plate push,Recover work from the exhaust,,none,"ledger seconds; disassembly timing editorial, independent of ledger"
1817,30,00:01:00:16,60.53333333333333,Exhibit_camera / editorial plate push,Recover work from the exhaust,,none,"ledger seconds; disassembly timing editorial, independent of ledger"
1818,30,00:01:00:17,60.56666666666667,Exhibit_camera / editorial plate push,Recover work from the exhaust,,none,"ledger seconds; disassembly timing editorial, independent of ledger"
1819,30,00:01:00:18,60.6,Exhibit_camera / editorial plate push,Recover work from the exhaust,,none,"ledger seconds; disassembly timing editorial, independent of ledger"
1820,30,00:01:00:19,60.63333333333333,Exhibit_camera / editorial plate push,Recover work from the exhaust,,none,"ledger seconds; disassembly timing editorial, independent of ledger"
1821,30,00:01:00:20,60.666666666666664,Exhibit_camera / editorial plate push,Recover work from the exhaust,,none,"ledger seconds; disassembly timing editorial, independent of ledger"
1822,30,00:01:00:21,60.7,Exhibit_camera / editorial plate push,Recover work from the exhaust,,none,"ledger seconds; disassembly timing editorial, independent of ledger"
1823,30,00:01:00:22,60.733333333333334,Exhibit_camera / editorial plate push,Recover work from the exhaust,,none,"ledger seconds; disassembly timing editorial, independent of ledger"
1824,30,00:01:00:23,60.766666666666666,Exhibit_camera / editorial plate push,Recover work from the exhaust,,none,"ledger seconds; disassembly timing editorial, independent of ledger"
1825,30,00:01:00:24,60.8,Exhibit_camera / editorial plate push,Recover work from the exhaust,,none,"ledger seconds; disassembly timing editorial, independent of ledger"
1826,30,00:01:00:25,60.833333333333336,Exhibit_camera / editorial plate push,Recover work from the exhaust,,none,"ledger seconds; disassembly timing editorial, independent of ledger"
1827,30,00:01:00:26,60.86666666666667,Exhibit_camera / editorial plate push,Recover work from the exhaust,,none,"ledger seconds; disassembly timing editorial, independent of ledger"
1828,30,00:01:00:27,60.9,Exhibit_camera / editorial plate push,Recover work from the exhaust,,none,"ledger seconds; disassembly timing editorial, independent of ledger"
1829,30,00:01:00:28,60.93333333333333,Exhibit_camera / editorial plate push,Recover work from the exhaust,,none,"ledger seconds; disassembly timing editorial, independent of ledger"
1830,30,00:01:00:29,60.96666666666667,Exhibit_camera / editorial plate push,Recover work from the exhaust,,none,"ledger seconds; disassembly timing editorial, independent of ledger"
1831,30,00:01:01:00,61.0,Exhibit_camera / editorial plate push,Recover work from the exhaust,,none,"ledger seconds; disassembly timing editorial, independent of ledger"
1832,30,00:01:01:01,61.03333333333333,Exhibit_camera / editorial plate push,Recover work from the exhaust,,none,"ledger seconds; disassembly timing editorial, independent of ledger"
1833,30,00:01:01:02,61.06666666666667,Exhibit_camera / editorial plate push,Recover work from the exhaust,,none,"ledger seconds; disassembly timing editorial, independent of ledger"
1834,30,00:01:01:03,61.1,Exhibit_camera / editorial plate push,Recover work from the exhaust,,none,"ledger seconds; disassembly timing editorial, independent of ledger"
1835,30,00:01:01:04,61.13333333333333,Exhibit_camera / editorial plate push,Recover work from the exhaust,,none,"ledger seconds; disassembly timing editorial, independent of ledger"
1836,30,00:01:01:05,61.166666666666664,Exhibit_camera / editorial plate push,Recover work from the exhaust,,none,"ledger seconds; disassembly timing editorial, independent of ledger"
1837,30,00:01:01:06,61.2,Exhibit_camera / editorial plate push,Recover work from the exhaust,,none,"ledger seconds; disassembly timing editorial, independent of ledger"
1838,30,00:01:01:07,61.233333333333334,Exhibit_camera / editorial plate push,Recover work from the exhaust,,none,"ledger seconds; disassembly timing editorial, independent of ledger"
1839,30,00:01:01:08,61.266666666666666,Exhibit_camera / editorial plate push,Recover work from the exhaust,,none,"ledger seconds; disassembly timing editorial, independent of ledger"
1840,30,00:01:01:09,61.3,Exhibit_camera / editorial plate push,Recover work from the exhaust,,none,"ledger seconds; disassembly timing editorial, independent of ledger"
1841,30,00:01:01:10,61.333333333333336,Exhibit_camera / editorial plate push,Recover work from the exhaust,,none,"ledger seconds; disassembly timing editorial, independent of ledger"
1842,30,00:01:01:11,61.36666666666667,Exhibit_camera / editorial plate push,Recover work from the exhaust,,none,"ledger seconds; disassembly timing editorial, independent of ledger"
1843,30,00:01:01:12,61.4,Exhibit_camera / editorial plate push,Recover work from the exhaust,,none,"ledger seconds; disassembly timing editorial, independent of ledger"
1844,30,00:01:01:13,61.43333333333333,Exhibit_camera / editorial plate push,Recover work from the exhaust,,none,"ledger seconds; disassembly timing editorial, independent of ledger"
1845,30,00:01:01:14,61.46666666666667,Exhibit_camera / editorial plate push,Recover work from the exhaust,,none,"ledger seconds; disassembly timing editorial, independent of ledger"
1846,30,00:01:01:15,61.5,Exhibit_camera / editorial plate push,Recover work from the exhaust,,none,"ledger seconds; disassembly timing editorial, independent of ledger"
1847,30,00:01:01:16,61.53333333333333,Exhibit_camera / editorial plate push,Recover work from the exhaust,,none,"ledger seconds; disassembly timing editorial, independent of ledger"
1848,30,00:01:01:17,61.56666666666667,Exhibit_camera / editorial plate push,Recover work from the exhaust,,none,"ledger seconds; disassembly timing editorial, independent of ledger"
1849,30,00:01:01:18,61.6,Exhibit_camera / editorial plate push,Recover work from the exhaust,,none,"ledger seconds; disassembly timing editorial, independent of ledger"
1850,30,00:01:01:19,61.63333333333333,Exhibit_camera / editorial plate push,Recover work from the exhaust,,none,"ledger seconds; disassembly timing editorial, independent of ledger"
1851,30,00:01:01:20,61.666666666666664,Exhibit_camera / editorial plate push,Recover work from the exhaust,,none,"ledger seconds; disassembly timing editorial, independent of ledger"
1852,30,00:01:01:21,61.7,Exhibit_camera / editorial plate push,Recover work from the exhaust,,none,"ledger seconds; disassembly timing editorial, independent of ledger"
1853,30,00:01:01:22,61.733333333333334,Exhibit_camera / editorial plate push,Recover work from the exhaust,,none,"ledger seconds; disassembly timing editorial, independent of ledger"
1854,30,00:01:01:23,61.766666666666666,Exhibit_camera / editorial plate push,Recover work from the exhaust,,none,"ledger seconds; disassembly timing editorial, independent of ledger"
1855,30,00:01:01:24,61.8,Exhibit_camera / editorial plate push,Recover work from the exhaust,,none,"ledger seconds; disassembly timing editorial, independent of ledger"
1856,30,00:01:01:25,61.833333333333336,Exhibit_camera / editorial plate push,Recover work from the exhaust,,none,"ledger seconds; disassembly timing editorial, independent of ledger"
1857,30,00:01:01:26,61.86666666666667,Exhibit_camera / editorial plate push,Recover work from the exhaust,,none,"ledger seconds; disassembly timing editorial, independent of ledger"
1858,30,00:01:01:27,61.9,Exhibit_camera / editorial plate push,Recover work from the exhaust,,none,"ledger seconds; disassembly timing editorial, independent of ledger"
1859,30,00:01:01:28,61.93333333333333,Exhibit_camera / editorial plate push,Recover work from the exhaust,,none,"ledger seconds; disassembly timing editorial, independent of ledger"
1860,30,00:01:01:29,61.96666666666667,Exhibit_camera / editorial plate push,Recover work from the exhaust,,none,"ledger seconds; disassembly timing editorial, independent of ledger"
1861,30,00:01:02:00,62.0,Exhibit_camera / editorial plate push,Recover work from the exhaust,,none,"ledger seconds; disassembly timing editorial, independent of ledger"
1862,30,00:01:02:01,62.03333333333333,Exhibit_camera / editorial plate push,Recover work from the exhaust,,none,"ledger seconds; disassembly timing editorial, independent of ledger"
1863,30,00:01:02:02,62.06666666666667,Exhibit_camera / editorial plate push,Recover work from the exhaust,,none,"ledger seconds; disassembly timing editorial, independent of ledger"
1864,30,00:01:02:03,62.1,Exhibit_camera / editorial plate push,Recover work from the exhaust,,none,"ledger seconds; disassembly timing editorial, independent of ledger"
1865,30,00:01:02:04,62.13333333333333,Exhibit_camera / editorial plate push,Recover work from the exhaust,,none,"ledger seconds; disassembly timing editorial, independent of ledger"
1866,30,00:01:02:05,62.166666666666664,Exhibit_camera / editorial plate push,Recover work from the exhaust,,none,"ledger seconds; disassembly timing editorial, independent of ledger"
1867,30,00:01:02:06,62.2,Exhibit_camera / editorial plate push,Recover work from the exhaust,,none,"ledger seconds; disassembly timing editorial, independent of ledger"
1868,30,00:01:02:07,62.233333333333334,Exhibit_camera / editorial plate push,Recover work from the exhaust,,none,"ledger seconds; disassembly timing editorial, independent of ledger"
1869,30,00:01:02:08,62.266666666666666,Exhibit_camera / editorial plate push,Recover work from the exhaust,,none,"ledger seconds; disassembly timing editorial, independent of ledger"
1870,30,00:01:02:09,62.3,Exhibit_camera / editorial plate push,Recover work from the exhaust,,none,"ledger seconds; disassembly timing editorial, independent of ledger"
1871,30,00:01:02:10,62.333333333333336,Exhibit_camera / editorial plate push,Recover work from the exhaust,,none,"ledger seconds; disassembly timing editorial, independent of ledger"
1872,30,00:01:02:11,62.36666666666667,Exhibit_camera / editorial plate push,Recover work from the exhaust,,none,"ledger seconds; disassembly timing editorial, independent of ledger"
1873,30,00:01:02:12,62.4,Exhibit_camera / editorial plate push,Recover work from the exhaust,,none,"ledger seconds; disassembly timing editorial, independent of ledger"
1874,30,00:01:02:13,62.43333333333333,Exhibit_camera / editorial plate push,Recover work from the exhaust,,none,"ledger seconds; disassembly timing editorial, independent of ledger"
1875,30,00:01:02:14,62.46666666666667,Exhibit_camera / editorial plate push,Recover work from the exhaust,,none,"ledger seconds; disassembly timing editorial, independent of ledger"
1876,30,00:01:02:15,62.5,Exhibit_camera / editorial plate push,Recover work from the exhaust,,none,"ledger seconds; disassembly timing editorial, independent of ledger"
1877,30,00:01:02:16,62.53333333333333,Exhibit_camera / editorial plate push,Recover work from the exhaust,,none,"ledger seconds; disassembly timing editorial, independent of ledger"
1878,30,00:01:02:17,62.56666666666667,Exhibit_camera / editorial plate push,Recover work from the exhaust,,none,"ledger seconds; disassembly timing editorial, independent of ledger"
1879,30,00:01:02:18,62.6,Exhibit_camera / editorial plate push,Recover work from the exhaust,,none,"ledger seconds; disassembly timing editorial, independent of ledger"
1880,30,00:01:02:19,62.63333333333333,Exhibit_camera / editorial plate push,Recover work from the exhaust,,none,"ledger seconds; disassembly timing editorial, independent of ledger"
1881,30,00:01:02:20,62.666666666666664,Exhibit_camera / editorial plate push,Recover work from the exhaust,,none,"ledger seconds; disassembly timing editorial, independent of ledger"
1882,30,00:01:02:21,62.7,Exhibit_camera / editorial plate push,Recover work from the exhaust,,none,"ledger seconds; disassembly timing editorial, independent of ledger"
1883,30,00:01:02:22,62.733333333333334,Exhibit_camera / editorial plate push,Recover work from the exhaust,,none,"ledger seconds; disassembly timing editorial, independent of ledger"
1884,30,00:01:02:23,62.766666666666666,Exhibit_camera / editorial plate push,Recover work from the exhaust,,none,"ledger seconds; disassembly timing editorial, independent of ledger"
1885,30,00:01:02:24,62.8,Exhibit_camera / editorial plate push,Recover work from the exhaust,,none,"ledger seconds; disassembly timing editorial, independent of ledger"
1886,30,00:01:02:25,62.833333333333336,Exhibit_camera / editorial plate push,Recover work from the exhaust,,none,"ledger seconds; disassembly timing editorial, independent of ledger"
1887,30,00:01:02:26,62.86666666666667,Exhibit_camera / editorial plate push,Recover work from the exhaust,,none,"ledger seconds; disassembly timing editorial, independent of ledger"
1888,30,00:01:02:27,62.9,Exhibit_camera / editorial plate push,Recover work from the exhaust,,none,"ledger seconds; disassembly timing editorial, independent of ledger"
1889,30,00:01:02:28,62.93333333333333,Exhibit_camera / editorial plate push,Recover work from the exhaust,,none,"ledger seconds; disassembly timing editorial, independent of ledger"
1890,30,00:01:02:29,62.96666666666667,Exhibit_camera / editorial plate push,Recover work from the exhaust,,none,"ledger seconds; disassembly timing editorial, independent of ledger"
1891,30,00:01:03:00,63.0,Exhibit_camera / editorial plate push,Recover work from the exhaust,,none,"ledger seconds; disassembly timing editorial, independent of ledger"
1892,30,00:01:03:01,63.03333333333333,Exhibit_camera / editorial plate push,Recover work from the exhaust,,none,"ledger seconds; disassembly timing editorial, independent of ledger"
1893,30,00:01:03:02,63.06666666666667,Exhibit_camera / editorial plate push,Recover work from the exhaust,,none,"ledger seconds; disassembly timing editorial, independent of ledger"
1894,30,00:01:03:03,63.1,Exhibit_camera / editorial plate push,Recover work from the exhaust,,none,"ledger seconds; disassembly timing editorial, independent of ledger"
1895,30,00:01:03:04,63.13333333333333,Exhibit_camera / editorial plate push,Recover work from the exhaust,,none,"ledger seconds; disassembly timing editorial, independent of ledger"
1896,30,00:01:03:05,63.166666666666664,Exhibit_camera / editorial plate push,Recover work from the exhaust,,none,"ledger seconds; disassembly timing editorial, independent of ledger"
1897,30,00:01:03:06,63.2,Exhibit_camera / editorial plate push,Recover work from the exhaust,,none,"ledger seconds; disassembly timing editorial, independent of ledger"
1898,30,00:01:03:07,63.233333333333334,Exhibit_camera / editorial plate push,Recover work from the exhaust,,none,"ledger seconds; disassembly timing editorial, independent of ledger"
1899,30,00:01:03:08,63.266666666666666,Exhibit_camera / editorial plate push,Recover work from the exhaust,,none,"ledger seconds; disassembly timing editorial, independent of ledger"
1900,30,00:01:03:09,63.3,Exhibit_camera / editorial plate push,Recover work from the exhaust,,none,"ledger seconds; disassembly timing editorial, independent of ledger"
1901,30,00:01:03:10,63.333333333333336,Exhibit_camera / editorial plate push,Recover work from the exhaust,,none,"ledger seconds; disassembly timing editorial, independent of ledger"
1902,30,00:01:03:11,63.36666666666667,Exhibit_camera / editorial plate push,Recover work from the exhaust,,none,"ledger seconds; disassembly timing editorial, independent of ledger"
1903,30,00:01:03:12,63.4,Exhibit_camera / editorial plate push,Recover work from the exhaust,,none,"ledger seconds; disassembly timing editorial, independent of ledger"
1904,30,00:01:03:13,63.43333333333333,Exhibit_camera / editorial plate push,Recover work from the exhaust,,none,"ledger seconds; disassembly timing editorial, independent of ledger"
1905,30,00:01:03:14,63.46666666666667,Exhibit_camera / editorial plate push,Recover work from the exhaust,,none,"ledger seconds; disassembly timing editorial, independent of ledger"
1906,30,00:01:03:15,63.5,Exhibit_camera / editorial plate push,Recover work from the exhaust,,none,"ledger seconds; disassembly timing editorial, independent of ledger"
1907,30,00:01:03:16,63.53333333333333,Exhibit_camera / editorial plate push,Recover work from the exhaust,,none,"ledger seconds; disassembly timing editorial, independent of ledger"
1908,30,00:01:03:17,63.56666666666667,Exhibit_camera / editorial plate push,Recover work from the exhaust,,none,"ledger seconds; disassembly timing editorial, independent of ledger"
1909,30,00:01:03:18,63.6,Exhibit_camera / editorial plate push,Recover work from the exhaust,,none,"ledger seconds; disassembly timing editorial, independent of ledger"
1910,30,00:01:03:19,63.63333333333333,Exhibit_camera / editorial plate push,Recover work from the exhaust,,none,"ledger seconds; disassembly timing editorial, independent of ledger"
1911,30,00:01:03:20,63.666666666666664,Exhibit_camera / editorial plate push,Recover work from the exhaust,,none,"ledger seconds; disassembly timing editorial, independent of ledger"
1912,30,00:01:03:21,63.7,Exhibit_camera / editorial plate push,Recover work from the exhaust,,none,"ledger seconds; disassembly timing editorial, independent of ledger"
1913,30,00:01:03:22,63.733333333333334,Exhibit_camera / editorial plate push,Recover work from the exhaust,,none,"ledger seconds; disassembly timing editorial, independent of ledger"
1914,30,00:01:03:23,63.766666666666666,Exhibit_camera / editorial plate push,Recover work from the exhaust,,none,"ledger seconds; disassembly timing editorial, independent of ledger"
1915,30,00:01:03:24,63.8,Exhibit_camera / editorial plate push,Recover work from the exhaust,,none,"ledger seconds; disassembly timing editorial, independent of ledger"
1916,30,00:01:03:25,63.833333333333336,Exhibit_camera / editorial plate push,Recover work from the exhaust,,none,"ledger seconds; disassembly timing editorial, independent of ledger"
1917,30,00:01:03:26,63.86666666666667,Exhibit_camera / editorial plate push,Recover work from the exhaust,,none,"ledger seconds; disassembly timing editorial, independent of ledger"
1918,30,00:01:03:27,63.9,Exhibit_camera / editorial plate push,Recover work from the exhaust,,none,"ledger seconds; disassembly timing editorial, independent of ledger"
1919,30,00:01:03:28,63.93333333333333,Exhibit_camera / editorial plate push,Recover work from the exhaust,,none,"ledger seconds; disassembly timing editorial, independent of ledger"
1920,30,00:01:03:29,63.96666666666667,Exhibit_camera / editorial plate push,Recover work from the exhaust,,none,"ledger seconds; disassembly timing editorial, independent of ledger"
1921,30,00:01:04:00,64.0,Exhibit_camera / editorial plate push,Recover work from the exhaust,,none,"ledger seconds; disassembly timing editorial, independent of ledger"
1922,30,00:01:04:01,64.03333333333333,Exhibit_camera / editorial plate push,Recover work from the exhaust,,none,"ledger seconds; disassembly timing editorial, independent of ledger"
1923,30,00:01:04:02,64.06666666666666,Exhibit_camera / editorial plate push,Recover work from the exhaust,,none,"ledger seconds; disassembly timing editorial, independent of ledger"
1924,30,00:01:04:03,64.1,Exhibit_camera / editorial plate push,Recover work from the exhaust,,none,"ledger seconds; disassembly timing editorial, independent of ledger"
1925,30,00:01:04:04,64.13333333333334,Exhibit_camera / editorial plate push,Recover work from the exhaust,,none,"ledger seconds; disassembly timing editorial, independent of ledger"
1926,30,00:01:04:05,64.16666666666667,Exhibit_camera / editorial plate push,Recover work from the exhaust,,none,"ledger seconds; disassembly timing editorial, independent of ledger"
1927,30,00:01:04:06,64.2,Exhibit_camera / editorial plate push,Recover work from the exhaust,,none,"ledger seconds; disassembly timing editorial, independent of ledger"
1928,30,00:01:04:07,64.23333333333333,Exhibit_camera / editorial plate push,Recover work from the exhaust,,none,"ledger seconds; disassembly timing editorial, independent of ledger"
1929,30,00:01:04:08,64.26666666666667,Exhibit_camera / editorial plate push,Recover work from the exhaust,,none,"ledger seconds; disassembly timing editorial, independent of ledger"
1930,30,00:01:04:09,64.3,Exhibit_camera / editorial plate push,Recover work from the exhaust,,none,"ledger seconds; disassembly timing editorial, independent of ledger"
1931,30,00:01:04:10,64.33333333333333,Exhibit_camera / editorial plate push,Recover work from the exhaust,,none,"ledger seconds; disassembly timing editorial, independent of ledger"
1932,30,00:01:04:11,64.36666666666666,Exhibit_camera / editorial plate push,Recover work from the exhaust,,none,"ledger seconds; disassembly timing editorial, independent of ledger"
1933,30,00:01:04:12,64.4,Exhibit_camera / editorial plate push,Recover work from the exhaust,,none,"ledger seconds; disassembly timing editorial, independent of ledger"
1934,30,00:01:04:13,64.43333333333334,Exhibit_camera / editorial plate push,Recover work from the exhaust,,none,"ledger seconds; disassembly timing editorial, independent of ledger"
1935,30,00:01:04:14,64.46666666666667,Exhibit_camera / editorial plate push,Recover work from the exhaust,,none,"ledger seconds; disassembly timing editorial, independent of ledger"
1936,30,00:01:04:15,64.5,Exhibit_camera / editorial plate push,Recover work from the exhaust,,none,"ledger seconds; disassembly timing editorial, independent of ledger"
1937,30,00:01:04:16,64.53333333333333,Exhibit_camera / editorial plate push,Recover work from the exhaust,,none,"ledger seconds; disassembly timing editorial, independent of ledger"
1938,30,00:01:04:17,64.56666666666666,Exhibit_camera / editorial plate push,Recover work from the exhaust,,none,"ledger seconds; disassembly timing editorial, independent of ledger"
1939,30,00:01:04:18,64.6,Exhibit_camera / editorial plate push,Recover work from the exhaust,,none,"ledger seconds; disassembly timing editorial, independent of ledger"
1940,30,00:01:04:19,64.63333333333334,Exhibit_camera / editorial plate push,Recover work from the exhaust,,none,"ledger seconds; disassembly timing editorial, independent of ledger"
1941,30,00:01:04:20,64.66666666666667,Exhibit_camera / editorial plate push,Recover work from the exhaust,,none,"ledger seconds; disassembly timing editorial, independent of ledger"
1942,30,00:01:04:21,64.7,Exhibit_camera / editorial plate push,Recover work from the exhaust,,none,"ledger seconds; disassembly timing editorial, independent of ledger"
1943,30,00:01:04:22,64.73333333333333,Exhibit_camera / editorial plate push,Recover work from the exhaust,,none,"ledger seconds; disassembly timing editorial, independent of ledger"
1944,30,00:01:04:23,64.76666666666667,Exhibit_camera / editorial plate push,Recover work from the exhaust,,none,"ledger seconds; disassembly timing editorial, independent of ledger"
1945,30,00:01:04:24,64.8,Exhibit_camera / editorial plate push,Recover work from the exhaust,,none,"ledger seconds; disassembly timing editorial, independent of ledger"
1946,30,00:01:04:25,64.83333333333333,Exhibit_camera / editorial plate push,Recover work from the exhaust,,none,"ledger seconds; disassembly timing editorial, independent of ledger"
1947,30,00:01:04:26,64.86666666666666,Exhibit_camera / editorial plate push,Recover work from the exhaust,,none,"ledger seconds; disassembly timing editorial, independent of ledger"
1948,30,00:01:04:27,64.9,Exhibit_camera / editorial plate push,Recover work from the exhaust,,none,"ledger seconds; disassembly timing editorial, independent of ledger"
1949,30,00:01:04:28,64.93333333333334,Exhibit_camera / editorial plate push,Recover work from the exhaust,,none,"ledger seconds; disassembly timing editorial, independent of ledger"
1950,30,00:01:04:29,64.96666666666667,Exhibit_camera / editorial plate push,Recover work from the exhaust,,none,"ledger seconds; disassembly timing editorial, independent of ledger"
1951,30,00:01:05:00,65.0,Exhibit_camera / editorial plate push,Recover work from the exhaust,,none,"ledger seconds; disassembly timing editorial, independent of ledger"
1952,30,00:01:05:01,65.03333333333333,Exhibit_camera / editorial plate push,Recover work from the exhaust,,none,"ledger seconds; disassembly timing editorial, independent of ledger"
1953,30,00:01:05:02,65.06666666666666,Exhibit_camera / editorial plate push,Recover work from the exhaust,,none,"ledger seconds; disassembly timing editorial, independent of ledger"
1954,30,00:01:05:03,65.1,Exhibit_camera / editorial plate push,Recover work from the exhaust,,none,"ledger seconds; disassembly timing editorial, independent of ledger"
1955,30,00:01:05:04,65.13333333333334,Exhibit_camera / editorial plate push,Recover work from the exhaust,,none,"ledger seconds; disassembly timing editorial, independent of ledger"
1956,30,00:01:05:05,65.16666666666667,Exhibit_camera / editorial plate push,Recover work from the exhaust,,none,"ledger seconds; disassembly timing editorial, independent of ledger"
1957,30,00:01:05:06,65.2,Exhibit_camera / editorial plate push,Recover work from the exhaust,,none,"ledger seconds; disassembly timing editorial, independent of ledger"
1958,30,00:01:05:07,65.23333333333333,Exhibit_camera / editorial plate push,Recover work from the exhaust,,none,"ledger seconds; disassembly timing editorial, independent of ledger"
1959,30,00:01:05:08,65.26666666666667,Exhibit_camera / editorial plate push,Recover work from the exhaust,,none,"ledger seconds; disassembly timing editorial, independent of ledger"
1960,30,00:01:05:09,65.3,Exhibit_camera / editorial plate push,Recover work from the exhaust,,none,"ledger seconds; disassembly timing editorial, independent of ledger"
1961,30,00:01:05:10,65.33333333333333,Exhibit_camera / editorial plate push,Recover work from the exhaust,,none,"ledger seconds; disassembly timing editorial, independent of ledger"
1962,30,00:01:05:11,65.36666666666666,Exhibit_camera / editorial plate push,Recover work from the exhaust,,none,"ledger seconds; disassembly timing editorial, independent of ledger"
1963,30,00:01:05:12,65.4,Exhibit_camera / editorial plate push,Recover work from the exhaust,,none,"ledger seconds; disassembly timing editorial, independent of ledger"
1964,30,00:01:05:13,65.43333333333334,Exhibit_camera / editorial plate push,Recover work from the exhaust,,none,"ledger seconds; disassembly timing editorial, independent of ledger"
1965,30,00:01:05:14,65.46666666666667,Exhibit_camera / editorial plate push,Recover work from the exhaust,,none,"ledger seconds; disassembly timing editorial, independent of ledger"
1966,30,00:01:05:15,65.5,Exhibit_camera / editorial plate push,Recover work from the exhaust,,none,"ledger seconds; disassembly timing editorial, independent of ledger"
1967,30,00:01:05:16,65.53333333333333,Exhibit_camera / editorial plate push,Recover work from the exhaust,,none,"ledger seconds; disassembly timing editorial, independent of ledger"
1968,30,00:01:05:17,65.56666666666666,Exhibit_camera / editorial plate push,Recover work from the exhaust,,none,"ledger seconds; disassembly timing editorial, independent of ledger"
1969,30,00:01:05:18,65.6,Exhibit_camera / editorial plate push,Recover work from the exhaust,,none,"ledger seconds; disassembly timing editorial, independent of ledger"
1970,30,00:01:05:19,65.63333333333334,Exhibit_camera / editorial plate push,Recover work from the exhaust,,none,"ledger seconds; disassembly timing editorial, independent of ledger"
1971,30,00:01:05:20,65.66666666666667,Exhibit_camera / editorial plate push,Recover work from the exhaust,,none,"ledger seconds; disassembly timing editorial, independent of ledger"
1972,30,00:01:05:21,65.7,Exhibit_camera / editorial plate push,Recover work from the exhaust,,none,"ledger seconds; disassembly timing editorial, independent of ledger"
1973,30,00:01:05:22,65.73333333333333,Exhibit_camera / editorial plate push,Recover work from the exhaust,,none,"ledger seconds; disassembly timing editorial, independent of ledger"
1974,30,00:01:05:23,65.76666666666667,Exhibit_camera / editorial plate push,Recover work from the exhaust,,none,"ledger seconds; disassembly timing editorial, independent of ledger"
1975,30,00:01:05:24,65.8,Exhibit_camera / editorial plate push,Recover work from the exhaust,,none,"ledger seconds; disassembly timing editorial, independent of ledger"
1976,30,00:01:05:25,65.83333333333333,Exhibit_camera / editorial plate push,Recover work from the exhaust,,none,"ledger seconds; disassembly timing editorial, independent of ledger"
1977,30,00:01:05:26,65.86666666666666,Exhibit_camera / editorial plate push,Recover work from the exhaust,,none,"ledger seconds; disassembly timing editorial, independent of ledger"
1978,30,00:01:05:27,65.9,Exhibit_camera / editorial plate push,Recover work from the exhaust,,none,"ledger seconds; disassembly timing editorial, independent of ledger"
1979,30,00:01:05:28,65.93333333333334,Exhibit_camera / editorial plate push,Recover work from the exhaust,,none,"ledger seconds; disassembly timing editorial, independent of ledger"
1980,30,00:01:05:29,65.96666666666667,Exhibit_camera / editorial plate push,Recover work from the exhaust,,none,"ledger seconds; disassembly timing editorial, independent of ledger"
1981,30,00:01:06:00,66.0,Exhibit_camera / editorial plate push,Recover work from the exhaust,,none,"ledger seconds; disassembly timing editorial, independent of ledger"
1982,30,00:01:06:01,66.03333333333333,Exhibit_camera / editorial plate push,Recover work from the exhaust,,none,"ledger seconds; disassembly timing editorial, independent of ledger"
1983,30,00:01:06:02,66.06666666666666,Exhibit_camera / editorial plate push,Recover work from the exhaust,,none,"ledger seconds; disassembly timing editorial, independent of ledger"
1984,30,00:01:06:03,66.1,Exhibit_camera / editorial plate push,Recover work from the exhaust,,none,"ledger seconds; disassembly timing editorial, independent of ledger"
1985,30,00:01:06:04,66.13333333333334,Exhibit_camera / editorial plate push,Recover work from the exhaust,,none,"ledger seconds; disassembly timing editorial, independent of ledger"
1986,30,00:01:06:05,66.16666666666667,Exhibit_camera / editorial plate push,Recover work from the exhaust,,none,"ledger seconds; disassembly timing editorial, independent of ledger"
1987,30,00:01:06:06,66.2,Exhibit_camera / editorial plate push,Recover work from the exhaust,,none,"ledger seconds; disassembly timing editorial, independent of ledger"
1988,30,00:01:06:07,66.23333333333333,Exhibit_camera / editorial plate push,Recover work from the exhaust,,none,"ledger seconds; disassembly timing editorial, independent of ledger"
1989,30,00:01:06:08,66.26666666666667,Exhibit_camera / editorial plate push,Recover work from the exhaust,,none,"ledger seconds; disassembly timing editorial, independent of ledger"
1990,30,00:01:06:09,66.3,Exhibit_camera / editorial plate push,Recover work from the exhaust,,none,"ledger seconds; disassembly timing editorial, independent of ledger"
1991,30,00:01:06:10,66.33333333333333,Exhibit_camera / editorial plate push,Recover work from the exhaust,,none,"ledger seconds; disassembly timing editorial, independent of ledger"
1992,30,00:01:06:11,66.36666666666666,Exhibit_camera / editorial plate push,Recover work from the exhaust,,none,"ledger seconds; disassembly timing editorial, independent of ledger"
1993,30,00:01:06:12,66.4,Exhibit_camera / editorial plate push,Recover work from the exhaust,,none,"ledger seconds; disassembly timing editorial, independent of ledger"
1994,30,00:01:06:13,66.43333333333334,Exhibit_camera / editorial plate push,Recover work from the exhaust,,none,"ledger seconds; disassembly timing editorial, independent of ledger"
1995,30,00:01:06:14,66.46666666666667,Exhibit_camera / editorial plate push,Recover work from the exhaust,,none,"ledger seconds; disassembly timing editorial, independent of ledger"
1996,30,00:01:06:15,66.5,Exhibit_camera / editorial plate push,Recover work from the exhaust,,none,"ledger seconds; disassembly timing editorial, independent of ledger"
1997,30,00:01:06:16,66.53333333333333,Exhibit_camera / editorial plate push,Recover work from the exhaust,,none,"ledger seconds; disassembly timing editorial, independent of ledger"
1998,30,00:01:06:17,66.56666666666666,Exhibit_camera / editorial plate push,Recover work from the exhaust,,none,"ledger seconds; disassembly timing editorial, independent of ledger"
1999,30,00:01:06:18,66.6,Exhibit_camera / editorial plate push,Recover work from the exhaust,,none,"ledger seconds; disassembly timing editorial, independent of ledger"
2000,30,00:01:06:19,66.63333333333334,Exhibit_camera / editorial plate push,Recover work from the exhaust,,none,"ledger seconds; disassembly timing editorial, independent of ledger"
2001,30,00:01:06:20,66.66666666666667,Exhibit_camera / editorial plate push,Recover work from the exhaust,,none,"ledger seconds; disassembly timing editorial, independent of ledger"
2002,30,00:01:06:21,66.7,Exhibit_camera / editorial plate push,Recover work from the exhaust,,none,"ledger seconds; disassembly timing editorial, independent of ledger"
2003,30,00:01:06:22,66.73333333333333,Exhibit_camera / editorial plate push,Recover work from the exhaust,,none,"ledger seconds; disassembly timing editorial, independent of ledger"
2004,30,00:01:06:23,66.76666666666667,Exhibit_camera / editorial plate push,Recover work from the exhaust,,none,"ledger seconds; disassembly timing editorial, independent of ledger"
2005,30,00:01:06:24,66.8,Exhibit_camera / editorial plate push,Recover work from the exhaust,,none,"ledger seconds; disassembly timing editorial, independent of ledger"
2006,30,00:01:06:25,66.83333333333333,Exhibit_camera / editorial plate push,Recover work from the exhaust,,none,"ledger seconds; disassembly timing editorial, independent of ledger"
2007,30,00:01:06:26,66.86666666666666,Exhibit_camera / editorial plate push,Recover work from the exhaust,,none,"ledger seconds; disassembly timing editorial, independent of ledger"
2008,30,00:01:06:27,66.9,Exhibit_camera / editorial plate push,Recover work from the exhaust,,none,"ledger seconds; disassembly timing editorial, independent of ledger"
2009,30,00:01:06:28,66.93333333333334,Exhibit_camera / editorial plate push,Recover work from the exhaust,,none,"ledger seconds; disassembly timing editorial, independent of ledger"
2010,30,00:01:06:29,66.96666666666667,Exhibit_camera / editorial plate push,Recover work from the exhaust,,none,"ledger seconds; disassembly timing editorial, independent of ledger"
2011,30,00:01:07:00,67.0,Exhibit_camera / editorial plate push,Recover work from the exhaust,,none,"ledger seconds; disassembly timing editorial, independent of ledger"
2012,30,00:01:07:01,67.03333333333333,Exhibit_camera / editorial plate push,Recover work from the exhaust,,none,"ledger seconds; disassembly timing editorial, independent of ledger"
2013,30,00:01:07:02,67.06666666666666,Exhibit_camera / editorial plate push,Recover work from the exhaust,,none,"ledger seconds; disassembly timing editorial, independent of ledger"
2014,30,00:01:07:03,67.1,Exhibit_camera / editorial plate push,Recover work from the exhaust,,none,"ledger seconds; disassembly timing editorial, independent of ledger"
2015,30,00:01:07:04,67.13333333333334,Exhibit_camera / editorial plate push,Recover work from the exhaust,,none,"ledger seconds; disassembly timing editorial, independent of ledger"
2016,30,00:01:07:05,67.16666666666667,Exhibit_camera / editorial plate push,Recover work from the exhaust,,none,"ledger seconds; disassembly timing editorial, independent of ledger"
2017,30,00:01:07:06,67.2,Exhibit_camera / editorial plate push,Recover work from the exhaust,,none,"ledger seconds; disassembly timing editorial, independent of ledger"
2018,30,00:01:07:07,67.23333333333333,Exhibit_camera / editorial plate push,Recover work from the exhaust,,none,"ledger seconds; disassembly timing editorial, independent of ledger"
2019,30,00:01:07:08,67.26666666666667,Exhibit_camera / editorial plate push,Recover work from the exhaust,,none,"ledger seconds; disassembly timing editorial, independent of ledger"
2020,30,00:01:07:09,67.3,Exhibit_camera / editorial plate push,Recover work from the exhaust,,none,"ledger seconds; disassembly timing editorial, independent of ledger"
2021,30,00:01:07:10,67.33333333333333,Exhibit_camera / editorial plate push,Recover work from the exhaust,,none,"ledger seconds; disassembly timing editorial, independent of ledger"
2022,30,00:01:07:11,67.36666666666666,Exhibit_camera / editorial plate push,Recover work from the exhaust,,none,"ledger seconds; disassembly timing editorial, independent of ledger"
2023,30,00:01:07:12,67.4,Exhibit_camera / editorial plate push,Recover work from the exhaust,,none,"ledger seconds; disassembly timing editorial, independent of ledger"
2024,30,00:01:07:13,67.43333333333334,Exhibit_camera / editorial plate push,Recover work from the exhaust,,none,"ledger seconds; disassembly timing editorial, independent of ledger"
2025,30,00:01:07:14,67.46666666666667,Exhibit_camera / editorial plate push,Recover work from the exhaust,,none,"ledger seconds; disassembly timing editorial, independent of ledger"
2026,30,00:01:07:15,67.5,Exhibit_camera / editorial plate push,Recover work from the exhaust,,none,"ledger seconds; disassembly timing editorial, independent of ledger"
2027,30,00:01:07:16,67.53333333333333,Exhibit_camera / editorial plate push,Recover work from the exhaust,,none,"ledger seconds; disassembly timing editorial, independent of ledger"
2028,30,00:01:07:17,67.56666666666666,Exhibit_camera / editorial plate push,Recover work from the exhaust,,none,"ledger seconds; disassembly timing editorial, independent of ledger"
2029,30,00:01:07:18,67.6,Exhibit_camera / editorial plate push,Recover work from the exhaust,,none,"ledger seconds; disassembly timing editorial, independent of ledger"
2030,30,00:01:07:19,67.63333333333334,Exhibit_camera / editorial plate push,Recover work from the exhaust,,none,"ledger seconds; disassembly timing editorial, independent of ledger"
2031,30,00:01:07:20,67.66666666666667,Exhibit_camera / editorial plate push,Recover work from the exhaust,,none,"ledger seconds; disassembly timing editorial, independent of ledger"
2032,30,00:01:07:21,67.7,Exhibit_camera / editorial plate push,Recover work from the exhaust,,none,"ledger seconds; disassembly timing editorial, independent of ledger"
2033,30,00:01:07:22,67.73333333333333,Exhibit_camera / editorial plate push,Recover work from the exhaust,,none,"ledger seconds; disassembly timing editorial, independent of ledger"
2034,30,00:01:07:23,67.76666666666667,Exhibit_camera / editorial plate push,Recover work from the exhaust,,none,"ledger seconds; disassembly timing editorial, independent of ledger"
2035,30,00:01:07:24,67.8,Exhibit_camera / editorial plate push,Recover work from the exhaust,,none,"ledger seconds; disassembly timing editorial, independent of ledger"
2036,30,00:01:07:25,67.83333333333333,Exhibit_camera / editorial plate push,Recover work from the exhaust,,none,"ledger seconds; disassembly timing editorial, independent of ledger"
2037,30,00:01:07:26,67.86666666666666,Exhibit_camera / editorial plate push,Recover work from the exhaust,,none,"ledger seconds; disassembly timing editorial, independent of ledger"
2038,30,00:01:07:27,67.9,Exhibit_camera / editorial plate push,Recover work from the exhaust,,none,"ledger seconds; disassembly timing editorial, independent of ledger"
2039,30,00:01:07:28,67.93333333333334,Exhibit_camera / editorial plate push,Recover work from the exhaust,,none,"ledger seconds; disassembly timing editorial, independent of ledger"
2040,30,00:01:07:29,67.96666666666667,Exhibit_camera / editorial plate push,Recover work from the exhaust,,none,"ledger seconds; disassembly timing editorial, independent of ledger"
2041,30,00:01:08:00,68.0,Exhibit_camera / editorial plate push,Recover work from the exhaust,,none,"ledger seconds; disassembly timing editorial, independent of ledger"
2042,30,00:01:08:01,68.03333333333333,Exhibit_camera / editorial plate push,Recover work from the exhaust,,none,"ledger seconds; disassembly timing editorial, independent of ledger"
2043,30,00:01:08:02,68.06666666666666,Exhibit_camera / editorial plate push,Recover work from the exhaust,,none,"ledger seconds; disassembly timing editorial, independent of ledger"
2044,30,00:01:08:03,68.1,Exhibit_camera / editorial plate push,Recover work from the exhaust,,none,"ledger seconds; disassembly timing editorial, independent of ledger"
2045,30,00:01:08:04,68.13333333333334,Exhibit_camera / editorial plate push,Recover work from the exhaust,,none,"ledger seconds; disassembly timing editorial, independent of ledger"
2046,30,00:01:08:05,68.16666666666667,Exhibit_camera / editorial plate push,Recover work from the exhaust,,none,"ledger seconds; disassembly timing editorial, independent of ledger"
2047,30,00:01:08:06,68.2,Exhibit_camera / editorial plate push,Recover work from the exhaust,,none,"ledger seconds; disassembly timing editorial, independent of ledger"
2048,30,00:01:08:07,68.23333333333333,Exhibit_camera / editorial plate push,Recover work from the exhaust,,none,"ledger seconds; disassembly timing editorial, independent of ledger"
2049,30,00:01:08:08,68.26666666666667,Exhibit_camera / editorial plate push,Recover work from the exhaust,,none,"ledger seconds; disassembly timing editorial, independent of ledger"
2050,30,00:01:08:09,68.3,Exhibit_camera / editorial plate push,Recover work from the exhaust,,none,"ledger seconds; disassembly timing editorial, independent of ledger"
2051,30,00:01:08:10,68.33333333333333,Exhibit_camera / editorial plate push,Recover work from the exhaust,,none,"ledger seconds; disassembly timing editorial, independent of ledger"
2052,30,00:01:08:11,68.36666666666666,Exhibit_camera / editorial plate push,Recover work from the exhaust,,none,"ledger seconds; disassembly timing editorial, independent of ledger"
2053,30,00:01:08:12,68.4,Exhibit_camera / editorial plate push,Recover work from the exhaust,,none,"ledger seconds; disassembly timing editorial, independent of ledger"
2054,30,00:01:08:13,68.43333333333334,Exhibit_camera / editorial plate push,Recover work from the exhaust,,none,"ledger seconds; disassembly timing editorial, independent of ledger"
2055,30,00:01:08:14,68.46666666666667,Exhibit_camera / editorial plate push,Recover work from the exhaust,,none,"ledger seconds; disassembly timing editorial, independent of ledger"
2056,30,00:01:08:15,68.5,Exhibit_camera / editorial plate push,Recover work from the exhaust,,none,"ledger seconds; disassembly timing editorial, independent of ledger"
2057,30,00:01:08:16,68.53333333333333,Exhibit_camera / editorial plate push,Recover work from the exhaust,,none,"ledger seconds; disassembly timing editorial, independent of ledger"
2058,30,00:01:08:17,68.56666666666666,Exhibit_camera / editorial plate push,Recover work from the exhaust,,none,"ledger seconds; disassembly timing editorial, independent of ledger"
2059,30,00:01:08:18,68.6,Exhibit_camera / editorial plate push,Recover work from the exhaust,,none,"ledger seconds; disassembly timing editorial, independent of ledger"
2060,30,00:01:08:19,68.63333333333334,Exhibit_camera / editorial plate push,Recover work from the exhaust,,none,"ledger seconds; disassembly timing editorial, independent of ledger"
2061,30,00:01:08:20,68.66666666666667,Exhibit_camera / editorial plate push,Recover work from the exhaust,,none,"ledger seconds; disassembly timing editorial, independent of ledger"
2062,30,00:01:08:21,68.7,Exhibit_camera / editorial plate push,Recover work from the exhaust,,none,"ledger seconds; disassembly timing editorial, independent of ledger"
2063,30,00:01:08:22,68.73333333333333,Exhibit_camera / editorial plate push,Recover work from the exhaust,,none,"ledger seconds; disassembly timing editorial, independent of ledger"
2064,30,00:01:08:23,68.76666666666667,Exhibit_camera / editorial plate push,Recover work from the exhaust,,none,"ledger seconds; disassembly timing editorial, independent of ledger"
2065,30,00:01:08:24,68.8,Exhibit_camera / editorial plate push,Recover work from the exhaust,,none,"ledger seconds; disassembly timing editorial, independent of ledger"
2066,30,00:01:08:25,68.83333333333333,Exhibit_camera / editorial plate push,Recover work from the exhaust,,none,"ledger seconds; disassembly timing editorial, independent of ledger"
2067,30,00:01:08:26,68.86666666666666,Exhibit_camera / editorial plate push,Recover work from the exhaust,,none,"ledger seconds; disassembly timing editorial, independent of ledger"
2068,30,00:01:08:27,68.9,Exhibit_camera / editorial plate push,Recover work from the exhaust,,none,"ledger seconds; disassembly timing editorial, independent of ledger"
2069,30,00:01:08:28,68.93333333333334,Exhibit_camera / editorial plate push,Recover work from the exhaust,,none,"ledger seconds; disassembly timing editorial, independent of ledger"
2070,30,00:01:08:29,68.96666666666667,Exhibit_camera / editorial plate push,Recover work from the exhaust,,none,"ledger seconds; disassembly timing editorial, independent of ledger"
2071,30,00:01:09:00,69.0,Exhibit_camera / editorial plate push,Recover work from the exhaust,,none,"ledger seconds; disassembly timing editorial, independent of ledger"
2072,30,00:01:09:01,69.03333333333333,Exhibit_camera / editorial plate push,Recover work from the exhaust,,none,"ledger seconds; disassembly timing editorial, independent of ledger"
2073,30,00:01:09:02,69.06666666666666,Exhibit_camera / editorial plate push,Recover work from the exhaust,,none,"ledger seconds; disassembly timing editorial, independent of ledger"
2074,30,00:01:09:03,69.1,Exhibit_camera / editorial plate push,Recover work from the exhaust,,none,"ledger seconds; disassembly timing editorial, independent of ledger"
2075,30,00:01:09:04,69.13333333333334,Exhibit_camera / editorial plate push,Recover work from the exhaust,,none,"ledger seconds; disassembly timing editorial, independent of ledger"
2076,30,00:01:09:05,69.16666666666667,Exhibit_camera / editorial plate push,Recover work from the exhaust,,none,"ledger seconds; disassembly timing editorial, independent of ledger"
2077,30,00:01:09:06,69.2,Exhibit_camera / editorial plate push,Recover work from the exhaust,,none,"ledger seconds; disassembly timing editorial, independent of ledger"
2078,30,00:01:09:07,69.23333333333333,Exhibit_camera / editorial plate push,Recover work from the exhaust,,none,"ledger seconds; disassembly timing editorial, independent of ledger"
2079,30,00:01:09:08,69.26666666666667,Exhibit_camera / editorial plate push,Recover work from the exhaust,,none,"ledger seconds; disassembly timing editorial, independent of ledger"
2080,30,00:01:09:09,69.3,Exhibit_camera / editorial plate push,Recover work from the exhaust,,none,"ledger seconds; disassembly timing editorial, independent of ledger"
2081,30,00:01:09:10,69.33333333333333,Exhibit_camera / editorial plate push,Recover work from the exhaust,,none,"ledger seconds; disassembly timing editorial, independent of ledger"
2082,30,00:01:09:11,69.36666666666666,Exhibit_camera / editorial plate push,Recover work from the exhaust,,none,"ledger seconds; disassembly timing editorial, independent of ledger"
2083,30,00:01:09:12,69.4,Exhibit_camera / editorial plate push,Recover work from the exhaust,,none,"ledger seconds; disassembly timing editorial, independent of ledger"
2084,30,00:01:09:13,69.43333333333334,Exhibit_camera / editorial plate push,Recover work from the exhaust,,none,"ledger seconds; disassembly timing editorial, independent of ledger"
2085,30,00:01:09:14,69.46666666666667,Exhibit_camera / editorial plate push,Recover work from the exhaust,,none,"ledger seconds; disassembly timing editorial, independent of ledger"
2086,30,00:01:09:15,69.5,Exhibit_camera / editorial plate push,Recover work from the exhaust,,none,"ledger seconds; disassembly timing editorial, independent of ledger"
2087,30,00:01:09:16,69.53333333333333,Exhibit_camera / editorial plate push,Recover work from the exhaust,,none,"ledger seconds; disassembly timing editorial, independent of ledger"
2088,30,00:01:09:17,69.56666666666666,Exhibit_camera / editorial plate push,Recover work from the exhaust,,none,"ledger seconds; disassembly timing editorial, independent of ledger"
2089,30,00:01:09:18,69.6,Exhibit_camera / editorial plate push,Recover work from the exhaust,,none,"ledger seconds; disassembly timing editorial, independent of ledger"
2090,30,00:01:09:19,69.63333333333334,Exhibit_camera / editorial plate push,Recover work from the exhaust,,none,"ledger seconds; disassembly timing editorial, independent of ledger"
2091,30,00:01:09:20,69.66666666666667,Exhibit_camera / editorial plate push,Recover work from the exhaust,,none,"ledger seconds; disassembly timing editorial, independent of ledger"
2092,30,00:01:09:21,69.7,Exhibit_camera / editorial plate push,Recover work from the exhaust,,none,"ledger seconds; disassembly timing editorial, independent of ledger"
2093,30,00:01:09:22,69.73333333333333,Exhibit_camera / editorial plate push,Recover work from the exhaust,,none,"ledger seconds; disassembly timing editorial, independent of ledger"
2094,30,00:01:09:23,69.76666666666667,Exhibit_camera / editorial plate push,Recover work from the exhaust,,none,"ledger seconds; disassembly timing editorial, independent of ledger"
2095,30,00:01:09:24,69.8,Exhibit_camera / editorial plate push,Recover work from the exhaust,,none,"ledger seconds; disassembly timing editorial, independent of ledger"
2096,30,00:01:09:25,69.83333333333333,Exhibit_camera / editorial plate push,Recover work from the exhaust,,none,"ledger seconds; disassembly timing editorial, independent of ledger"
2097,30,00:01:09:26,69.86666666666666,Exhibit_camera / editorial plate push,Recover work from the exhaust,,none,"ledger seconds; disassembly timing editorial, independent of ledger"
2098,30,00:01:09:27,69.9,Exhibit_camera / editorial plate push,Recover work from the exhaust,,none,"ledger seconds; disassembly timing editorial, independent of ledger"
2099,30,00:01:09:28,69.93333333333334,Exhibit_camera / editorial plate push,Recover work from the exhaust,,none,"ledger seconds; disassembly timing editorial, independent of ledger"
2100,30,00:01:09:29,69.96666666666667,Exhibit_camera / editorial plate push,Recover work from the exhaust,,none,"ledger seconds; disassembly timing editorial, independent of ledger"
2101,30,00:01:10:00,70.0,Exhibit_camera / editorial plate push,Recover work from the exhaust,,none,"ledger seconds; disassembly timing editorial, independent of ledger"
2102,30,00:01:10:01,70.03333333333333,Exhibit_camera / editorial plate push,Recover work from the exhaust,,none,"ledger seconds; disassembly timing editorial, independent of ledger"
2103,30,00:01:10:02,70.06666666666666,Exhibit_camera / editorial plate push,Recover work from the exhaust,,none,"ledger seconds; disassembly timing editorial, independent of ledger"
2104,30,00:01:10:03,70.1,Exhibit_camera / editorial plate push,Recover work from the exhaust,,none,"ledger seconds; disassembly timing editorial, independent of ledger"
2105,30,00:01:10:04,70.13333333333334,Exhibit_camera / editorial plate push,Recover work from the exhaust,,none,"ledger seconds; disassembly timing editorial, independent of ledger"
2106,30,00:01:10:05,70.16666666666667,Exhibit_camera / editorial plate push,Recover work from the exhaust,,none,"ledger seconds; disassembly timing editorial, independent of ledger"
2107,30,00:01:10:06,70.2,Exhibit_camera / editorial plate push,Recover work from the exhaust,,none,"ledger seconds; disassembly timing editorial, independent of ledger"
2108,30,00:01:10:07,70.23333333333333,Exhibit_camera / editorial plate push,Recover work from the exhaust,,none,"ledger seconds; disassembly timing editorial, independent of ledger"
2109,30,00:01:10:08,70.26666666666667,Exhibit_camera / editorial plate push,Recover work from the exhaust,,none,"ledger seconds; disassembly timing editorial, independent of ledger"
2110,30,00:01:10:09,70.3,Exhibit_camera / editorial plate push,Recover work from the exhaust,,none,"ledger seconds; disassembly timing editorial, independent of ledger"
2111,30,00:01:10:10,70.33333333333333,Exhibit_camera / editorial plate push,Recover work from the exhaust,,none,"ledger seconds; disassembly timing editorial, independent of ledger"
2112,30,00:01:10:11,70.36666666666666,Exhibit_camera / editorial plate push,Recover work from the exhaust,,none,"ledger seconds; disassembly timing editorial, independent of ledger"
2113,30,00:01:10:12,70.4,Exhibit_camera / editorial plate push,Recover work from the exhaust,,none,"ledger seconds; disassembly timing editorial, independent of ledger"
2114,30,00:01:10:13,70.43333333333334,Exhibit_camera / editorial plate push,Recover work from the exhaust,,none,"ledger seconds; disassembly timing editorial, independent of ledger"
2115,30,00:01:10:14,70.46666666666667,Exhibit_camera / editorial plate push,Recover work from the exhaust,,none,"ledger seconds; disassembly timing editorial, independent of ledger"
2116,30,00:01:10:15,70.5,Exhibit_camera / editorial plate push,Recover work from the exhaust,,none,"ledger seconds; disassembly timing editorial, independent of ledger"
2117,30,00:01:10:16,70.53333333333333,Exhibit_camera / editorial plate push,Recover work from the exhaust,,none,"ledger seconds; disassembly timing editorial, independent of ledger"
2118,30,00:01:10:17,70.56666666666666,Exhibit_camera / editorial plate push,Recover work from the exhaust,,none,"ledger seconds; disassembly timing editorial, independent of ledger"
2119,30,00:01:10:18,70.6,Exhibit_camera / editorial plate push,Recover work from the exhaust,,none,"ledger seconds; disassembly timing editorial, independent of ledger"
2120,30,00:01:10:19,70.63333333333334,Exhibit_camera / editorial plate push,Recover work from the exhaust,,none,"ledger seconds; disassembly timing editorial, independent of ledger"
2121,30,00:01:10:20,70.66666666666667,Exhibit_camera / editorial plate push,Recover work from the exhaust,,none,"ledger seconds; disassembly timing editorial, independent of ledger"
2122,30,00:01:10:21,70.7,Exhibit_camera / editorial plate push,Recover work from the exhaust,,none,"ledger seconds; disassembly timing editorial, independent of ledger"
2123,30,00:01:10:22,70.73333333333333,Exhibit_camera / editorial plate push,Recover work from the exhaust,,none,"ledger seconds; disassembly timing editorial, independent of ledger"
2124,30,00:01:10:23,70.76666666666667,Exhibit_camera / editorial plate push,Recover work from the exhaust,,none,"ledger seconds; disassembly timing editorial, independent of ledger"
2125,30,00:01:10:24,70.8,Exhibit_camera / editorial plate push,Recover work from the exhaust,,none,"ledger seconds; disassembly timing editorial, independent of ledger"
2126,30,00:01:10:25,70.83333333333333,Exhibit_camera / editorial plate push,Recover work from the exhaust,,none,"ledger seconds; disassembly timing editorial, independent of ledger"
2127,30,00:01:10:26,70.86666666666666,Exhibit_camera / editorial plate push,Recover work from the exhaust,,none,"ledger seconds; disassembly timing editorial, independent of ledger"
2128,30,00:01:10:27,70.9,Exhibit_camera / editorial plate push,Recover work from the exhaust,,none,"ledger seconds; disassembly timing editorial, independent of ledger"
2129,30,00:01:10:28,70.93333333333334,Exhibit_camera / editorial plate push,Recover work from the exhaust,,none,"ledger seconds; disassembly timing editorial, independent of ledger"
2130,30,00:01:10:29,70.96666666666667,Exhibit_camera / editorial plate push,Recover work from the exhaust,,none,"ledger seconds; disassembly timing editorial, independent of ledger"
2131,30,00:01:11:00,71.0,Exhibit_camera / editorial plate push,Recover work from the exhaust,,none,"ledger seconds; disassembly timing editorial, independent of ledger"
2132,30,00:01:11:01,71.03333333333333,Exhibit_camera / editorial plate push,Recover work from the exhaust,,none,"ledger seconds; disassembly timing editorial, independent of ledger"
2133,30,00:01:11:02,71.06666666666666,Exhibit_camera / editorial plate push,Recover work from the exhaust,,none,"ledger seconds; disassembly timing editorial, independent of ledger"
2134,30,00:01:11:03,71.1,Exhibit_camera / editorial plate push,Recover work from the exhaust,,none,"ledger seconds; disassembly timing editorial, independent of ledger"
2135,30,00:01:11:04,71.13333333333334,Exhibit_camera / editorial plate push,Recover work from the exhaust,,none,"ledger seconds; disassembly timing editorial, independent of ledger"
2136,30,00:01:11:05,71.16666666666667,Exhibit_camera / editorial plate push,Recover work from the exhaust,,none,"ledger seconds; disassembly timing editorial, independent of ledger"
2137,30,00:01:11:06,71.2,Exhibit_camera / editorial plate push,Recover work from the exhaust,,none,"ledger seconds; disassembly timing editorial, independent of ledger"
2138,30,00:01:11:07,71.23333333333333,Exhibit_camera / editorial plate push,Recover work from the exhaust,,none,"ledger seconds; disassembly timing editorial, independent of ledger"
2139,30,00:01:11:08,71.26666666666667,Exhibit_camera / editorial plate push,Recover work from the exhaust,,none,"ledger seconds; disassembly timing editorial, independent of ledger"
2140,30,00:01:11:09,71.3,Exhibit_camera / editorial plate push,Recover work from the exhaust,,none,"ledger seconds; disassembly timing editorial, independent of ledger"
2141,30,00:01:11:10,71.33333333333333,Exhibit_camera / editorial plate push,Recover work from the exhaust,,none,"ledger seconds; disassembly timing editorial, independent of ledger"
2142,30,00:01:11:11,71.36666666666666,Exhibit_camera / editorial plate push,Recover work from the exhaust,,none,"ledger seconds; disassembly timing editorial, independent of ledger"
2143,30,00:01:11:12,71.4,Exhibit_camera / editorial plate push,Recover work from the exhaust,,none,"ledger seconds; disassembly timing editorial, independent of ledger"
2144,30,00:01:11:13,71.43333333333334,Exhibit_camera / editorial plate push,Recover work from the exhaust,,none,"ledger seconds; disassembly timing editorial, independent of ledger"
2145,30,00:01:11:14,71.46666666666667,Exhibit_camera / editorial plate push,Recover work from the exhaust,,none,"ledger seconds; disassembly timing editorial, independent of ledger"
2146,30,00:01:11:15,71.5,Exhibit_camera / editorial plate push,Recover work from the exhaust,,none,"ledger seconds; disassembly timing editorial, independent of ledger"
2147,30,00:01:11:16,71.53333333333333,Exhibit_camera / editorial plate push,Recover work from the exhaust,,none,"ledger seconds; disassembly timing editorial, independent of ledger"
2148,30,00:01:11:17,71.56666666666666,Exhibit_camera / editorial plate push,Recover work from the exhaust,,none,"ledger seconds; disassembly timing editorial, independent of ledger"
2149,30,00:01:11:18,71.6,Exhibit_camera / editorial plate push,Recover work from the exhaust,,none,"ledger seconds; disassembly timing editorial, independent of ledger"
2150,30,00:01:11:19,71.63333333333334,Exhibit_camera / editorial plate push,Recover work from the exhaust,,none,"ledger seconds; disassembly timing editorial, independent of ledger"
2151,30,00:01:11:20,71.66666666666667,Exhibit_camera / editorial plate push,Recover work from the exhaust,,none,"ledger seconds; disassembly timing editorial, independent of ledger"
2152,30,00:01:11:21,71.7,Exhibit_camera / editorial plate push,Recover work from the exhaust,,none,"ledger seconds; disassembly timing editorial, independent of ledger"
2153,30,00:01:11:22,71.73333333333333,Exhibit_camera / editorial plate push,Recover work from the exhaust,,none,"ledger seconds; disassembly timing editorial, independent of ledger"
2154,30,00:01:11:23,71.76666666666667,Exhibit_camera / editorial plate push,Recover work from the exhaust,,none,"ledger seconds; disassembly timing editorial, independent of ledger"
2155,30,00:01:11:24,71.8,Exhibit_camera / editorial plate push,Recover work from the exhaust,,none,"ledger seconds; disassembly timing editorial, independent of ledger"
2156,30,00:01:11:25,71.83333333333333,Exhibit_camera / editorial plate push,Recover work from the exhaust,,none,"ledger seconds; disassembly timing editorial, independent of ledger"
2157,30,00:01:11:26,71.86666666666666,Exhibit_camera / editorial plate push,Recover work from the exhaust,,none,"ledger seconds; disassembly timing editorial, independent of ledger"
2158,30,00:01:11:27,71.9,Exhibit_camera / editorial plate push,Recover work from the exhaust,,none,"ledger seconds; disassembly timing editorial, independent of ledger"
2159,30,00:01:11:28,71.93333333333334,Exhibit_camera / editorial plate push,Recover work from the exhaust,,none,"ledger seconds; disassembly timing editorial, independent of ledger"
2160,30,00:01:11:29,71.96666666666667,Exhibit_camera / editorial plate push,Recover work from the exhaust,,none,"ledger seconds; disassembly timing editorial, independent of ledger"
2161,30,00:01:12:00,72.0,Exhibit_camera / editorial plate push,Recover work from the exhaust,,none,"ledger seconds; disassembly timing editorial, independent of ledger"
2162,30,00:01:12:01,72.03333333333333,Exhibit_camera / editorial plate push,Recover work from the exhaust,,none,"ledger seconds; disassembly timing editorial, independent of ledger"
2163,30,00:01:12:02,72.06666666666666,Exhibit_camera / editorial plate push,Recover work from the exhaust,,none,"ledger seconds; disassembly timing editorial, independent of ledger"
2164,30,00:01:12:03,72.1,Exhibit_camera / editorial plate push,Recover work from the exhaust,,none,"ledger seconds; disassembly timing editorial, independent of ledger"
2165,30,00:01:12:04,72.13333333333334,Exhibit_camera / editorial plate push,Recover work from the exhaust,,none,"ledger seconds; disassembly timing editorial, independent of ledger"
2166,30,00:01:12:05,72.16666666666667,Exhibit_camera / editorial plate push,Recover work from the exhaust,,none,"ledger seconds; disassembly timing editorial, independent of ledger"
2167,30,00:01:12:06,72.2,Exhibit_camera / editorial plate push,Recover work from the exhaust,,none,"ledger seconds; disassembly timing editorial, independent of ledger"
2168,30,00:01:12:07,72.23333333333333,Exhibit_camera / editorial plate push,Recover work from the exhaust,,none,"ledger seconds; disassembly timing editorial, independent of ledger"
2169,30,00:01:12:08,72.26666666666667,Exhibit_camera / editorial plate push,Recover work from the exhaust,,none,"ledger seconds; disassembly timing editorial, independent of ledger"
2170,30,00:01:12:09,72.3,Exhibit_camera / editorial plate push,Recover work from the exhaust,,none,"ledger seconds; disassembly timing editorial, independent of ledger"
2171,30,00:01:12:10,72.33333333333333,Exhibit_camera / editorial plate push,Recover work from the exhaust,,none,"ledger seconds; disassembly timing editorial, independent of ledger"
2172,30,00:01:12:11,72.36666666666666,Exhibit_camera / editorial plate push,Recover work from the exhaust,,none,"ledger seconds; disassembly timing editorial, independent of ledger"
2173,30,00:01:12:12,72.4,Exhibit_camera / editorial plate push,Recover work from the exhaust,,none,"ledger seconds; disassembly timing editorial, independent of ledger"
2174,30,00:01:12:13,72.43333333333334,Exhibit_camera / editorial plate push,Recover work from the exhaust,,none,"ledger seconds; disassembly timing editorial, independent of ledger"
2175,30,00:01:12:14,72.46666666666667,Exhibit_camera / editorial plate push,Recover work from the exhaust,,none,"ledger seconds; disassembly timing editorial, independent of ledger"
2176,30,00:01:12:15,72.5,Exhibit_camera / editorial plate push,Recover work from the exhaust,,none,"ledger seconds; disassembly timing editorial, independent of ledger"
2177,30,00:01:12:16,72.53333333333333,Exhibit_camera / editorial plate push,Recover work from the exhaust,,none,"ledger seconds; disassembly timing editorial, independent of ledger"
2178,30,00:01:12:17,72.56666666666666,Exhibit_camera / editorial plate push,Recover work from the exhaust,,none,"ledger seconds; disassembly timing editorial, independent of ledger"
2179,30,00:01:12:18,72.6,Exhibit_camera / editorial plate push,Recover work from the exhaust,,none,"ledger seconds; disassembly timing editorial, independent of ledger"
2180,30,00:01:12:19,72.63333333333334,Exhibit_camera / editorial plate push,Recover work from the exhaust,,none,"ledger seconds; disassembly timing editorial, independent of ledger"
2181,30,00:01:12:20,72.66666666666667,Exhibit_camera / editorial plate push,Recover work from the exhaust,,none,"ledger seconds; disassembly timing editorial, independent of ledger"
2182,30,00:01:12:21,72.7,Exhibit_camera / editorial plate push,Recover work from the exhaust,,none,"ledger seconds; disassembly timing editorial, independent of ledger"
2183,30,00:01:12:22,72.73333333333333,Exhibit_camera / editorial plate push,Recover work from the exhaust,,none,"ledger seconds; disassembly timing editorial, independent of ledger"
2184,30,00:01:12:23,72.76666666666667,Exhibit_camera / editorial plate push,Recover work from the exhaust,,none,"ledger seconds; disassembly timing editorial, independent of ledger"
2185,30,00:01:12:24,72.8,Exhibit_camera / editorial plate push,Recover work from the exhaust,,none,"ledger seconds; disassembly timing editorial, independent of ledger"
2186,30,00:01:12:25,72.83333333333333,Exhibit_camera / editorial plate push,Recover work from the exhaust,,none,"ledger seconds; disassembly timing editorial, independent of ledger"
2187,30,00:01:12:26,72.86666666666666,Exhibit_camera / editorial plate push,Recover work from the exhaust,,none,"ledger seconds; disassembly timing editorial, independent of ledger"
2188,30,00:01:12:27,72.9,Exhibit_camera / editorial plate push,Recover work from the exhaust,,none,"ledger seconds; disassembly timing editorial, independent of ledger"
2189,30,00:01:12:28,72.93333333333334,Exhibit_camera / editorial plate push,Recover work from the exhaust,,none,"ledger seconds; disassembly timing editorial, independent of ledger"
2190,30,00:01:12:29,72.96666666666667,Exhibit_camera / editorial plate push,Recover work from the exhaust,,none,"ledger seconds; disassembly timing editorial, independent of ledger"
2191,30,00:01:13:00,73.0,Exhibit_camera / editorial plate push,Recover work from the exhaust,,none,"ledger seconds; disassembly timing editorial, independent of ledger"
2192,30,00:01:13:01,73.03333333333333,Exhibit_camera / editorial plate push,Recover work from the exhaust,,none,"ledger seconds; disassembly timing editorial, independent of ledger"
2193,30,00:01:13:02,73.06666666666666,Exhibit_camera / editorial plate push,Recover work from the exhaust,,none,"ledger seconds; disassembly timing editorial, independent of ledger"
2194,30,00:01:13:03,73.1,Exhibit_camera / editorial plate push,Recover work from the exhaust,,none,"ledger seconds; disassembly timing editorial, independent of ledger"
2195,30,00:01:13:04,73.13333333333334,Exhibit_camera / editorial plate push,Recover work from the exhaust,,none,"ledger seconds; disassembly timing editorial, independent of ledger"
2196,30,00:01:13:05,73.16666666666667,Exhibit_camera / editorial plate push,Recover work from the exhaust,,none,"ledger seconds; disassembly timing editorial, independent of ledger"
2197,30,00:01:13:06,73.2,Exhibit_camera / editorial plate push,Recover work from the exhaust,,none,"ledger seconds; disassembly timing editorial, independent of ledger"
2198,30,00:01:13:07,73.23333333333333,Exhibit_camera / editorial plate push,Recover work from the exhaust,,none,"ledger seconds; disassembly timing editorial, independent of ledger"
2199,30,00:01:13:08,73.26666666666667,Exhibit_camera / editorial plate push,Recover work from the exhaust,,none,"ledger seconds; disassembly timing editorial, independent of ledger"
2200,30,00:01:13:09,73.3,Exhibit_camera / editorial plate push,Recover work from the exhaust,,none,"ledger seconds; disassembly timing editorial, independent of ledger"
2201,30,00:01:13:10,73.33333333333333,Exhibit_camera / editorial plate push,Recover work from the exhaust,,none,"ledger seconds; disassembly timing editorial, independent of ledger"
2202,30,00:01:13:11,73.36666666666666,Exhibit_camera / editorial plate push,Recover work from the exhaust,,none,"ledger seconds; disassembly timing editorial, independent of ledger"
2203,30,00:01:13:12,73.4,Exhibit_camera / editorial plate push,Recover work from the exhaust,,none,"ledger seconds; disassembly timing editorial, independent of ledger"
2204,30,00:01:13:13,73.43333333333334,Exhibit_camera / editorial plate push,Recover work from the exhaust,,none,"ledger seconds; disassembly timing editorial, independent of ledger"
2205,30,00:01:13:14,73.46666666666667,Exhibit_camera / editorial plate push,Recover work from the exhaust,,none,"ledger seconds; disassembly timing editorial, independent of ledger"
2206,30,00:01:13:15,73.5,Exhibit_camera / editorial plate push,Recover work from the exhaust,,none,"ledger seconds; disassembly timing editorial, independent of ledger"
2207,30,00:01:13:16,73.53333333333333,Exhibit_camera / editorial plate push,Recover work from the exhaust,,none,"ledger seconds; disassembly timing editorial, independent of ledger"
2208,30,00:01:13:17,73.56666666666666,Exhibit_camera / editorial plate push,Recover work from the exhaust,,none,"ledger seconds; disassembly timing editorial, independent of ledger"
2209,30,00:01:13:18,73.6,Exhibit_camera / editorial plate push,Recover work from the exhaust,,none,"ledger seconds; disassembly timing editorial, independent of ledger"
2210,30,00:01:13:19,73.63333333333334,Exhibit_camera / editorial plate push,Recover work from the exhaust,,none,"ledger seconds; disassembly timing editorial, independent of ledger"
2211,30,00:01:13:20,73.66666666666667,Exhibit_camera / editorial plate push,Recover work from the exhaust,,none,"ledger seconds; disassembly timing editorial, independent of ledger"
2212,30,00:01:13:21,73.7,Exhibit_camera / editorial plate push,Recover work from the exhaust,,none,"ledger seconds; disassembly timing editorial, independent of ledger"
2213,30,00:01:13:22,73.73333333333333,Exhibit_camera / editorial plate push,Recover work from the exhaust,,none,"ledger seconds; disassembly timing editorial, independent of ledger"
2214,30,00:01:13:23,73.76666666666667,Exhibit_camera / editorial plate push,Recover work from the exhaust,,none,"ledger seconds; disassembly timing editorial, independent of ledger"
2215,30,00:01:13:24,73.8,Exhibit_camera / editorial plate push,Recover work from the exhaust,,none,"ledger seconds; disassembly timing editorial, independent of ledger"
2216,30,00:01:13:25,73.83333333333333,Exhibit_camera / editorial plate push,Recover work from the exhaust,,none,"ledger seconds; disassembly timing editorial, independent of ledger"
2217,30,00:01:13:26,73.86666666666666,Exhibit_camera / editorial plate push,Recover work from the exhaust,,none,"ledger seconds; disassembly timing editorial, independent of ledger"
2218,30,00:01:13:27,73.9,Exhibit_camera / editorial plate push,Recover work from the exhaust,,none,"ledger seconds; disassembly timing editorial, independent of ledger"
2219,30,00:01:13:28,73.93333333333334,Exhibit_camera / editorial plate push,Recover work from the exhaust,,none,"ledger seconds; disassembly timing editorial, independent of ledger"
2220,30,00:01:13:29,73.96666666666667,Exhibit_camera / editorial plate push,Recover work from the exhaust,,none,"ledger seconds; disassembly timing editorial, independent of ledger"
2221,30,00:01:14:00,74.0,Exhibit_camera / editorial plate push,Recover work from the exhaust,,none,"ledger seconds; disassembly timing editorial, independent of ledger"
2222,30,00:01:14:01,74.03333333333333,Exhibit_camera / editorial plate push,Recover work from the exhaust,,none,"ledger seconds; disassembly timing editorial, independent of ledger"
2223,30,00:01:14:02,74.06666666666666,Exhibit_camera / editorial plate push,Recover work from the exhaust,,none,"ledger seconds; disassembly timing editorial, independent of ledger"
2224,30,00:01:14:03,74.1,Exhibit_camera / editorial plate push,Recover work from the exhaust,,none,"ledger seconds; disassembly timing editorial, independent of ledger"
2225,30,00:01:14:04,74.13333333333334,Exhibit_camera / editorial plate push,Recover work from the exhaust,,none,"ledger seconds; disassembly timing editorial, independent of ledger"
2226,30,00:01:14:05,74.16666666666667,Exhibit_camera / editorial plate push,Recover work from the exhaust,,none,"ledger seconds; disassembly timing editorial, independent of ledger"
2227,30,00:01:14:06,74.2,Exhibit_camera / editorial plate push,Recover work from the exhaust,,none,"ledger seconds; disassembly timing editorial, independent of ledger"
2228,30,00:01:14:07,74.23333333333333,Exhibit_camera / editorial plate push,Recover work from the exhaust,,none,"ledger seconds; disassembly timing editorial, independent of ledger"
2229,30,00:01:14:08,74.26666666666667,Exhibit_camera / editorial plate push,Recover work from the exhaust,,none,"ledger seconds; disassembly timing editorial, independent of ledger"
2230,30,00:01:14:09,74.3,Exhibit_camera / editorial plate push,Recover work from the exhaust,,none,"ledger seconds; disassembly timing editorial, independent of ledger"
2231,30,00:01:14:10,74.33333333333333,Exhibit_camera / editorial plate push,Recover work from the exhaust,,none,"ledger seconds; disassembly timing editorial, independent of ledger"
2232,30,00:01:14:11,74.36666666666666,Exhibit_camera / editorial plate push,Recover work from the exhaust,,none,"ledger seconds; disassembly timing editorial, independent of ledger"
2233,30,00:01:14:12,74.4,Exhibit_camera / editorial plate push,Recover work from the exhaust,,none,"ledger seconds; disassembly timing editorial, independent of ledger"
2234,30,00:01:14:13,74.43333333333334,Exhibit_camera / editorial plate push,Recover work from the exhaust,,none,"ledger seconds; disassembly timing editorial, independent of ledger"
2235,30,00:01:14:14,74.46666666666667,Exhibit_camera / editorial plate push,Recover work from the exhaust,,none,"ledger seconds; disassembly timing editorial, independent of ledger"
2236,30,00:01:14:15,74.5,Exhibit_camera / editorial plate push,Recover work from the exhaust,,none,"ledger seconds; disassembly timing editorial, independent of ledger"
2237,30,00:01:14:16,74.53333333333333,Exhibit_camera / editorial plate push,Recover work from the exhaust,,none,"ledger seconds; disassembly timing editorial, independent of ledger"
2238,30,00:01:14:17,74.56666666666666,Exhibit_camera / editorial plate push,Recover work from the exhaust,,none,"ledger seconds; disassembly timing editorial, independent of ledger"
2239,30,00:01:14:18,74.6,Exhibit_camera / editorial plate push,Recover work from the exhaust,,none,"ledger seconds; disassembly timing editorial, independent of ledger"
2240,30,00:01:14:19,74.63333333333334,Exhibit_camera / editorial plate push,Recover work from the exhaust,,none,"ledger seconds; disassembly timing editorial, independent of ledger"
2241,30,00:01:14:20,74.66666666666667,Exhibit_camera / editorial plate push,Recover work from the exhaust,,none,"ledger seconds; disassembly timing editorial, independent of ledger"
2242,30,00:01:14:21,74.7,Exhibit_camera / editorial plate push,Recover work from the exhaust,,none,"ledger seconds; disassembly timing editorial, independent of ledger"
2243,30,00:01:14:22,74.73333333333333,Exhibit_camera / editorial plate push,Recover work from the exhaust,,none,"ledger seconds; disassembly timing editorial, independent of ledger"
2244,30,00:01:14:23,74.76666666666667,Exhibit_camera / editorial plate push,Recover work from the exhaust,,none,"ledger seconds; disassembly timing editorial, independent of ledger"
2245,30,00:01:14:24,74.8,Exhibit_camera / editorial plate push,Recover work from the exhaust,,none,"ledger seconds; disassembly timing editorial, independent of ledger"
2246,30,00:01:14:25,74.83333333333333,Exhibit_camera / editorial plate push,Recover work from the exhaust,,none,"ledger seconds; disassembly timing editorial, independent of ledger"
2247,30,00:01:14:26,74.86666666666666,Exhibit_camera / editorial plate push,Recover work from the exhaust,,none,"ledger seconds; disassembly timing editorial, independent of ledger"
2248,30,00:01:14:27,74.9,Exhibit_camera / editorial plate push,Recover work from the exhaust,,none,"ledger seconds; disassembly timing editorial, independent of ledger"
2249,30,00:01:14:28,74.93333333333334,Exhibit_camera / editorial plate push,Recover work from the exhaust,,none,"ledger seconds; disassembly timing editorial, independent of ledger"
2250,30,00:01:14:29,74.96666666666667,Exhibit_camera / editorial plate push,Recover work from the exhaust,,none,"ledger seconds; disassembly timing editorial, independent of ledger"
2251,30,00:01:15:00,75.0,Exhibit_camera / editorial plate push,Recover work from the exhaust,,none,"ledger seconds; disassembly timing editorial, independent of ledger"
2252,30,00:01:15:01,75.03333333333333,Exhibit_camera / editorial plate push,Recover work from the exhaust,,none,"ledger seconds; disassembly timing editorial, independent of ledger"
2253,30,00:01:15:02,75.06666666666666,Exhibit_camera / editorial plate push,Recover work from the exhaust,,none,"ledger seconds; disassembly timing editorial, independent of ledger"
2254,30,00:01:15:03,75.1,Exhibit_camera / editorial plate push,Recover work from the exhaust,,none,"ledger seconds; disassembly timing editorial, independent of ledger"
2255,30,00:01:15:04,75.13333333333334,Exhibit_camera / editorial plate push,Recover work from the exhaust,,none,"ledger seconds; disassembly timing editorial, independent of ledger"
2256,30,00:01:15:05,75.16666666666667,Exhibit_camera / editorial plate push,Recover work from the exhaust,,none,"ledger seconds; disassembly timing editorial, independent of ledger"
2257,30,00:01:15:06,75.2,Exhibit_camera / editorial plate push,Recover work from the exhaust,,none,"ledger seconds; disassembly timing editorial, independent of ledger"
2258,30,00:01:15:07,75.23333333333333,Exhibit_camera / editorial plate push,Recover work from the exhaust,,none,"ledger seconds; disassembly timing editorial, independent of ledger"
2259,30,00:01:15:08,75.26666666666667,Exhibit_camera / editorial plate push,Recover work from the exhaust,,none,"ledger seconds; disassembly timing editorial, independent of ledger"
2260,30,00:01:15:09,75.3,Exhibit_camera / editorial plate push,Recover work from the exhaust,,none,"ledger seconds; disassembly timing editorial, independent of ledger"
2261,30,00:01:15:10,75.33333333333333,Exhibit_camera / editorial plate push,Recover work from the exhaust,,none,"ledger seconds; disassembly timing editorial, independent of ledger"
2262,30,00:01:15:11,75.36666666666666,Exhibit_camera / editorial plate push,Recover work from the exhaust,,none,"ledger seconds; disassembly timing editorial, independent of ledger"
2263,30,00:01:15:12,75.4,Exhibit_camera / editorial plate push,Recover work from the exhaust,,none,"ledger seconds; disassembly timing editorial, independent of ledger"
2264,30,00:01:15:13,75.43333333333334,Exhibit_camera / editorial plate push,Recover work from the exhaust,,none,"ledger seconds; disassembly timing editorial, independent of ledger"
2265,30,00:01:15:14,75.46666666666667,Exhibit_camera / editorial plate push,Recover work from the exhaust,,none,"ledger seconds; disassembly timing editorial, independent of ledger"
2266,30,00:01:15:15,75.5,Exhibit_camera / editorial plate push,Recover work from the exhaust,,none,"ledger seconds; disassembly timing editorial, independent of ledger"
2267,30,00:01:15:16,75.53333333333333,Exhibit_camera / editorial plate push,Recover work from the exhaust,,none,"ledger seconds; disassembly timing editorial, independent of ledger"
2268,30,00:01:15:17,75.56666666666666,Exhibit_camera / editorial plate push,Recover work from the exhaust,,none,"ledger seconds; disassembly timing editorial, independent of ledger"
2269,30,00:01:15:18,75.6,Exhibit_camera / editorial plate push,Recover work from the exhaust,,none,"ledger seconds; disassembly timing editorial, independent of ledger"
2270,30,00:01:15:19,75.63333333333334,Exhibit_camera / editorial plate push,Recover work from the exhaust,,none,"ledger seconds; disassembly timing editorial, independent of ledger"
2271,30,00:01:15:20,75.66666666666667,Exhibit_camera / editorial plate push,Recover work from the exhaust,,none,"ledger seconds; disassembly timing editorial, independent of ledger"
2272,30,00:01:15:21,75.7,Exhibit_camera / editorial plate push,Recover work from the exhaust,,none,"ledger seconds; disassembly timing editorial, independent of ledger"
2273,30,00:01:15:22,75.73333333333333,Exhibit_camera / editorial plate push,Recover work from the exhaust,,none,"ledger seconds; disassembly timing editorial, independent of ledger"
2274,30,00:01:15:23,75.76666666666667,Exhibit_camera / editorial plate push,Recover work from the exhaust,,none,"ledger seconds; disassembly timing editorial, independent of ledger"
2275,30,00:01:15:24,75.8,Exhibit_camera / editorial plate push,Recover work from the exhaust,,none,"ledger seconds; disassembly timing editorial, independent of ledger"
2276,30,00:01:15:25,75.83333333333333,Exhibit_camera / editorial plate push,Recover work from the exhaust,,none,"ledger seconds; disassembly timing editorial, independent of ledger"
2277,30,00:01:15:26,75.86666666666666,Exhibit_camera / editorial plate push,Recover work from the exhaust,,none,"ledger seconds; disassembly timing editorial, independent of ledger"
2278,30,00:01:15:27,75.9,Exhibit_camera / editorial plate push,Recover work from the exhaust,,none,"ledger seconds; disassembly timing editorial, independent of ledger"
2279,30,00:01:15:28,75.93333333333334,Exhibit_camera / editorial plate push,Recover work from the exhaust,,none,"ledger seconds; disassembly timing editorial, independent of ledger"
2280,30,00:01:15:29,75.96666666666667,Exhibit_camera / editorial plate push,Recover work from the exhaust,,none,"ledger seconds; disassembly timing editorial, independent of ledger"
2281,30,00:01:16:00,76.0,Exhibit_camera / editorial plate push,Recover work from the exhaust,,none,"ledger seconds; disassembly timing editorial, independent of ledger"
2282,30,00:01:16:01,76.03333333333333,Exhibit_camera / editorial plate push,Recover work from the exhaust,,none,"ledger seconds; disassembly timing editorial, independent of ledger"
2283,30,00:01:16:02,76.06666666666666,Exhibit_camera / editorial plate push,Recover work from the exhaust,,none,"ledger seconds; disassembly timing editorial, independent of ledger"
2284,30,00:01:16:03,76.1,Exhibit_camera / editorial plate push,Recover work from the exhaust,,none,"ledger seconds; disassembly timing editorial, independent of ledger"
2285,30,00:01:16:04,76.13333333333334,Exhibit_camera / editorial plate push,Recover work from the exhaust,,none,"ledger seconds; disassembly timing editorial, independent of ledger"
2286,30,00:01:16:05,76.16666666666667,Exhibit_camera / editorial plate push,Recover work from the exhaust,,none,"ledger seconds; disassembly timing editorial, independent of ledger"
2287,30,00:01:16:06,76.2,Exhibit_camera / editorial plate push,Recover work from the exhaust,,none,"ledger seconds; disassembly timing editorial, independent of ledger"
2288,30,00:01:16:07,76.23333333333333,Exhibit_camera / editorial plate push,Recover work from the exhaust,,none,"ledger seconds; disassembly timing editorial, independent of ledger"
2289,30,00:01:16:08,76.26666666666667,Exhibit_camera / editorial plate push,Recover work from the exhaust,,none,"ledger seconds; disassembly timing editorial, independent of ledger"
2290,30,00:01:16:09,76.3,Exhibit_camera / editorial plate push,Recover work from the exhaust,,none,"ledger seconds; disassembly timing editorial, independent of ledger"
2291,30,00:01:16:10,76.33333333333333,Exhibit_camera / editorial plate push,Recover work from the exhaust,,none,"ledger seconds; disassembly timing editorial, independent of ledger"
2292,30,00:01:16:11,76.36666666666666,Exhibit_camera / editorial plate push,Recover work from the exhaust,,none,"ledger seconds; disassembly timing editorial, independent of ledger"
2293,30,00:01:16:12,76.4,Exhibit_camera / editorial plate push,Recover work from the exhaust,,none,"ledger seconds; disassembly timing editorial, independent of ledger"
2294,30,00:01:16:13,76.43333333333334,Exhibit_camera / editorial plate push,Recover work from the exhaust,,none,"ledger seconds; disassembly timing editorial, independent of ledger"
2295,30,00:01:16:14,76.46666666666667,Exhibit_camera / editorial plate push,Recover work from the exhaust,,none,"ledger seconds; disassembly timing editorial, independent of ledger"
2296,30,00:01:16:15,76.5,Exhibit_camera / editorial plate push,Recover work from the exhaust,,none,"ledger seconds; disassembly timing editorial, independent of ledger"
2297,30,00:01:16:16,76.53333333333333,Exhibit_camera / editorial plate push,Recover work from the exhaust,,none,"ledger seconds; disassembly timing editorial, independent of ledger"
2298,30,00:01:16:17,76.56666666666666,Exhibit_camera / editorial plate push,Recover work from the exhaust,,none,"ledger seconds; disassembly timing editorial, independent of ledger"
2299,30,00:01:16:18,76.6,Exhibit_camera / editorial plate push,Recover work from the exhaust,,none,"ledger seconds; disassembly timing editorial, independent of ledger"
2300,30,00:01:16:19,76.63333333333334,Exhibit_camera / editorial plate push,Recover work from the exhaust,,none,"ledger seconds; disassembly timing editorial, independent of ledger"
2301,30,00:01:16:20,76.66666666666667,Exhibit_camera / editorial plate push,Recover work from the exhaust,,none,"ledger seconds; disassembly timing editorial, independent of ledger"
2302,30,00:01:16:21,76.7,Exhibit_camera / editorial plate push,Recover work from the exhaust,,none,"ledger seconds; disassembly timing editorial, independent of ledger"
2303,30,00:01:16:22,76.73333333333333,Exhibit_camera / editorial plate push,Recover work from the exhaust,,none,"ledger seconds; disassembly timing editorial, independent of ledger"
2304,30,00:01:16:23,76.76666666666667,Exhibit_camera / editorial plate push,Recover work from the exhaust,,none,"ledger seconds; disassembly timing editorial, independent of ledger"
2305,30,00:01:16:24,76.8,Exhibit_camera / editorial plate push,Recover work from the exhaust,,none,"ledger seconds; disassembly timing editorial, independent of ledger"
2306,30,00:01:16:25,76.83333333333333,Exhibit_camera / editorial plate push,Recover work from the exhaust,,none,"ledger seconds; disassembly timing editorial, independent of ledger"
2307,30,00:01:16:26,76.86666666666666,Exhibit_camera / editorial plate push,Recover work from the exhaust,,none,"ledger seconds; disassembly timing editorial, independent of ledger"
2308,30,00:01:16:27,76.9,Exhibit_camera / editorial plate push,Recover work from the exhaust,,none,"ledger seconds; disassembly timing editorial, independent of ledger"
2309,30,00:01:16:28,76.93333333333334,Exhibit_camera / editorial plate push,Recover work from the exhaust,,none,"ledger seconds; disassembly timing editorial, independent of ledger"
2310,30,00:01:16:29,76.96666666666667,Exhibit_camera / editorial plate push,Recover work from the exhaust,,none,"ledger seconds; disassembly timing editorial, independent of ledger"
2311,30,00:01:17:00,77.0,Exhibit_camera / editorial plate push,Recover work from the exhaust,,none,"ledger seconds; disassembly timing editorial, independent of ledger"
2312,30,00:01:17:01,77.03333333333333,Exhibit_camera / editorial plate push,Recover work from the exhaust,,none,"ledger seconds; disassembly timing editorial, independent of ledger"
2313,30,00:01:17:02,77.06666666666666,Exhibit_camera / editorial plate push,Recover work from the exhaust,,none,"ledger seconds; disassembly timing editorial, independent of ledger"
2314,30,00:01:17:03,77.1,Exhibit_camera / editorial plate push,Recover work from the exhaust,,none,"ledger seconds; disassembly timing editorial, independent of ledger"
2315,30,00:01:17:04,77.13333333333334,Exhibit_camera / editorial plate push,Recover work from the exhaust,,none,"ledger seconds; disassembly timing editorial, independent of ledger"
2316,30,00:01:17:05,77.16666666666667,Exhibit_camera / editorial plate push,Recover work from the exhaust,,none,"ledger seconds; disassembly timing editorial, independent of ledger"
2317,30,00:01:17:06,77.2,Exhibit_camera / editorial plate push,Recover work from the exhaust,,none,"ledger seconds; disassembly timing editorial, independent of ledger"
2318,30,00:01:17:07,77.23333333333333,Exhibit_camera / editorial plate push,Recover work from the exhaust,,none,"ledger seconds; disassembly timing editorial, independent of ledger"
2319,30,00:01:17:08,77.26666666666667,Exhibit_camera / editorial plate push,Recover work from the exhaust,,none,"ledger seconds; disassembly timing editorial, independent of ledger"
2320,30,00:01:17:09,77.3,Exhibit_camera / editorial plate push,Recover work from the exhaust,,none,"ledger seconds; disassembly timing editorial, independent of ledger"
2321,30,00:01:17:10,77.33333333333333,Exhibit_camera / editorial plate push,Recover work from the exhaust,,none,"ledger seconds; disassembly timing editorial, independent of ledger"
2322,30,00:01:17:11,77.36666666666666,Exhibit_camera / editorial plate push,Recover work from the exhaust,,none,"ledger seconds; disassembly timing editorial, independent of ledger"
2323,30,00:01:17:12,77.4,Exhibit_camera / editorial plate push,Recover work from the exhaust,,none,"ledger seconds; disassembly timing editorial, independent of ledger"
2324,30,00:01:17:13,77.43333333333334,Exhibit_camera / editorial plate push,Recover work from the exhaust,,none,"ledger seconds; disassembly timing editorial, independent of ledger"
2325,30,00:01:17:14,77.46666666666667,Exhibit_camera / editorial plate push,Recover work from the exhaust,,none,"ledger seconds; disassembly timing editorial, independent of ledger"
2326,30,00:01:17:15,77.5,Exhibit_camera / editorial plate push,Recover work from the exhaust,,none,"ledger seconds; disassembly timing editorial, independent of ledger"
2327,30,00:01:17:16,77.53333333333333,Exhibit_camera / editorial plate push,Recover work from the exhaust,,none,"ledger seconds; disassembly timing editorial, independent of ledger"
2328,30,00:01:17:17,77.56666666666666,Exhibit_camera / editorial plate push,Recover work from the exhaust,,none,"ledger seconds; disassembly timing editorial, independent of ledger"
2329,30,00:01:17:18,77.6,Exhibit_camera / editorial plate push,Recover work from the exhaust,,none,"ledger seconds; disassembly timing editorial, independent of ledger"
2330,30,00:01:17:19,77.63333333333334,Exhibit_camera / editorial plate push,Recover work from the exhaust,,none,"ledger seconds; disassembly timing editorial, independent of ledger"
2331,30,00:01:17:20,77.66666666666667,Exhibit_camera / editorial plate push,Recover work from the exhaust,,none,"ledger seconds; disassembly timing editorial, independent of ledger"
2332,30,00:01:17:21,77.7,Exhibit_camera / editorial plate push,Recover work from the exhaust,,none,"ledger seconds; disassembly timing editorial, independent of ledger"
2333,30,00:01:17:22,77.73333333333333,Exhibit_camera / editorial plate push,Recover work from the exhaust,,none,"ledger seconds; disassembly timing editorial, independent of ledger"
2334,30,00:01:17:23,77.76666666666667,Exhibit_camera / editorial plate push,Recover work from the exhaust,,none,"ledger seconds; disassembly timing editorial, independent of ledger"
2335,30,00:01:17:24,77.8,Exhibit_camera / editorial plate push,Recover work from the exhaust,,none,"ledger seconds; disassembly timing editorial, independent of ledger"
2336,30,00:01:17:25,77.83333333333333,Exhibit_camera / editorial plate push,Recover work from the exhaust,,none,"ledger seconds; disassembly timing editorial, independent of ledger"
2337,30,00:01:17:26,77.86666666666666,Exhibit_camera / editorial plate push,Recover work from the exhaust,,none,"ledger seconds; disassembly timing editorial, independent of ledger"
2338,30,00:01:17:27,77.9,Exhibit_camera / editorial plate push,Recover work from the exhaust,,none,"ledger seconds; disassembly timing editorial, independent of ledger"
2339,30,00:01:17:28,77.93333333333334,Exhibit_camera / editorial plate push,Recover work from the exhaust,,none,"ledger seconds; disassembly timing editorial, independent of ledger"
2340,30,00:01:17:29,77.96666666666667,Exhibit_camera / editorial plate push,Recover work from the exhaust,,none,"ledger seconds; disassembly timing editorial, independent of ledger"
2341,30,00:01:18:00,78.0,Exhibit_camera / editorial plate push,Recover work from the exhaust,,none,"ledger seconds; disassembly timing editorial, independent of ledger"
2342,30,00:01:18:01,78.03333333333333,Exhibit_camera / editorial plate push,Recover work from the exhaust,,none,"ledger seconds; disassembly timing editorial, independent of ledger"
2343,30,00:01:18:02,78.06666666666666,Exhibit_camera / editorial plate push,Recover work from the exhaust,,none,"ledger seconds; disassembly timing editorial, independent of ledger"
2344,30,00:01:18:03,78.1,Exhibit_camera / editorial plate push,Recover work from the exhaust,,none,"ledger seconds; disassembly timing editorial, independent of ledger"
2345,30,00:01:18:04,78.13333333333334,Exhibit_camera / editorial plate push,Recover work from the exhaust,,none,"ledger seconds; disassembly timing editorial, independent of ledger"
2346,30,00:01:18:05,78.16666666666667,Exhibit_camera / editorial plate push,Recover work from the exhaust,,none,"ledger seconds; disassembly timing editorial, independent of ledger"
2347,30,00:01:18:06,78.2,Exhibit_camera / editorial plate push,Recover work from the exhaust,,none,"ledger seconds; disassembly timing editorial, independent of ledger"
2348,30,00:01:18:07,78.23333333333333,Exhibit_camera / editorial plate push,Recover work from the exhaust,,none,"ledger seconds; disassembly timing editorial, independent of ledger"
2349,30,00:01:18:08,78.26666666666667,Exhibit_camera / editorial plate push,Recover work from the exhaust,,none,"ledger seconds; disassembly timing editorial, independent of ledger"
2350,30,00:01:18:09,78.3,Exhibit_camera / editorial plate push,Recover work from the exhaust,,none,"ledger seconds; disassembly timing editorial, independent of ledger"
2351,30,00:01:18:10,78.33333333333333,Exhibit_camera / editorial plate push,Recover work from the exhaust,,none,"ledger seconds; disassembly timing editorial, independent of ledger"
2352,30,00:01:18:11,78.36666666666666,Exhibit_camera / editorial plate push,Recover work from the exhaust,,none,"ledger seconds; disassembly timing editorial, independent of ledger"
2353,30,00:01:18:12,78.4,Exhibit_camera / editorial plate push,Recover work from the exhaust,,none,"ledger seconds; disassembly timing editorial, independent of ledger"
2354,30,00:01:18:13,78.43333333333334,Exhibit_camera / editorial plate push,Recover work from the exhaust,,none,"ledger seconds; disassembly timing editorial, independent of ledger"
2355,30,00:01:18:14,78.46666666666667,Exhibit_camera / editorial plate push,Recover work from the exhaust,,none,"ledger seconds; disassembly timing editorial, independent of ledger"
2356,30,00:01:18:15,78.5,Exhibit_camera / editorial plate push,Recover work from the exhaust,,none,"ledger seconds; disassembly timing editorial, independent of ledger"
2357,30,00:01:18:16,78.53333333333333,Exhibit_camera / editorial plate push,Recover work from the exhaust,,none,"ledger seconds; disassembly timing editorial, independent of ledger"
2358,30,00:01:18:17,78.56666666666666,Exhibit_camera / editorial plate push,Recover work from the exhaust,,none,"ledger seconds; disassembly timing editorial, independent of ledger"
2359,30,00:01:18:18,78.6,Exhibit_camera / editorial plate push,Recover work from the exhaust,,none,"ledger seconds; disassembly timing editorial, independent of ledger"
2360,30,00:01:18:19,78.63333333333334,Exhibit_camera / editorial plate push,Recover work from the exhaust,,none,"ledger seconds; disassembly timing editorial, independent of ledger"
2361,30,00:01:18:20,78.66666666666667,Exhibit_camera / editorial plate push,Recover work from the exhaust,,none,"ledger seconds; disassembly timing editorial, independent of ledger"
2362,30,00:01:18:21,78.7,Exhibit_camera / editorial plate push,Recover work from the exhaust,,none,"ledger seconds; disassembly timing editorial, independent of ledger"
2363,30,00:01:18:22,78.73333333333333,Exhibit_camera / editorial plate push,Recover work from the exhaust,,none,"ledger seconds; disassembly timing editorial, independent of ledger"
2364,30,00:01:18:23,78.76666666666667,Exhibit_camera / editorial plate push,Recover work from the exhaust,,none,"ledger seconds; disassembly timing editorial, independent of ledger"
2365,30,00:01:18:24,78.8,Exhibit_camera / editorial plate push,Recover work from the exhaust,,none,"ledger seconds; disassembly timing editorial, independent of ledger"
2366,30,00:01:18:25,78.83333333333333,Exhibit_camera / editorial plate push,Recover work from the exhaust,,none,"ledger seconds; disassembly timing editorial, independent of ledger"
2367,30,00:01:18:26,78.86666666666666,Exhibit_camera / editorial plate push,Recover work from the exhaust,,none,"ledger seconds; disassembly timing editorial, independent of ledger"
2368,30,00:01:18:27,78.9,Exhibit_camera / editorial plate push,Recover work from the exhaust,,none,"ledger seconds; disassembly timing editorial, independent of ledger"
2369,30,00:01:18:28,78.93333333333334,Exhibit_camera / editorial plate push,Recover work from the exhaust,,none,"ledger seconds; disassembly timing editorial, independent of ledger"
2370,30,00:01:18:29,78.96666666666667,Exhibit_camera / editorial plate push,Recover work from the exhaust,,none,"ledger seconds; disassembly timing editorial, independent of ledger"
2371,30,00:01:19:00,79.0,Exhibit_camera / editorial plate push,Recover work from the exhaust,,none,"ledger seconds; disassembly timing editorial, independent of ledger"
2372,30,00:01:19:01,79.03333333333333,Exhibit_camera / editorial plate push,Recover work from the exhaust,,none,"ledger seconds; disassembly timing editorial, independent of ledger"
2373,30,00:01:19:02,79.06666666666666,Exhibit_camera / editorial plate push,Recover work from the exhaust,,none,"ledger seconds; disassembly timing editorial, independent of ledger"
2374,30,00:01:19:03,79.1,Exhibit_camera / editorial plate push,Recover work from the exhaust,,none,"ledger seconds; disassembly timing editorial, independent of ledger"
2375,30,00:01:19:04,79.13333333333334,Exhibit_camera / editorial plate push,Recover work from the exhaust,,none,"ledger seconds; disassembly timing editorial, independent of ledger"
2376,30,00:01:19:05,79.16666666666667,Exhibit_camera / editorial plate push,Recover work from the exhaust,,none,"ledger seconds; disassembly timing editorial, independent of ledger"
2377,30,00:01:19:06,79.2,Exhibit_camera / editorial plate push,Recover work from the exhaust,,none,"ledger seconds; disassembly timing editorial, independent of ledger"
2378,30,00:01:19:07,79.23333333333333,Exhibit_camera / editorial plate push,Recover work from the exhaust,,none,"ledger seconds; disassembly timing editorial, independent of ledger"
2379,30,00:01:19:08,79.26666666666667,Exhibit_camera / editorial plate push,Recover work from the exhaust,,none,"ledger seconds; disassembly timing editorial, independent of ledger"
2380,30,00:01:19:09,79.3,Exhibit_camera / editorial plate push,Recover work from the exhaust,,none,"ledger seconds; disassembly timing editorial, independent of ledger"
2381,30,00:01:19:10,79.33333333333333,Exhibit_camera / editorial plate push,Recover work from the exhaust,,none,"ledger seconds; disassembly timing editorial, independent of ledger"
2382,30,00:01:19:11,79.36666666666666,Exhibit_camera / editorial plate push,Recover work from the exhaust,,none,"ledger seconds; disassembly timing editorial, independent of ledger"
2383,30,00:01:19:12,79.4,Exhibit_camera / editorial plate push,Recover work from the exhaust,,none,"ledger seconds; disassembly timing editorial, independent of ledger"
2384,30,00:01:19:13,79.43333333333334,Exhibit_camera / editorial plate push,Recover work from the exhaust,,none,"ledger seconds; disassembly timing editorial, independent of ledger"
2385,30,00:01:19:14,79.46666666666667,Exhibit_camera / editorial plate push,Recover work from the exhaust,,none,"ledger seconds; disassembly timing editorial, independent of ledger"
2386,30,00:01:19:15,79.5,Exhibit_camera / editorial plate push,Recover work from the exhaust,,none,"ledger seconds; disassembly timing editorial, independent of ledger"
2387,30,00:01:19:16,79.53333333333333,Exhibit_camera / editorial plate push,Recover work from the exhaust,,none,"ledger seconds; disassembly timing editorial, independent of ledger"
2388,30,00:01:19:17,79.56666666666666,Exhibit_camera / editorial plate push,Recover work from the exhaust,,none,"ledger seconds; disassembly timing editorial, independent of ledger"
2389,30,00:01:19:18,79.6,Exhibit_camera / editorial plate push,Recover work from the exhaust,,none,"ledger seconds; disassembly timing editorial, independent of ledger"
2390,30,00:01:19:19,79.63333333333334,Exhibit_camera / editorial plate push,Recover work from the exhaust,,none,"ledger seconds; disassembly timing editorial, independent of ledger"
2391,30,00:01:19:20,79.66666666666667,Exhibit_camera / editorial plate push,Recover work from the exhaust,,none,"ledger seconds; disassembly timing editorial, independent of ledger"
2392,30,00:01:19:21,79.7,Exhibit_camera / editorial plate push,Recover work from the exhaust,,none,"ledger seconds; disassembly timing editorial, independent of ledger"
2393,30,00:01:19:22,79.73333333333333,Exhibit_camera / editorial plate push,Recover work from the exhaust,,none,"ledger seconds; disassembly timing editorial, independent of ledger"
2394,30,00:01:19:23,79.76666666666667,Exhibit_camera / editorial plate push,Recover work from the exhaust,,none,"ledger seconds; disassembly timing editorial, independent of ledger"
2395,30,00:01:19:24,79.8,Exhibit_camera / editorial plate push,Recover work from the exhaust,,none,"ledger seconds; disassembly timing editorial, independent of ledger"
2396,30,00:01:19:25,79.83333333333333,Exhibit_camera / editorial plate push,Recover work from the exhaust,,none,"ledger seconds; disassembly timing editorial, independent of ledger"
2397,30,00:01:19:26,79.86666666666666,Exhibit_camera / editorial plate push,Recover work from the exhaust,,none,"ledger seconds; disassembly timing editorial, independent of ledger"
2398,30,00:01:19:27,79.9,Exhibit_camera / editorial plate push,Recover work from the exhaust,,none,"ledger seconds; disassembly timing editorial, independent of ledger"
2399,30,00:01:19:28,79.93333333333334,Exhibit_camera / editorial plate push,Recover work from the exhaust,,none,"ledger seconds; disassembly timing editorial, independent of ledger"
2400,30,00:01:19:29,79.96666666666667,Exhibit_camera / editorial plate push,Recover work from the exhaust,,none,"ledger seconds; disassembly timing editorial, independent of ledger"
2401,30,00:01:20:00,80.0,Exhibit_camera / editorial plate push,Recover. Store. Deploy.,The kinetic motor generator couples to the crankshaft. It recovers energy under braking and supplies torque during acceleration. In this era its power limit is one hundred and twenty kilowatts. The energy routes have separate limits: two megajoules to the store and four megajoules from the store per lap.,none,"ledger seconds; disassembly timing editorial, independent of ledger"
2402,30,00:01:20:01,80.03333333333333,Exhibit_camera / editorial plate push,Recover. Store. Deploy.,,none,"ledger seconds; disassembly timing editorial, independent of ledger"
2403,30,00:01:20:02,80.06666666666666,Exhibit_camera / editorial plate push,Recover. Store. Deploy.,,none,"ledger seconds; disassembly timing editorial, independent of ledger"
2404,30,00:01:20:03,80.1,Exhibit_camera / editorial plate push,Recover. Store. Deploy.,,none,"ledger seconds; disassembly timing editorial, independent of ledger"
2405,30,00:01:20:04,80.13333333333334,Exhibit_camera / editorial plate push,Recover. Store. Deploy.,,none,"ledger seconds; disassembly timing editorial, independent of ledger"
2406,30,00:01:20:05,80.16666666666667,Exhibit_camera / editorial plate push,Recover. Store. Deploy.,,none,"ledger seconds; disassembly timing editorial, independent of ledger"
2407,30,00:01:20:06,80.2,Exhibit_camera / editorial plate push,Recover. Store. Deploy.,,none,"ledger seconds; disassembly timing editorial, independent of ledger"
2408,30,00:01:20:07,80.23333333333333,Exhibit_camera / editorial plate push,Recover. Store. Deploy.,,none,"ledger seconds; disassembly timing editorial, independent of ledger"
2409,30,00:01:20:08,80.26666666666667,Exhibit_camera / editorial plate push,Recover. Store. Deploy.,,none,"ledger seconds; disassembly timing editorial, independent of ledger"
2410,30,00:01:20:09,80.3,Exhibit_camera / editorial plate push,Recover. Store. Deploy.,,none,"ledger seconds; disassembly timing editorial, independent of ledger"
2411,30,00:01:20:10,80.33333333333333,Exhibit_camera / editorial plate push,Recover. Store. Deploy.,,none,"ledger seconds; disassembly timing editorial, independent of ledger"
2412,30,00:01:20:11,80.36666666666666,Exhibit_camera / editorial plate push,Recover. Store. Deploy.,,none,"ledger seconds; disassembly timing editorial, independent of ledger"
2413,30,00:01:20:12,80.4,Exhibit_camera / editorial plate push,Recover. Store. Deploy.,,none,"ledger seconds; disassembly timing editorial, independent of ledger"
2414,30,00:01:20:13,80.43333333333334,Exhibit_camera / editorial plate push,Recover. Store. Deploy.,,none,"ledger seconds; disassembly timing editorial, independent of ledger"
2415,30,00:01:20:14,80.46666666666667,Exhibit_camera / editorial plate push,Recover. Store. Deploy.,,none,"ledger seconds; disassembly timing editorial, independent of ledger"
2416,30,00:01:20:15,80.5,Exhibit_camera / editorial plate push,Recover. Store. Deploy.,,none,"ledger seconds; disassembly timing editorial, independent of ledger"
2417,30,00:01:20:16,80.53333333333333,Exhibit_camera / editorial plate push,Recover. Store. Deploy.,,none,"ledger seconds; disassembly timing editorial, independent of ledger"
2418,30,00:01:20:17,80.56666666666666,Exhibit_camera / editorial plate push,Recover. Store. Deploy.,,none,"ledger seconds; disassembly timing editorial, independent of ledger"
2419,30,00:01:20:18,80.6,Exhibit_camera / editorial plate push,Recover. Store. Deploy.,,none,"ledger seconds; disassembly timing editorial, independent of ledger"
2420,30,00:01:20:19,80.63333333333334,Exhibit_camera / editorial plate push,Recover. Store. Deploy.,,none,"ledger seconds; disassembly timing editorial, independent of ledger"
2421,30,00:01:20:20,80.66666666666667,Exhibit_camera / editorial plate push,Recover. Store. Deploy.,,none,"ledger seconds; disassembly timing editorial, independent of ledger"
2422,30,00:01:20:21,80.7,Exhibit_camera / editorial plate push,Recover. Store. Deploy.,,none,"ledger seconds; disassembly timing editorial, independent of ledger"
2423,30,00:01:20:22,80.73333333333333,Exhibit_camera / editorial plate push,Recover. Store. Deploy.,,none,"ledger seconds; disassembly timing editorial, independent of ledger"
2424,30,00:01:20:23,80.76666666666667,Exhibit_camera / editorial plate push,Recover. Store. Deploy.,,none,"ledger seconds; disassembly timing editorial, independent of ledger"
2425,30,00:01:20:24,80.8,Exhibit_camera / editorial plate push,Recover. Store. Deploy.,,none,"ledger seconds; disassembly timing editorial, independent of ledger"
2426,30,00:01:20:25,80.83333333333333,Exhibit_camera / editorial plate push,Recover. Store. Deploy.,,none,"ledger seconds; disassembly timing editorial, independent of ledger"
2427,30,00:01:20:26,80.86666666666666,Exhibit_camera / editorial plate push,Recover. Store. Deploy.,,none,"ledger seconds; disassembly timing editorial, independent of ledger"
2428,30,00:01:20:27,80.9,Exhibit_camera / editorial plate push,Recover. Store. Deploy.,,none,"ledger seconds; disassembly timing editorial, independent of ledger"
2429,30,00:01:20:28,80.93333333333334,Exhibit_camera / editorial plate push,Recover. Store. Deploy.,,none,"ledger seconds; disassembly timing editorial, independent of ledger"
2430,30,00:01:20:29,80.96666666666667,Exhibit_camera / editorial plate push,Recover. Store. Deploy.,,none,"ledger seconds; disassembly timing editorial, independent of ledger"
2431,30,00:01:21:00,81.0,Exhibit_camera / editorial plate push,Recover. Store. Deploy.,,none,"ledger seconds; disassembly timing editorial, independent of ledger"
2432,30,00:01:21:01,81.03333333333333,Exhibit_camera / editorial plate push,Recover. Store. Deploy.,,none,"ledger seconds; disassembly timing editorial, independent of ledger"
2433,30,00:01:21:02,81.06666666666666,Exhibit_camera / editorial plate push,Recover. Store. Deploy.,,none,"ledger seconds; disassembly timing editorial, independent of ledger"
2434,30,00:01:21:03,81.1,Exhibit_camera / editorial plate push,Recover. Store. Deploy.,,none,"ledger seconds; disassembly timing editorial, independent of ledger"
2435,30,00:01:21:04,81.13333333333334,Exhibit_camera / editorial plate push,Recover. Store. Deploy.,,none,"ledger seconds; disassembly timing editorial, independent of ledger"
2436,30,00:01:21:05,81.16666666666667,Exhibit_camera / editorial plate push,Recover. Store. Deploy.,,none,"ledger seconds; disassembly timing editorial, independent of ledger"
2437,30,00:01:21:06,81.2,Exhibit_camera / editorial plate push,Recover. Store. Deploy.,,none,"ledger seconds; disassembly timing editorial, independent of ledger"
2438,30,00:01:21:07,81.23333333333333,Exhibit_camera / editorial plate push,Recover. Store. Deploy.,,none,"ledger seconds; disassembly timing editorial, independent of ledger"
2439,30,00:01:21:08,81.26666666666667,Exhibit_camera / editorial plate push,Recover. Store. Deploy.,,none,"ledger seconds; disassembly timing editorial, independent of ledger"
2440,30,00:01:21:09,81.3,Exhibit_camera / editorial plate push,Recover. Store. Deploy.,,none,"ledger seconds; disassembly timing editorial, independent of ledger"
2441,30,00:01:21:10,81.33333333333333,Exhibit_camera / editorial plate push,Recover. Store. Deploy.,,none,"ledger seconds; disassembly timing editorial, independent of ledger"
2442,30,00:01:21:11,81.36666666666666,Exhibit_camera / editorial plate push,Recover. Store. Deploy.,,none,"ledger seconds; disassembly timing editorial, independent of ledger"
2443,30,00:01:21:12,81.4,Exhibit_camera / editorial plate push,Recover. Store. Deploy.,,none,"ledger seconds; disassembly timing editorial, independent of ledger"
2444,30,00:01:21:13,81.43333333333334,Exhibit_camera / editorial plate push,Recover. Store. Deploy.,,none,"ledger seconds; disassembly timing editorial, independent of ledger"
2445,30,00:01:21:14,81.46666666666667,Exhibit_camera / editorial plate push,Recover. Store. Deploy.,,none,"ledger seconds; disassembly timing editorial, independent of ledger"
2446,30,00:01:21:15,81.5,Exhibit_camera / editorial plate push,Recover. Store. Deploy.,,none,"ledger seconds; disassembly timing editorial, independent of ledger"
2447,30,00:01:21:16,81.53333333333333,Exhibit_camera / editorial plate push,Recover. Store. Deploy.,,none,"ledger seconds; disassembly timing editorial, independent of ledger"
2448,30,00:01:21:17,81.56666666666666,Exhibit_camera / editorial plate push,Recover. Store. Deploy.,,none,"ledger seconds; disassembly timing editorial, independent of ledger"
2449,30,00:01:21:18,81.6,Exhibit_camera / editorial plate push,Recover. Store. Deploy.,,none,"ledger seconds; disassembly timing editorial, independent of ledger"
2450,30,00:01:21:19,81.63333333333334,Exhibit_camera / editorial plate push,Recover. Store. Deploy.,,none,"ledger seconds; disassembly timing editorial, independent of ledger"
2451,30,00:01:21:20,81.66666666666667,Exhibit_camera / editorial plate push,Recover. Store. Deploy.,,none,"ledger seconds; disassembly timing editorial, independent of ledger"
2452,30,00:01:21:21,81.7,Exhibit_camera / editorial plate push,Recover. Store. Deploy.,,none,"ledger seconds; disassembly timing editorial, independent of ledger"
2453,30,00:01:21:22,81.73333333333333,Exhibit_camera / editorial plate push,Recover. Store. Deploy.,,none,"ledger seconds; disassembly timing editorial, independent of ledger"
2454,30,00:01:21:23,81.76666666666667,Exhibit_camera / editorial plate push,Recover. Store. Deploy.,,none,"ledger seconds; disassembly timing editorial, independent of ledger"
2455,30,00:01:21:24,81.8,Exhibit_camera / editorial plate push,Recover. Store. Deploy.,,none,"ledger seconds; disassembly timing editorial, independent of ledger"
2456,30,00:01:21:25,81.83333333333333,Exhibit_camera / editorial plate push,Recover. Store. Deploy.,,none,"ledger seconds; disassembly timing editorial, independent of ledger"
2457,30,00:01:21:26,81.86666666666666,Exhibit_camera / editorial plate push,Recover. Store. Deploy.,,none,"ledger seconds; disassembly timing editorial, independent of ledger"
2458,30,00:01:21:27,81.9,Exhibit_camera / editorial plate push,Recover. Store. Deploy.,,none,"ledger seconds; disassembly timing editorial, independent of ledger"
2459,30,00:01:21:28,81.93333333333334,Exhibit_camera / editorial plate push,Recover. Store. Deploy.,,none,"ledger seconds; disassembly timing editorial, independent of ledger"
2460,30,00:01:21:29,81.96666666666667,Exhibit_camera / editorial plate push,Recover. Store. Deploy.,,none,"ledger seconds; disassembly timing editorial, independent of ledger"
2461,30,00:01:22:00,82.0,Exhibit_camera / editorial plate push,Recover. Store. Deploy.,,none,"ledger seconds; disassembly timing editorial, independent of ledger"
2462,30,00:01:22:01,82.03333333333333,Exhibit_camera / editorial plate push,Recover. Store. Deploy.,,none,"ledger seconds; disassembly timing editorial, independent of ledger"
2463,30,00:01:22:02,82.06666666666666,Exhibit_camera / editorial plate push,Recover. Store. Deploy.,,none,"ledger seconds; disassembly timing editorial, independent of ledger"
2464,30,00:01:22:03,82.1,Exhibit_camera / editorial plate push,Recover. Store. Deploy.,,none,"ledger seconds; disassembly timing editorial, independent of ledger"
2465,30,00:01:22:04,82.13333333333334,Exhibit_camera / editorial plate push,Recover. Store. Deploy.,,none,"ledger seconds; disassembly timing editorial, independent of ledger"
2466,30,00:01:22:05,82.16666666666667,Exhibit_camera / editorial plate push,Recover. Store. Deploy.,,none,"ledger seconds; disassembly timing editorial, independent of ledger"
2467,30,00:01:22:06,82.2,Exhibit_camera / editorial plate push,Recover. Store. Deploy.,,none,"ledger seconds; disassembly timing editorial, independent of ledger"
2468,30,00:01:22:07,82.23333333333333,Exhibit_camera / editorial plate push,Recover. Store. Deploy.,,none,"ledger seconds; disassembly timing editorial, independent of ledger"
2469,30,00:01:22:08,82.26666666666667,Exhibit_camera / editorial plate push,Recover. Store. Deploy.,,none,"ledger seconds; disassembly timing editorial, independent of ledger"
2470,30,00:01:22:09,82.3,Exhibit_camera / editorial plate push,Recover. Store. Deploy.,,none,"ledger seconds; disassembly timing editorial, independent of ledger"
2471,30,00:01:22:10,82.33333333333333,Exhibit_camera / editorial plate push,Recover. Store. Deploy.,,none,"ledger seconds; disassembly timing editorial, independent of ledger"
2472,30,00:01:22:11,82.36666666666666,Exhibit_camera / editorial plate push,Recover. Store. Deploy.,,none,"ledger seconds; disassembly timing editorial, independent of ledger"
2473,30,00:01:22:12,82.4,Exhibit_camera / editorial plate push,Recover. Store. Deploy.,,none,"ledger seconds; disassembly timing editorial, independent of ledger"
2474,30,00:01:22:13,82.43333333333334,Exhibit_camera / editorial plate push,Recover. Store. Deploy.,,none,"ledger seconds; disassembly timing editorial, independent of ledger"
2475,30,00:01:22:14,82.46666666666667,Exhibit_camera / editorial plate push,Recover. Store. Deploy.,,none,"ledger seconds; disassembly timing editorial, independent of ledger"
2476,30,00:01:22:15,82.5,Exhibit_camera / editorial plate push,Recover. Store. Deploy.,,none,"ledger seconds; disassembly timing editorial, independent of ledger"
2477,30,00:01:22:16,82.53333333333333,Exhibit_camera / editorial plate push,Recover. Store. Deploy.,,none,"ledger seconds; disassembly timing editorial, independent of ledger"
2478,30,00:01:22:17,82.56666666666666,Exhibit_camera / editorial plate push,Recover. Store. Deploy.,,none,"ledger seconds; disassembly timing editorial, independent of ledger"
2479,30,00:01:22:18,82.6,Exhibit_camera / editorial plate push,Recover. Store. Deploy.,,none,"ledger seconds; disassembly timing editorial, independent of ledger"
2480,30,00:01:22:19,82.63333333333334,Exhibit_camera / editorial plate push,Recover. Store. Deploy.,,none,"ledger seconds; disassembly timing editorial, independent of ledger"
2481,30,00:01:22:20,82.66666666666667,Exhibit_camera / editorial plate push,Recover. Store. Deploy.,,none,"ledger seconds; disassembly timing editorial, independent of ledger"
2482,30,00:01:22:21,82.7,Exhibit_camera / editorial plate push,Recover. Store. Deploy.,,none,"ledger seconds; disassembly timing editorial, independent of ledger"
2483,30,00:01:22:22,82.73333333333333,Exhibit_camera / editorial plate push,Recover. Store. Deploy.,,none,"ledger seconds; disassembly timing editorial, independent of ledger"
2484,30,00:01:22:23,82.76666666666667,Exhibit_camera / editorial plate push,Recover. Store. Deploy.,,none,"ledger seconds; disassembly timing editorial, independent of ledger"
2485,30,00:01:22:24,82.8,Exhibit_camera / editorial plate push,Recover. Store. Deploy.,,none,"ledger seconds; disassembly timing editorial, independent of ledger"
2486,30,00:01:22:25,82.83333333333333,Exhibit_camera / editorial plate push,Recover. Store. Deploy.,,none,"ledger seconds; disassembly timing editorial, independent of ledger"
2487,30,00:01:22:26,82.86666666666666,Exhibit_camera / editorial plate push,Recover. Store. Deploy.,,none,"ledger seconds; disassembly timing editorial, independent of ledger"
2488,30,00:01:22:27,82.9,Exhibit_camera / editorial plate push,Recover. Store. Deploy.,,none,"ledger seconds; disassembly timing editorial, independent of ledger"
2489,30,00:01:22:28,82.93333333333334,Exhibit_camera / editorial plate push,Recover. Store. Deploy.,,none,"ledger seconds; disassembly timing editorial, independent of ledger"
2490,30,00:01:22:29,82.96666666666667,Exhibit_camera / editorial plate push,Recover. Store. Deploy.,,none,"ledger seconds; disassembly timing editorial, independent of ledger"
2491,30,00:01:23:00,83.0,Exhibit_camera / editorial plate push,Recover. Store. Deploy.,,none,"ledger seconds; disassembly timing editorial, independent of ledger"
2492,30,00:01:23:01,83.03333333333333,Exhibit_camera / editorial plate push,Recover. Store. Deploy.,,none,"ledger seconds; disassembly timing editorial, independent of ledger"
2493,30,00:01:23:02,83.06666666666666,Exhibit_camera / editorial plate push,Recover. Store. Deploy.,,none,"ledger seconds; disassembly timing editorial, independent of ledger"
2494,30,00:01:23:03,83.1,Exhibit_camera / editorial plate push,Recover. Store. Deploy.,,none,"ledger seconds; disassembly timing editorial, independent of ledger"
2495,30,00:01:23:04,83.13333333333334,Exhibit_camera / editorial plate push,Recover. Store. Deploy.,,none,"ledger seconds; disassembly timing editorial, independent of ledger"
2496,30,00:01:23:05,83.16666666666667,Exhibit_camera / editorial plate push,Recover. Store. Deploy.,,none,"ledger seconds; disassembly timing editorial, independent of ledger"
2497,30,00:01:23:06,83.2,Exhibit_camera / editorial plate push,Recover. Store. Deploy.,,none,"ledger seconds; disassembly timing editorial, independent of ledger"
2498,30,00:01:23:07,83.23333333333333,Exhibit_camera / editorial plate push,Recover. Store. Deploy.,,none,"ledger seconds; disassembly timing editorial, independent of ledger"
2499,30,00:01:23:08,83.26666666666667,Exhibit_camera / editorial plate push,Recover. Store. Deploy.,,none,"ledger seconds; disassembly timing editorial, independent of ledger"
2500,30,00:01:23:09,83.3,Exhibit_camera / editorial plate push,Recover. Store. Deploy.,,none,"ledger seconds; disassembly timing editorial, independent of ledger"
2501,30,00:01:23:10,83.33333333333333,Exhibit_camera / editorial plate push,Recover. Store. Deploy.,,none,"ledger seconds; disassembly timing editorial, independent of ledger"
2502,30,00:01:23:11,83.36666666666666,Exhibit_camera / editorial plate push,Recover. Store. Deploy.,,none,"ledger seconds; disassembly timing editorial, independent of ledger"
2503,30,00:01:23:12,83.4,Exhibit_camera / editorial plate push,Recover. Store. Deploy.,,none,"ledger seconds; disassembly timing editorial, independent of ledger"
2504,30,00:01:23:13,83.43333333333334,Exhibit_camera / editorial plate push,Recover. Store. Deploy.,,none,"ledger seconds; disassembly timing editorial, independent of ledger"
2505,30,00:01:23:14,83.46666666666667,Exhibit_camera / editorial plate push,Recover. Store. Deploy.,,none,"ledger seconds; disassembly timing editorial, independent of ledger"
2506,30,00:01:23:15,83.5,Exhibit_camera / editorial plate push,Recover. Store. Deploy.,,none,"ledger seconds; disassembly timing editorial, independent of ledger"
2507,30,00:01:23:16,83.53333333333333,Exhibit_camera / editorial plate push,Recover. Store. Deploy.,,none,"ledger seconds; disassembly timing editorial, independent of ledger"
2508,30,00:01:23:17,83.56666666666666,Exhibit_camera / editorial plate push,Recover. Store. Deploy.,,none,"ledger seconds; disassembly timing editorial, independent of ledger"
2509,30,00:01:23:18,83.6,Exhibit_camera / editorial plate push,Recover. Store. Deploy.,,none,"ledger seconds; disassembly timing editorial, independent of ledger"
2510,30,00:01:23:19,83.63333333333334,Exhibit_camera / editorial plate push,Recover. Store. Deploy.,,none,"ledger seconds; disassembly timing editorial, independent of ledger"
2511,30,00:01:23:20,83.66666666666667,Exhibit_camera / editorial plate push,Recover. Store. Deploy.,,none,"ledger seconds; disassembly timing editorial, independent of ledger"
2512,30,00:01:23:21,83.7,Exhibit_camera / editorial plate push,Recover. Store. Deploy.,,none,"ledger seconds; disassembly timing editorial, independent of ledger"
2513,30,00:01:23:22,83.73333333333333,Exhibit_camera / editorial plate push,Recover. Store. Deploy.,,none,"ledger seconds; disassembly timing editorial, independent of ledger"
2514,30,00:01:23:23,83.76666666666667,Exhibit_camera / editorial plate push,Recover. Store. Deploy.,,none,"ledger seconds; disassembly timing editorial, independent of ledger"
2515,30,00:01:23:24,83.8,Exhibit_camera / editorial plate push,Recover. Store. Deploy.,,none,"ledger seconds; disassembly timing editorial, independent of ledger"
2516,30,00:01:23:25,83.83333333333333,Exhibit_camera / editorial plate push,Recover. Store. Deploy.,,none,"ledger seconds; disassembly timing editorial, independent of ledger"
2517,30,00:01:23:26,83.86666666666666,Exhibit_camera / editorial plate push,Recover. Store. Deploy.,,none,"ledger seconds; disassembly timing editorial, independent of ledger"
2518,30,00:01:23:27,83.9,Exhibit_camera / editorial plate push,Recover. Store. Deploy.,,none,"ledger seconds; disassembly timing editorial, independent of ledger"
2519,30,00:01:23:28,83.93333333333334,Exhibit_camera / editorial plate push,Recover. Store. Deploy.,,none,"ledger seconds; disassembly timing editorial, independent of ledger"
2520,30,00:01:23:29,83.96666666666667,Exhibit_camera / editorial plate push,Recover. Store. Deploy.,,none,"ledger seconds; disassembly timing editorial, independent of ledger"
2521,30,00:01:24:00,84.0,Exhibit_camera / editorial plate push,Recover. Store. Deploy.,,none,"ledger seconds; disassembly timing editorial, independent of ledger"
2522,30,00:01:24:01,84.03333333333333,Exhibit_camera / editorial plate push,Recover. Store. Deploy.,,none,"ledger seconds; disassembly timing editorial, independent of ledger"
2523,30,00:01:24:02,84.06666666666666,Exhibit_camera / editorial plate push,Recover. Store. Deploy.,,none,"ledger seconds; disassembly timing editorial, independent of ledger"
2524,30,00:01:24:03,84.1,Exhibit_camera / editorial plate push,Recover. Store. Deploy.,,none,"ledger seconds; disassembly timing editorial, independent of ledger"
2525,30,00:01:24:04,84.13333333333334,Exhibit_camera / editorial plate push,Recover. Store. Deploy.,,none,"ledger seconds; disassembly timing editorial, independent of ledger"
2526,30,00:01:24:05,84.16666666666667,Exhibit_camera / editorial plate push,Recover. Store. Deploy.,,none,"ledger seconds; disassembly timing editorial, independent of ledger"
2527,30,00:01:24:06,84.2,Exhibit_camera / editorial plate push,Recover. Store. Deploy.,,none,"ledger seconds; disassembly timing editorial, independent of ledger"
2528,30,00:01:24:07,84.23333333333333,Exhibit_camera / editorial plate push,Recover. Store. Deploy.,,none,"ledger seconds; disassembly timing editorial, independent of ledger"
2529,30,00:01:24:08,84.26666666666667,Exhibit_camera / editorial plate push,Recover. Store. Deploy.,,none,"ledger seconds; disassembly timing editorial, independent of ledger"
2530,30,00:01:24:09,84.3,Exhibit_camera / editorial plate push,Recover. Store. Deploy.,,none,"ledger seconds; disassembly timing editorial, independent of ledger"
2531,30,00:01:24:10,84.33333333333333,Exhibit_camera / editorial plate push,Recover. Store. Deploy.,,none,"ledger seconds; disassembly timing editorial, independent of ledger"
2532,30,00:01:24:11,84.36666666666666,Exhibit_camera / editorial plate push,Recover. Store. Deploy.,,none,"ledger seconds; disassembly timing editorial, independent of ledger"
2533,30,00:01:24:12,84.4,Exhibit_camera / editorial plate push,Recover. Store. Deploy.,,none,"ledger seconds; disassembly timing editorial, independent of ledger"
2534,30,00:01:24:13,84.43333333333334,Exhibit_camera / editorial plate push,Recover. Store. Deploy.,,none,"ledger seconds; disassembly timing editorial, independent of ledger"
2535,30,00:01:24:14,84.46666666666667,Exhibit_camera / editorial plate push,Recover. Store. Deploy.,,none,"ledger seconds; disassembly timing editorial, independent of ledger"
2536,30,00:01:24:15,84.5,Exhibit_camera / editorial plate push,Recover. Store. Deploy.,,none,"ledger seconds; disassembly timing editorial, independent of ledger"
2537,30,00:01:24:16,84.53333333333333,Exhibit_camera / editorial plate push,Recover. Store. Deploy.,,none,"ledger seconds; disassembly timing editorial, independent of ledger"
2538,30,00:01:24:17,84.56666666666666,Exhibit_camera / editorial plate push,Recover. Store. Deploy.,,none,"ledger seconds; disassembly timing editorial, independent of ledger"
2539,30,00:01:24:18,84.6,Exhibit_camera / editorial plate push,Recover. Store. Deploy.,,none,"ledger seconds; disassembly timing editorial, independent of ledger"
2540,30,00:01:24:19,84.63333333333334,Exhibit_camera / editorial plate push,Recover. Store. Deploy.,,none,"ledger seconds; disassembly timing editorial, independent of ledger"
2541,30,00:01:24:20,84.66666666666667,Exhibit_camera / editorial plate push,Recover. Store. Deploy.,,none,"ledger seconds; disassembly timing editorial, independent of ledger"
2542,30,00:01:24:21,84.7,Exhibit_camera / editorial plate push,Recover. Store. Deploy.,,none,"ledger seconds; disassembly timing editorial, independent of ledger"
2543,30,00:01:24:22,84.73333333333333,Exhibit_camera / editorial plate push,Recover. Store. Deploy.,,none,"ledger seconds; disassembly timing editorial, independent of ledger"
2544,30,00:01:24:23,84.76666666666667,Exhibit_camera / editorial plate push,Recover. Store. Deploy.,,none,"ledger seconds; disassembly timing editorial, independent of ledger"
2545,30,00:01:24:24,84.8,Exhibit_camera / editorial plate push,Recover. Store. Deploy.,,none,"ledger seconds; disassembly timing editorial, independent of ledger"
2546,30,00:01:24:25,84.83333333333333,Exhibit_camera / editorial plate push,Recover. Store. Deploy.,,none,"ledger seconds; disassembly timing editorial, independent of ledger"
2547,30,00:01:24:26,84.86666666666666,Exhibit_camera / editorial plate push,Recover. Store. Deploy.,,none,"ledger seconds; disassembly timing editorial, independent of ledger"
2548,30,00:01:24:27,84.9,Exhibit_camera / editorial plate push,Recover. Store. Deploy.,,none,"ledger seconds; disassembly timing editorial, independent of ledger"
2549,30,00:01:24:28,84.93333333333334,Exhibit_camera / editorial plate push,Recover. Store. Deploy.,,none,"ledger seconds; disassembly timing editorial, independent of ledger"
2550,30,00:01:24:29,84.96666666666667,Exhibit_camera / editorial plate push,Recover. Store. Deploy.,,none,"ledger seconds; disassembly timing editorial, independent of ledger"
2551,30,00:01:25:00,85.0,Exhibit_camera / editorial plate push,Recover. Store. Deploy.,,none,"ledger seconds; disassembly timing editorial, independent of ledger"
2552,30,00:01:25:01,85.03333333333333,Exhibit_camera / editorial plate push,Recover. Store. Deploy.,,none,"ledger seconds; disassembly timing editorial, independent of ledger"
2553,30,00:01:25:02,85.06666666666666,Exhibit_camera / editorial plate push,Recover. Store. Deploy.,,none,"ledger seconds; disassembly timing editorial, independent of ledger"
2554,30,00:01:25:03,85.1,Exhibit_camera / editorial plate push,Recover. Store. Deploy.,,none,"ledger seconds; disassembly timing editorial, independent of ledger"
2555,30,00:01:25:04,85.13333333333334,Exhibit_camera / editorial plate push,Recover. Store. Deploy.,,none,"ledger seconds; disassembly timing editorial, independent of ledger"
2556,30,00:01:25:05,85.16666666666667,Exhibit_camera / editorial plate push,Recover. Store. Deploy.,,none,"ledger seconds; disassembly timing editorial, independent of ledger"
2557,30,00:01:25:06,85.2,Exhibit_camera / editorial plate push,Recover. Store. Deploy.,,none,"ledger seconds; disassembly timing editorial, independent of ledger"
2558,30,00:01:25:07,85.23333333333333,Exhibit_camera / editorial plate push,Recover. Store. Deploy.,,none,"ledger seconds; disassembly timing editorial, independent of ledger"
2559,30,00:01:25:08,85.26666666666667,Exhibit_camera / editorial plate push,Recover. Store. Deploy.,,none,"ledger seconds; disassembly timing editorial, independent of ledger"
2560,30,00:01:25:09,85.3,Exhibit_camera / editorial plate push,Recover. Store. Deploy.,,none,"ledger seconds; disassembly timing editorial, independent of ledger"
2561,30,00:01:25:10,85.33333333333333,Exhibit_camera / editorial plate push,Recover. Store. Deploy.,,none,"ledger seconds; disassembly timing editorial, independent of ledger"
2562,30,00:01:25:11,85.36666666666666,Exhibit_camera / editorial plate push,Recover. Store. Deploy.,,none,"ledger seconds; disassembly timing editorial, independent of ledger"
2563,30,00:01:25:12,85.4,Exhibit_camera / editorial plate push,Recover. Store. Deploy.,,none,"ledger seconds; disassembly timing editorial, independent of ledger"
2564,30,00:01:25:13,85.43333333333334,Exhibit_camera / editorial plate push,Recover. Store. Deploy.,,none,"ledger seconds; disassembly timing editorial, independent of ledger"
2565,30,00:01:25:14,85.46666666666667,Exhibit_camera / editorial plate push,Recover. Store. Deploy.,,none,"ledger seconds; disassembly timing editorial, independent of ledger"
2566,30,00:01:25:15,85.5,Exhibit_camera / editorial plate push,Recover. Store. Deploy.,,none,"ledger seconds; disassembly timing editorial, independent of ledger"
2567,30,00:01:25:16,85.53333333333333,Exhibit_camera / editorial plate push,Recover. Store. Deploy.,,none,"ledger seconds; disassembly timing editorial, independent of ledger"
2568,30,00:01:25:17,85.56666666666666,Exhibit_camera / editorial plate push,Recover. Store. Deploy.,,none,"ledger seconds; disassembly timing editorial, independent of ledger"
2569,30,00:01:25:18,85.6,Exhibit_camera / editorial plate push,Recover. Store. Deploy.,,none,"ledger seconds; disassembly timing editorial, independent of ledger"
2570,30,00:01:25:19,85.63333333333334,Exhibit_camera / editorial plate push,Recover. Store. Deploy.,,none,"ledger seconds; disassembly timing editorial, independent of ledger"
2571,30,00:01:25:20,85.66666666666667,Exhibit_camera / editorial plate push,Recover. Store. Deploy.,,none,"ledger seconds; disassembly timing editorial, independent of ledger"
2572,30,00:01:25:21,85.7,Exhibit_camera / editorial plate push,Recover. Store. Deploy.,,none,"ledger seconds; disassembly timing editorial, independent of ledger"
2573,30,00:01:25:22,85.73333333333333,Exhibit_camera / editorial plate push,Recover. Store. Deploy.,,none,"ledger seconds; disassembly timing editorial, independent of ledger"
2574,30,00:01:25:23,85.76666666666667,Exhibit_camera / editorial plate push,Recover. Store. Deploy.,,none,"ledger seconds; disassembly timing editorial, independent of ledger"
2575,30,00:01:25:24,85.8,Exhibit_camera / editorial plate push,Recover. Store. Deploy.,,none,"ledger seconds; disassembly timing editorial, independent of ledger"
2576,30,00:01:25:25,85.83333333333333,Exhibit_camera / editorial plate push,Recover. Store. Deploy.,,none,"ledger seconds; disassembly timing editorial, independent of ledger"
2577,30,00:01:25:26,85.86666666666666,Exhibit_camera / editorial plate push,Recover. Store. Deploy.,,none,"ledger seconds; disassembly timing editorial, independent of ledger"
2578,30,00:01:25:27,85.9,Exhibit_camera / editorial plate push,Recover. Store. Deploy.,,none,"ledger seconds; disassembly timing editorial, independent of ledger"
2579,30,00:01:25:28,85.93333333333334,Exhibit_camera / editorial plate push,Recover. Store. Deploy.,,none,"ledger seconds; disassembly timing editorial, independent of ledger"
2580,30,00:01:25:29,85.96666666666667,Exhibit_camera / editorial plate push,Recover. Store. Deploy.,,none,"ledger seconds; disassembly timing editorial, independent of ledger"
2581,30,00:01:26:00,86.0,Exhibit_camera / editorial plate push,Recover. Store. Deploy.,,none,"ledger seconds; disassembly timing editorial, independent of ledger"
2582,30,00:01:26:01,86.03333333333333,Exhibit_camera / editorial plate push,Recover. Store. Deploy.,,none,"ledger seconds; disassembly timing editorial, independent of ledger"
2583,30,00:01:26:02,86.06666666666666,Exhibit_camera / editorial plate push,Recover. Store. Deploy.,,none,"ledger seconds; disassembly timing editorial, independent of ledger"
2584,30,00:01:26:03,86.1,Exhibit_camera / editorial plate push,Recover. Store. Deploy.,,none,"ledger seconds; disassembly timing editorial, independent of ledger"
2585,30,00:01:26:04,86.13333333333334,Exhibit_camera / editorial plate push,Recover. Store. Deploy.,,none,"ledger seconds; disassembly timing editorial, independent of ledger"
2586,30,00:01:26:05,86.16666666666667,Exhibit_camera / editorial plate push,Recover. Store. Deploy.,,none,"ledger seconds; disassembly timing editorial, independent of ledger"
2587,30,00:01:26:06,86.2,Exhibit_camera / editorial plate push,Recover. Store. Deploy.,,none,"ledger seconds; disassembly timing editorial, independent of ledger"
2588,30,00:01:26:07,86.23333333333333,Exhibit_camera / editorial plate push,Recover. Store. Deploy.,,none,"ledger seconds; disassembly timing editorial, independent of ledger"
2589,30,00:01:26:08,86.26666666666667,Exhibit_camera / editorial plate push,Recover. Store. Deploy.,,none,"ledger seconds; disassembly timing editorial, independent of ledger"
2590,30,00:01:26:09,86.3,Exhibit_camera / editorial plate push,Recover. Store. Deploy.,,none,"ledger seconds; disassembly timing editorial, independent of ledger"
2591,30,00:01:26:10,86.33333333333333,Exhibit_camera / editorial plate push,Recover. Store. Deploy.,,none,"ledger seconds; disassembly timing editorial, independent of ledger"
2592,30,00:01:26:11,86.36666666666666,Exhibit_camera / editorial plate push,Recover. Store. Deploy.,,none,"ledger seconds; disassembly timing editorial, independent of ledger"
2593,30,00:01:26:12,86.4,Exhibit_camera / editorial plate push,Recover. Store. Deploy.,,none,"ledger seconds; disassembly timing editorial, independent of ledger"
2594,30,00:01:26:13,86.43333333333334,Exhibit_camera / editorial plate push,Recover. Store. Deploy.,,none,"ledger seconds; disassembly timing editorial, independent of ledger"
2595,30,00:01:26:14,86.46666666666667,Exhibit_camera / editorial plate push,Recover. Store. Deploy.,,none,"ledger seconds; disassembly timing editorial, independent of ledger"
2596,30,00:01:26:15,86.5,Exhibit_camera / editorial plate push,Recover. Store. Deploy.,,none,"ledger seconds; disassembly timing editorial, independent of ledger"
2597,30,00:01:26:16,86.53333333333333,Exhibit_camera / editorial plate push,Recover. Store. Deploy.,,none,"ledger seconds; disassembly timing editorial, independent of ledger"
2598,30,00:01:26:17,86.56666666666666,Exhibit_camera / editorial plate push,Recover. Store. Deploy.,,none,"ledger seconds; disassembly timing editorial, independent of ledger"
2599,30,00:01:26:18,86.6,Exhibit_camera / editorial plate push,Recover. Store. Deploy.,,none,"ledger seconds; disassembly timing editorial, independent of ledger"
2600,30,00:01:26:19,86.63333333333334,Exhibit_camera / editorial plate push,Recover. Store. Deploy.,,none,"ledger seconds; disassembly timing editorial, independent of ledger"
2601,30,00:01:26:20,86.66666666666667,Exhibit_camera / editorial plate push,Recover. Store. Deploy.,,none,"ledger seconds; disassembly timing editorial, independent of ledger"
2602,30,00:01:26:21,86.7,Exhibit_camera / editorial plate push,Recover. Store. Deploy.,,none,"ledger seconds; disassembly timing editorial, independent of ledger"
2603,30,00:01:26:22,86.73333333333333,Exhibit_camera / editorial plate push,Recover. Store. Deploy.,,none,"ledger seconds; disassembly timing editorial, independent of ledger"
2604,30,00:01:26:23,86.76666666666667,Exhibit_camera / editorial plate push,Recover. Store. Deploy.,,none,"ledger seconds; disassembly timing editorial, independent of ledger"
2605,30,00:01:26:24,86.8,Exhibit_camera / editorial plate push,Recover. Store. Deploy.,,none,"ledger seconds; disassembly timing editorial, independent of ledger"
2606,30,00:01:26:25,86.83333333333333,Exhibit_camera / editorial plate push,Recover. Store. Deploy.,,none,"ledger seconds; disassembly timing editorial, independent of ledger"
2607,30,00:01:26:26,86.86666666666666,Exhibit_camera / editorial plate push,Recover. Store. Deploy.,,none,"ledger seconds; disassembly timing editorial, independent of ledger"
2608,30,00:01:26:27,86.9,Exhibit_camera / editorial plate push,Recover. Store. Deploy.,,none,"ledger seconds; disassembly timing editorial, independent of ledger"
2609,30,00:01:26:28,86.93333333333334,Exhibit_camera / editorial plate push,Recover. Store. Deploy.,,none,"ledger seconds; disassembly timing editorial, independent of ledger"
2610,30,00:01:26:29,86.96666666666667,Exhibit_camera / editorial plate push,Recover. Store. Deploy.,,none,"ledger seconds; disassembly timing editorial, independent of ledger"
2611,30,00:01:27:00,87.0,Exhibit_camera / editorial plate push,Recover. Store. Deploy.,,none,"ledger seconds; disassembly timing editorial, independent of ledger"
2612,30,00:01:27:01,87.03333333333333,Exhibit_camera / editorial plate push,Recover. Store. Deploy.,,none,"ledger seconds; disassembly timing editorial, independent of ledger"
2613,30,00:01:27:02,87.06666666666666,Exhibit_camera / editorial plate push,Recover. Store. Deploy.,,none,"ledger seconds; disassembly timing editorial, independent of ledger"
2614,30,00:01:27:03,87.1,Exhibit_camera / editorial plate push,Recover. Store. Deploy.,,none,"ledger seconds; disassembly timing editorial, independent of ledger"
2615,30,00:01:27:04,87.13333333333334,Exhibit_camera / editorial plate push,Recover. Store. Deploy.,,none,"ledger seconds; disassembly timing editorial, independent of ledger"
2616,30,00:01:27:05,87.16666666666667,Exhibit_camera / editorial plate push,Recover. Store. Deploy.,,none,"ledger seconds; disassembly timing editorial, independent of ledger"
2617,30,00:01:27:06,87.2,Exhibit_camera / editorial plate push,Recover. Store. Deploy.,,none,"ledger seconds; disassembly timing editorial, independent of ledger"
2618,30,00:01:27:07,87.23333333333333,Exhibit_camera / editorial plate push,Recover. Store. Deploy.,,none,"ledger seconds; disassembly timing editorial, independent of ledger"
2619,30,00:01:27:08,87.26666666666667,Exhibit_camera / editorial plate push,Recover. Store. Deploy.,,none,"ledger seconds; disassembly timing editorial, independent of ledger"
2620,30,00:01:27:09,87.3,Exhibit_camera / editorial plate push,Recover. Store. Deploy.,,none,"ledger seconds; disassembly timing editorial, independent of ledger"
2621,30,00:01:27:10,87.33333333333333,Exhibit_camera / editorial plate push,Recover. Store. Deploy.,,none,"ledger seconds; disassembly timing editorial, independent of ledger"
2622,30,00:01:27:11,87.36666666666666,Exhibit_camera / editorial plate push,Recover. Store. Deploy.,,none,"ledger seconds; disassembly timing editorial, independent of ledger"
2623,30,00:01:27:12,87.4,Exhibit_camera / editorial plate push,Recover. Store. Deploy.,,none,"ledger seconds; disassembly timing editorial, independent of ledger"
2624,30,00:01:27:13,87.43333333333334,Exhibit_camera / editorial plate push,Recover. Store. Deploy.,,none,"ledger seconds; disassembly timing editorial, independent of ledger"
2625,30,00:01:27:14,87.46666666666667,Exhibit_camera / editorial plate push,Recover. Store. Deploy.,,none,"ledger seconds; disassembly timing editorial, independent of ledger"
2626,30,00:01:27:15,87.5,Exhibit_camera / editorial plate push,Recover. Store. Deploy.,,none,"ledger seconds; disassembly timing editorial, independent of ledger"
2627,30,00:01:27:16,87.53333333333333,Exhibit_camera / editorial plate push,Recover. Store. Deploy.,,none,"ledger seconds; disassembly timing editorial, independent of ledger"
2628,30,00:01:27:17,87.56666666666666,Exhibit_camera / editorial plate push,Recover. Store. Deploy.,,none,"ledger seconds; disassembly timing editorial, independent of ledger"
2629,30,00:01:27:18,87.6,Exhibit_camera / editorial plate push,Recover. Store. Deploy.,,none,"ledger seconds; disassembly timing editorial, independent of ledger"
2630,30,00:01:27:19,87.63333333333334,Exhibit_camera / editorial plate push,Recover. Store. Deploy.,,none,"ledger seconds; disassembly timing editorial, independent of ledger"
2631,30,00:01:27:20,87.66666666666667,Exhibit_camera / editorial plate push,Recover. Store. Deploy.,,none,"ledger seconds; disassembly timing editorial, independent of ledger"
2632,30,00:01:27:21,87.7,Exhibit_camera / editorial plate push,Recover. Store. Deploy.,,none,"ledger seconds; disassembly timing editorial, independent of ledger"
2633,30,00:01:27:22,87.73333333333333,Exhibit_camera / editorial plate push,Recover. Store. Deploy.,,none,"ledger seconds; disassembly timing editorial, independent of ledger"
2634,30,00:01:27:23,87.76666666666667,Exhibit_camera / editorial plate push,Recover. Store. Deploy.,,none,"ledger seconds; disassembly timing editorial, independent of ledger"
2635,30,00:01:27:24,87.8,Exhibit_camera / editorial plate push,Recover. Store. Deploy.,,none,"ledger seconds; disassembly timing editorial, independent of ledger"
2636,30,00:01:27:25,87.83333333333333,Exhibit_camera / editorial plate push,Recover. Store. Deploy.,,none,"ledger seconds; disassembly timing editorial, independent of ledger"
2637,30,00:01:27:26,87.86666666666666,Exhibit_camera / editorial plate push,Recover. Store. Deploy.,,none,"ledger seconds; disassembly timing editorial, independent of ledger"
2638,30,00:01:27:27,87.9,Exhibit_camera / editorial plate push,Recover. Store. Deploy.,,none,"ledger seconds; disassembly timing editorial, independent of ledger"
2639,30,00:01:27:28,87.93333333333334,Exhibit_camera / editorial plate push,Recover. Store. Deploy.,,none,"ledger seconds; disassembly timing editorial, independent of ledger"
2640,30,00:01:27:29,87.96666666666667,Exhibit_camera / editorial plate push,Recover. Store. Deploy.,,none,"ledger seconds; disassembly timing editorial, independent of ledger"
2641,30,00:01:28:00,88.0,Exhibit_camera / editorial plate push,Recover. Store. Deploy.,,none,"ledger seconds; disassembly timing editorial, independent of ledger"
2642,30,00:01:28:01,88.03333333333333,Exhibit_camera / editorial plate push,Recover. Store. Deploy.,,none,"ledger seconds; disassembly timing editorial, independent of ledger"
2643,30,00:01:28:02,88.06666666666666,Exhibit_camera / editorial plate push,Recover. Store. Deploy.,,none,"ledger seconds; disassembly timing editorial, independent of ledger"
2644,30,00:01:28:03,88.1,Exhibit_camera / editorial plate push,Recover. Store. Deploy.,,none,"ledger seconds; disassembly timing editorial, independent of ledger"
2645,30,00:01:28:04,88.13333333333334,Exhibit_camera / editorial plate push,Recover. Store. Deploy.,,none,"ledger seconds; disassembly timing editorial, independent of ledger"
2646,30,00:01:28:05,88.16666666666667,Exhibit_camera / editorial plate push,Recover. Store. Deploy.,,none,"ledger seconds; disassembly timing editorial, independent of ledger"
2647,30,00:01:28:06,88.2,Exhibit_camera / editorial plate push,Recover. Store. Deploy.,,none,"ledger seconds; disassembly timing editorial, independent of ledger"
2648,30,00:01:28:07,88.23333333333333,Exhibit_camera / editorial plate push,Recover. Store. Deploy.,,none,"ledger seconds; disassembly timing editorial, independent of ledger"
2649,30,00:01:28:08,88.26666666666667,Exhibit_camera / editorial plate push,Recover. Store. Deploy.,,none,"ledger seconds; disassembly timing editorial, independent of ledger"
2650,30,00:01:28:09,88.3,Exhibit_camera / editorial plate push,Recover. Store. Deploy.,,none,"ledger seconds; disassembly timing editorial, independent of ledger"
2651,30,00:01:28:10,88.33333333333333,Exhibit_camera / editorial plate push,Recover. Store. Deploy.,,none,"ledger seconds; disassembly timing editorial, independent of ledger"
2652,30,00:01:28:11,88.36666666666666,Exhibit_camera / editorial plate push,Recover. Store. Deploy.,,none,"ledger seconds; disassembly timing editorial, independent of ledger"
2653,30,00:01:28:12,88.4,Exhibit_camera / editorial plate push,Recover. Store. Deploy.,,none,"ledger seconds; disassembly timing editorial, independent of ledger"
2654,30,00:01:28:13,88.43333333333334,Exhibit_camera / editorial plate push,Recover. Store. Deploy.,,none,"ledger seconds; disassembly timing editorial, independent of ledger"
2655,30,00:01:28:14,88.46666666666667,Exhibit_camera / editorial plate push,Recover. Store. Deploy.,,none,"ledger seconds; disassembly timing editorial, independent of ledger"
2656,30,00:01:28:15,88.5,Exhibit_camera / editorial plate push,Recover. Store. Deploy.,,none,"ledger seconds; disassembly timing editorial, independent of ledger"
2657,30,00:01:28:16,88.53333333333333,Exhibit_camera / editorial plate push,Recover. Store. Deploy.,,none,"ledger seconds; disassembly timing editorial, independent of ledger"
2658,30,00:01:28:17,88.56666666666666,Exhibit_camera / editorial plate push,Recover. Store. Deploy.,,none,"ledger seconds; disassembly timing editorial, independent of ledger"
2659,30,00:01:28:18,88.6,Exhibit_camera / editorial plate push,Recover. Store. Deploy.,,none,"ledger seconds; disassembly timing editorial, independent of ledger"
2660,30,00:01:28:19,88.63333333333334,Exhibit_camera / editorial plate push,Recover. Store. Deploy.,,none,"ledger seconds; disassembly timing editorial, independent of ledger"
2661,30,00:01:28:20,88.66666666666667,Exhibit_camera / editorial plate push,Recover. Store. Deploy.,,none,"ledger seconds; disassembly timing editorial, independent of ledger"
2662,30,00:01:28:21,88.7,Exhibit_camera / editorial plate push,Recover. Store. Deploy.,,none,"ledger seconds; disassembly timing editorial, independent of ledger"
2663,30,00:01:28:22,88.73333333333333,Exhibit_camera / editorial plate push,Recover. Store. Deploy.,,none,"ledger seconds; disassembly timing editorial, independent of ledger"
2664,30,00:01:28:23,88.76666666666667,Exhibit_camera / editorial plate push,Recover. Store. Deploy.,,none,"ledger seconds; disassembly timing editorial, independent of ledger"
2665,30,00:01:28:24,88.8,Exhibit_camera / editorial plate push,Recover. Store. Deploy.,,none,"ledger seconds; disassembly timing editorial, independent of ledger"
2666,30,00:01:28:25,88.83333333333333,Exhibit_camera / editorial plate push,Recover. Store. Deploy.,,none,"ledger seconds; disassembly timing editorial, independent of ledger"
2667,30,00:01:28:26,88.86666666666666,Exhibit_camera / editorial plate push,Recover. Store. Deploy.,,none,"ledger seconds; disassembly timing editorial, independent of ledger"
2668,30,00:01:28:27,88.9,Exhibit_camera / editorial plate push,Recover. Store. Deploy.,,none,"ledger seconds; disassembly timing editorial, independent of ledger"
2669,30,00:01:28:28,88.93333333333334,Exhibit_camera / editorial plate push,Recover. Store. Deploy.,,none,"ledger seconds; disassembly timing editorial, independent of ledger"
2670,30,00:01:28:29,88.96666666666667,Exhibit_camera / editorial plate push,Recover. Store. Deploy.,,none,"ledger seconds; disassembly timing editorial, independent of ledger"
2671,30,00:01:29:00,89.0,Exhibit_camera / editorial plate push,Recover. Store. Deploy.,,none,"ledger seconds; disassembly timing editorial, independent of ledger"
2672,30,00:01:29:01,89.03333333333333,Exhibit_camera / editorial plate push,Recover. Store. Deploy.,,none,"ledger seconds; disassembly timing editorial, independent of ledger"
2673,30,00:01:29:02,89.06666666666666,Exhibit_camera / editorial plate push,Recover. Store. Deploy.,,none,"ledger seconds; disassembly timing editorial, independent of ledger"
2674,30,00:01:29:03,89.1,Exhibit_camera / editorial plate push,Recover. Store. Deploy.,,none,"ledger seconds; disassembly timing editorial, independent of ledger"
2675,30,00:01:29:04,89.13333333333334,Exhibit_camera / editorial plate push,Recover. Store. Deploy.,,none,"ledger seconds; disassembly timing editorial, independent of ledger"
2676,30,00:01:29:05,89.16666666666667,Exhibit_camera / editorial plate push,Recover. Store. Deploy.,,none,"ledger seconds; disassembly timing editorial, independent of ledger"
2677,30,00:01:29:06,89.2,Exhibit_camera / editorial plate push,Recover. Store. Deploy.,,none,"ledger seconds; disassembly timing editorial, independent of ledger"
2678,30,00:01:29:07,89.23333333333333,Exhibit_camera / editorial plate push,Recover. Store. Deploy.,,none,"ledger seconds; disassembly timing editorial, independent of ledger"
2679,30,00:01:29:08,89.26666666666667,Exhibit_camera / editorial plate push,Recover. Store. Deploy.,,none,"ledger seconds; disassembly timing editorial, independent of ledger"
2680,30,00:01:29:09,89.3,Exhibit_camera / editorial plate push,Recover. Store. Deploy.,,none,"ledger seconds; disassembly timing editorial, independent of ledger"
2681,30,00:01:29:10,89.33333333333333,Exhibit_camera / editorial plate push,Recover. Store. Deploy.,,none,"ledger seconds; disassembly timing editorial, independent of ledger"
2682,30,00:01:29:11,89.36666666666666,Exhibit_camera / editorial plate push,Recover. Store. Deploy.,,none,"ledger seconds; disassembly timing editorial, independent of ledger"
2683,30,00:01:29:12,89.4,Exhibit_camera / editorial plate push,Recover. Store. Deploy.,,none,"ledger seconds; disassembly timing editorial, independent of ledger"
2684,30,00:01:29:13,89.43333333333334,Exhibit_camera / editorial plate push,Recover. Store. Deploy.,,none,"ledger seconds; disassembly timing editorial, independent of ledger"
2685,30,00:01:29:14,89.46666666666667,Exhibit_camera / editorial plate push,Recover. Store. Deploy.,,none,"ledger seconds; disassembly timing editorial, independent of ledger"
2686,30,00:01:29:15,89.5,Exhibit_camera / editorial plate push,Recover. Store. Deploy.,,none,"ledger seconds; disassembly timing editorial, independent of ledger"
2687,30,00:01:29:16,89.53333333333333,Exhibit_camera / editorial plate push,Recover. Store. Deploy.,,none,"ledger seconds; disassembly timing editorial, independent of ledger"
2688,30,00:01:29:17,89.56666666666666,Exhibit_camera / editorial plate push,Recover. Store. Deploy.,,none,"ledger seconds; disassembly timing editorial, independent of ledger"
2689,30,00:01:29:18,89.6,Exhibit_camera / editorial plate push,Recover. Store. Deploy.,,none,"ledger seconds; disassembly timing editorial, independent of ledger"
2690,30,00:01:29:19,89.63333333333334,Exhibit_camera / editorial plate push,Recover. Store. Deploy.,,none,"ledger seconds; disassembly timing editorial, independent of ledger"
2691,30,00:01:29:20,89.66666666666667,Exhibit_camera / editorial plate push,Recover. Store. Deploy.,,none,"ledger seconds; disassembly timing editorial, independent of ledger"
2692,30,00:01:29:21,89.7,Exhibit_camera / editorial plate push,Recover. Store. Deploy.,,none,"ledger seconds; disassembly timing editorial, independent of ledger"
2693,30,00:01:29:22,89.73333333333333,Exhibit_camera / editorial plate push,Recover. Store. Deploy.,,none,"ledger seconds; disassembly timing editorial, independent of ledger"
2694,30,00:01:29:23,89.76666666666667,Exhibit_camera / editorial plate push,Recover. Store. Deploy.,,none,"ledger seconds; disassembly timing editorial, independent of ledger"
2695,30,00:01:29:24,89.8,Exhibit_camera / editorial plate push,Recover. Store. Deploy.,,none,"ledger seconds; disassembly timing editorial, independent of ledger"
2696,30,00:01:29:25,89.83333333333333,Exhibit_camera / editorial plate push,Recover. Store. Deploy.,,none,"ledger seconds; disassembly timing editorial, independent of ledger"
2697,30,00:01:29:26,89.86666666666666,Exhibit_camera / editorial plate push,Recover. Store. Deploy.,,none,"ledger seconds; disassembly timing editorial, independent of ledger"
2698,30,00:01:29:27,89.9,Exhibit_camera / editorial plate push,Recover. Store. Deploy.,,none,"ledger seconds; disassembly timing editorial, independent of ledger"
2699,30,00:01:29:28,89.93333333333334,Exhibit_camera / editorial plate push,Recover. Store. Deploy.,,none,"ledger seconds; disassembly timing editorial, independent of ledger"
2700,30,00:01:29:29,89.96666666666667,Exhibit_camera / editorial plate push,Recover. Store. Deploy.,,none,"ledger seconds; disassembly timing editorial, independent of ledger"
2701,30,00:01:30:00,90.0,Exhibit_camera / editorial plate push,Recover. Store. Deploy.,,none,"ledger seconds; disassembly timing editorial, independent of ledger"
2702,30,00:01:30:01,90.03333333333333,Exhibit_camera / editorial plate push,Recover. Store. Deploy.,,none,"ledger seconds; disassembly timing editorial, independent of ledger"
2703,30,00:01:30:02,90.06666666666666,Exhibit_camera / editorial plate push,Recover. Store. Deploy.,,none,"ledger seconds; disassembly timing editorial, independent of ledger"
2704,30,00:01:30:03,90.1,Exhibit_camera / editorial plate push,Recover. Store. Deploy.,,none,"ledger seconds; disassembly timing editorial, independent of ledger"
2705,30,00:01:30:04,90.13333333333334,Exhibit_camera / editorial plate push,Recover. Store. Deploy.,,none,"ledger seconds; disassembly timing editorial, independent of ledger"
2706,30,00:01:30:05,90.16666666666667,Exhibit_camera / editorial plate push,Recover. Store. Deploy.,,none,"ledger seconds; disassembly timing editorial, independent of ledger"
2707,30,00:01:30:06,90.2,Exhibit_camera / editorial plate push,Recover. Store. Deploy.,,none,"ledger seconds; disassembly timing editorial, independent of ledger"
2708,30,00:01:30:07,90.23333333333333,Exhibit_camera / editorial plate push,Recover. Store. Deploy.,,none,"ledger seconds; disassembly timing editorial, independent of ledger"
2709,30,00:01:30:08,90.26666666666667,Exhibit_camera / editorial plate push,Recover. Store. Deploy.,,none,"ledger seconds; disassembly timing editorial, independent of ledger"
2710,30,00:01:30:09,90.3,Exhibit_camera / editorial plate push,Recover. Store. Deploy.,,none,"ledger seconds; disassembly timing editorial, independent of ledger"
2711,30,00:01:30:10,90.33333333333333,Exhibit_camera / editorial plate push,Recover. Store. Deploy.,,none,"ledger seconds; disassembly timing editorial, independent of ledger"
2712,30,00:01:30:11,90.36666666666666,Exhibit_camera / editorial plate push,Recover. Store. Deploy.,,none,"ledger seconds; disassembly timing editorial, independent of ledger"
2713,30,00:01:30:12,90.4,Exhibit_camera / editorial plate push,Recover. Store. Deploy.,,none,"ledger seconds; disassembly timing editorial, independent of ledger"
2714,30,00:01:30:13,90.43333333333334,Exhibit_camera / editorial plate push,Recover. Store. Deploy.,,none,"ledger seconds; disassembly timing editorial, independent of ledger"
2715,30,00:01:30:14,90.46666666666667,Exhibit_camera / editorial plate push,Recover. Store. Deploy.,,none,"ledger seconds; disassembly timing editorial, independent of ledger"
2716,30,00:01:30:15,90.5,Exhibit_camera / editorial plate push,Recover. Store. Deploy.,,none,"ledger seconds; disassembly timing editorial, independent of ledger"
2717,30,00:01:30:16,90.53333333333333,Exhibit_camera / editorial plate push,Recover. Store. Deploy.,,none,"ledger seconds; disassembly timing editorial, independent of ledger"
2718,30,00:01:30:17,90.56666666666666,Exhibit_camera / editorial plate push,Recover. Store. Deploy.,,none,"ledger seconds; disassembly timing editorial, independent of ledger"
2719,30,00:01:30:18,90.6,Exhibit_camera / editorial plate push,Recover. Store. Deploy.,,none,"ledger seconds; disassembly timing editorial, independent of ledger"
2720,30,00:01:30:19,90.63333333333334,Exhibit_camera / editorial plate push,Recover. Store. Deploy.,,none,"ledger seconds; disassembly timing editorial, independent of ledger"
2721,30,00:01:30:20,90.66666666666667,Exhibit_camera / editorial plate push,Recover. Store. Deploy.,,none,"ledger seconds; disassembly timing editorial, independent of ledger"
2722,30,00:01:30:21,90.7,Exhibit_camera / editorial plate push,Recover. Store. Deploy.,,none,"ledger seconds; disassembly timing editorial, independent of ledger"
2723,30,00:01:30:22,90.73333333333333,Exhibit_camera / editorial plate push,Recover. Store. Deploy.,,none,"ledger seconds; disassembly timing editorial, independent of ledger"
2724,30,00:01:30:23,90.76666666666667,Exhibit_camera / editorial plate push,Recover. Store. Deploy.,,none,"ledger seconds; disassembly timing editorial, independent of ledger"
2725,30,00:01:30:24,90.8,Exhibit_camera / editorial plate push,Recover. Store. Deploy.,,none,"ledger seconds; disassembly timing editorial, independent of ledger"
2726,30,00:01:30:25,90.83333333333333,Exhibit_camera / editorial plate push,Recover. Store. Deploy.,,none,"ledger seconds; disassembly timing editorial, independent of ledger"
2727,30,00:01:30:26,90.86666666666666,Exhibit_camera / editorial plate push,Recover. Store. Deploy.,,none,"ledger seconds; disassembly timing editorial, independent of ledger"
2728,30,00:01:30:27,90.9,Exhibit_camera / editorial plate push,Recover. Store. Deploy.,,none,"ledger seconds; disassembly timing editorial, independent of ledger"
2729,30,00:01:30:28,90.93333333333334,Exhibit_camera / editorial plate push,Recover. Store. Deploy.,,none,"ledger seconds; disassembly timing editorial, independent of ledger"
2730,30,00:01:30:29,90.96666666666667,Exhibit_camera / editorial plate push,Recover. Store. Deploy.,,none,"ledger seconds; disassembly timing editorial, independent of ledger"
2731,30,00:01:31:00,91.0,Exhibit_camera / editorial plate push,Recover. Store. Deploy.,,none,"ledger seconds; disassembly timing editorial, independent of ledger"
2732,30,00:01:31:01,91.03333333333333,Exhibit_camera / editorial plate push,Recover. Store. Deploy.,,none,"ledger seconds; disassembly timing editorial, independent of ledger"
2733,30,00:01:31:02,91.06666666666666,Exhibit_camera / editorial plate push,Recover. Store. Deploy.,,none,"ledger seconds; disassembly timing editorial, independent of ledger"
2734,30,00:01:31:03,91.1,Exhibit_camera / editorial plate push,Recover. Store. Deploy.,,none,"ledger seconds; disassembly timing editorial, independent of ledger"
2735,30,00:01:31:04,91.13333333333334,Exhibit_camera / editorial plate push,Recover. Store. Deploy.,,none,"ledger seconds; disassembly timing editorial, independent of ledger"
2736,30,00:01:31:05,91.16666666666667,Exhibit_camera / editorial plate push,Recover. Store. Deploy.,,none,"ledger seconds; disassembly timing editorial, independent of ledger"
2737,30,00:01:31:06,91.2,Exhibit_camera / editorial plate push,Recover. Store. Deploy.,,none,"ledger seconds; disassembly timing editorial, independent of ledger"
2738,30,00:01:31:07,91.23333333333333,Exhibit_camera / editorial plate push,Recover. Store. Deploy.,,none,"ledger seconds; disassembly timing editorial, independent of ledger"
2739,30,00:01:31:08,91.26666666666667,Exhibit_camera / editorial plate push,Recover. Store. Deploy.,,none,"ledger seconds; disassembly timing editorial, independent of ledger"
2740,30,00:01:31:09,91.3,Exhibit_camera / editorial plate push,Recover. Store. Deploy.,,none,"ledger seconds; disassembly timing editorial, independent of ledger"
2741,30,00:01:31:10,91.33333333333333,Exhibit_camera / editorial plate push,Recover. Store. Deploy.,,none,"ledger seconds; disassembly timing editorial, independent of ledger"
2742,30,00:01:31:11,91.36666666666666,Exhibit_camera / editorial plate push,Recover. Store. Deploy.,,none,"ledger seconds; disassembly timing editorial, independent of ledger"
2743,30,00:01:31:12,91.4,Exhibit_camera / editorial plate push,Recover. Store. Deploy.,,none,"ledger seconds; disassembly timing editorial, independent of ledger"
2744,30,00:01:31:13,91.43333333333334,Exhibit_camera / editorial plate push,Recover. Store. Deploy.,,none,"ledger seconds; disassembly timing editorial, independent of ledger"
2745,30,00:01:31:14,91.46666666666667,Exhibit_camera / editorial plate push,Recover. Store. Deploy.,,none,"ledger seconds; disassembly timing editorial, independent of ledger"
2746,30,00:01:31:15,91.5,Exhibit_camera / editorial plate push,Recover. Store. Deploy.,,none,"ledger seconds; disassembly timing editorial, independent of ledger"
2747,30,00:01:31:16,91.53333333333333,Exhibit_camera / editorial plate push,Recover. Store. Deploy.,,none,"ledger seconds; disassembly timing editorial, independent of ledger"
2748,30,00:01:31:17,91.56666666666666,Exhibit_camera / editorial plate push,Recover. Store. Deploy.,,none,"ledger seconds; disassembly timing editorial, independent of ledger"
2749,30,00:01:31:18,91.6,Exhibit_camera / editorial plate push,Recover. Store. Deploy.,,none,"ledger seconds; disassembly timing editorial, independent of ledger"
2750,30,00:01:31:19,91.63333333333334,Exhibit_camera / editorial plate push,Recover. Store. Deploy.,,none,"ledger seconds; disassembly timing editorial, independent of ledger"
2751,30,00:01:31:20,91.66666666666667,Exhibit_camera / editorial plate push,Recover. Store. Deploy.,,none,"ledger seconds; disassembly timing editorial, independent of ledger"
2752,30,00:01:31:21,91.7,Exhibit_camera / editorial plate push,Recover. Store. Deploy.,,none,"ledger seconds; disassembly timing editorial, independent of ledger"
2753,30,00:01:31:22,91.73333333333333,Exhibit_camera / editorial plate push,Recover. Store. Deploy.,,none,"ledger seconds; disassembly timing editorial, independent of ledger"
2754,30,00:01:31:23,91.76666666666667,Exhibit_camera / editorial plate push,Recover. Store. Deploy.,,none,"ledger seconds; disassembly timing editorial, independent of ledger"
2755,30,00:01:31:24,91.8,Exhibit_camera / editorial plate push,Recover. Store. Deploy.,,none,"ledger seconds; disassembly timing editorial, independent of ledger"
2756,30,00:01:31:25,91.83333333333333,Exhibit_camera / editorial plate push,Recover. Store. Deploy.,,none,"ledger seconds; disassembly timing editorial, independent of ledger"
2757,30,00:01:31:26,91.86666666666666,Exhibit_camera / editorial plate push,Recover. Store. Deploy.,,none,"ledger seconds; disassembly timing editorial, independent of ledger"
2758,30,00:01:31:27,91.9,Exhibit_camera / editorial plate push,Recover. Store. Deploy.,,none,"ledger seconds; disassembly timing editorial, independent of ledger"
2759,30,00:01:31:28,91.93333333333334,Exhibit_camera / editorial plate push,Recover. Store. Deploy.,,none,"ledger seconds; disassembly timing editorial, independent of ledger"
2760,30,00:01:31:29,91.96666666666667,Exhibit_camera / editorial plate push,Recover. Store. Deploy.,,none,"ledger seconds; disassembly timing editorial, independent of ledger"
2761,30,00:01:32:00,92.0,Exhibit_camera / editorial plate push,Recover. Store. Deploy.,,none,"ledger seconds; disassembly timing editorial, independent of ledger"
2762,30,00:01:32:01,92.03333333333333,Exhibit_camera / editorial plate push,Recover. Store. Deploy.,,none,"ledger seconds; disassembly timing editorial, independent of ledger"
2763,30,00:01:32:02,92.06666666666666,Exhibit_camera / editorial plate push,Recover. Store. Deploy.,,none,"ledger seconds; disassembly timing editorial, independent of ledger"
2764,30,00:01:32:03,92.1,Exhibit_camera / editorial plate push,Recover. Store. Deploy.,,none,"ledger seconds; disassembly timing editorial, independent of ledger"
2765,30,00:01:32:04,92.13333333333334,Exhibit_camera / editorial plate push,Recover. Store. Deploy.,,none,"ledger seconds; disassembly timing editorial, independent of ledger"
2766,30,00:01:32:05,92.16666666666667,Exhibit_camera / editorial plate push,Recover. Store. Deploy.,,none,"ledger seconds; disassembly timing editorial, independent of ledger"
2767,30,00:01:32:06,92.2,Exhibit_camera / editorial plate push,Recover. Store. Deploy.,,none,"ledger seconds; disassembly timing editorial, independent of ledger"
2768,30,00:01:32:07,92.23333333333333,Exhibit_camera / editorial plate push,Recover. Store. Deploy.,,none,"ledger seconds; disassembly timing editorial, independent of ledger"
2769,30,00:01:32:08,92.26666666666667,Exhibit_camera / editorial plate push,Recover. Store. Deploy.,,none,"ledger seconds; disassembly timing editorial, independent of ledger"
2770,30,00:01:32:09,92.3,Exhibit_camera / editorial plate push,Recover. Store. Deploy.,,none,"ledger seconds; disassembly timing editorial, independent of ledger"
2771,30,00:01:32:10,92.33333333333333,Exhibit_camera / editorial plate push,Recover. Store. Deploy.,,none,"ledger seconds; disassembly timing editorial, independent of ledger"
2772,30,00:01:32:11,92.36666666666666,Exhibit_camera / editorial plate push,Recover. Store. Deploy.,,none,"ledger seconds; disassembly timing editorial, independent of ledger"
2773,30,00:01:32:12,92.4,Exhibit_camera / editorial plate push,Recover. Store. Deploy.,,none,"ledger seconds; disassembly timing editorial, independent of ledger"
2774,30,00:01:32:13,92.43333333333334,Exhibit_camera / editorial plate push,Recover. Store. Deploy.,,none,"ledger seconds; disassembly timing editorial, independent of ledger"
2775,30,00:01:32:14,92.46666666666667,Exhibit_camera / editorial plate push,Recover. Store. Deploy.,,none,"ledger seconds; disassembly timing editorial, independent of ledger"
2776,30,00:01:32:15,92.5,Exhibit_camera / editorial plate push,Recover. Store. Deploy.,,none,"ledger seconds; disassembly timing editorial, independent of ledger"
2777,30,00:01:32:16,92.53333333333333,Exhibit_camera / editorial plate push,Recover. Store. Deploy.,,none,"ledger seconds; disassembly timing editorial, independent of ledger"
2778,30,00:01:32:17,92.56666666666666,Exhibit_camera / editorial plate push,Recover. Store. Deploy.,,none,"ledger seconds; disassembly timing editorial, independent of ledger"
2779,30,00:01:32:18,92.6,Exhibit_camera / editorial plate push,Recover. Store. Deploy.,,none,"ledger seconds; disassembly timing editorial, independent of ledger"
2780,30,00:01:32:19,92.63333333333334,Exhibit_camera / editorial plate push,Recover. Store. Deploy.,,none,"ledger seconds; disassembly timing editorial, independent of ledger"
2781,30,00:01:32:20,92.66666666666667,Exhibit_camera / editorial plate push,Recover. Store. Deploy.,,none,"ledger seconds; disassembly timing editorial, independent of ledger"
2782,30,00:01:32:21,92.7,Exhibit_camera / editorial plate push,Recover. Store. Deploy.,,none,"ledger seconds; disassembly timing editorial, independent of ledger"
2783,30,00:01:32:22,92.73333333333333,Exhibit_camera / editorial plate push,Recover. Store. Deploy.,,none,"ledger seconds; disassembly timing editorial, independent of ledger"
2784,30,00:01:32:23,92.76666666666667,Exhibit_camera / editorial plate push,Recover. Store. Deploy.,,none,"ledger seconds; disassembly timing editorial, independent of ledger"
2785,30,00:01:32:24,92.8,Exhibit_camera / editorial plate push,Recover. Store. Deploy.,,none,"ledger seconds; disassembly timing editorial, independent of ledger"
2786,30,00:01:32:25,92.83333333333333,Exhibit_camera / editorial plate push,Recover. Store. Deploy.,,none,"ledger seconds; disassembly timing editorial, independent of ledger"
2787,30,00:01:32:26,92.86666666666666,Exhibit_camera / editorial plate push,Recover. Store. Deploy.,,none,"ledger seconds; disassembly timing editorial, independent of ledger"
2788,30,00:01:32:27,92.9,Exhibit_camera / editorial plate push,Recover. Store. Deploy.,,none,"ledger seconds; disassembly timing editorial, independent of ledger"
2789,30,00:01:32:28,92.93333333333334,Exhibit_camera / editorial plate push,Recover. Store. Deploy.,,none,"ledger seconds; disassembly timing editorial, independent of ledger"
2790,30,00:01:32:29,92.96666666666667,Exhibit_camera / editorial plate push,Recover. Store. Deploy.,,none,"ledger seconds; disassembly timing editorial, independent of ledger"
2791,30,00:01:33:00,93.0,Exhibit_camera / editorial plate push,Recover. Store. Deploy.,,none,"ledger seconds; disassembly timing editorial, independent of ledger"
2792,30,00:01:33:01,93.03333333333333,Exhibit_camera / editorial plate push,Recover. Store. Deploy.,,none,"ledger seconds; disassembly timing editorial, independent of ledger"
2793,30,00:01:33:02,93.06666666666666,Exhibit_camera / editorial plate push,Recover. Store. Deploy.,,none,"ledger seconds; disassembly timing editorial, independent of ledger"
2794,30,00:01:33:03,93.1,Exhibit_camera / editorial plate push,Recover. Store. Deploy.,,none,"ledger seconds; disassembly timing editorial, independent of ledger"
2795,30,00:01:33:04,93.13333333333334,Exhibit_camera / editorial plate push,Recover. Store. Deploy.,,none,"ledger seconds; disassembly timing editorial, independent of ledger"
2796,30,00:01:33:05,93.16666666666667,Exhibit_camera / editorial plate push,Recover. Store. Deploy.,,none,"ledger seconds; disassembly timing editorial, independent of ledger"
2797,30,00:01:33:06,93.2,Exhibit_camera / editorial plate push,Recover. Store. Deploy.,,none,"ledger seconds; disassembly timing editorial, independent of ledger"
2798,30,00:01:33:07,93.23333333333333,Exhibit_camera / editorial plate push,Recover. Store. Deploy.,,none,"ledger seconds; disassembly timing editorial, independent of ledger"
2799,30,00:01:33:08,93.26666666666667,Exhibit_camera / editorial plate push,Recover. Store. Deploy.,,none,"ledger seconds; disassembly timing editorial, independent of ledger"
2800,30,00:01:33:09,93.3,Exhibit_camera / editorial plate push,Recover. Store. Deploy.,,none,"ledger seconds; disassembly timing editorial, independent of ledger"
2801,30,00:01:33:10,93.33333333333333,Exhibit_camera / editorial plate push,Recover. Store. Deploy.,,none,"ledger seconds; disassembly timing editorial, independent of ledger"
2802,30,00:01:33:11,93.36666666666666,Exhibit_camera / editorial plate push,Recover. Store. Deploy.,,none,"ledger seconds; disassembly timing editorial, independent of ledger"
2803,30,00:01:33:12,93.4,Exhibit_camera / editorial plate push,Recover. Store. Deploy.,,none,"ledger seconds; disassembly timing editorial, independent of ledger"
2804,30,00:01:33:13,93.43333333333334,Exhibit_camera / editorial plate push,Recover. Store. Deploy.,,none,"ledger seconds; disassembly timing editorial, independent of ledger"
2805,30,00:01:33:14,93.46666666666667,Exhibit_camera / editorial plate push,Recover. Store. Deploy.,,none,"ledger seconds; disassembly timing editorial, independent of ledger"
2806,30,00:01:33:15,93.5,Exhibit_camera / editorial plate push,Recover. Store. Deploy.,,none,"ledger seconds; disassembly timing editorial, independent of ledger"
2807,30,00:01:33:16,93.53333333333333,Exhibit_camera / editorial plate push,Recover. Store. Deploy.,,none,"ledger seconds; disassembly timing editorial, independent of ledger"
2808,30,00:01:33:17,93.56666666666666,Exhibit_camera / editorial plate push,Recover. Store. Deploy.,,none,"ledger seconds; disassembly timing editorial, independent of ledger"
2809,30,00:01:33:18,93.6,Exhibit_camera / editorial plate push,Recover. Store. Deploy.,,none,"ledger seconds; disassembly timing editorial, independent of ledger"
2810,30,00:01:33:19,93.63333333333334,Exhibit_camera / editorial plate push,Recover. Store. Deploy.,,none,"ledger seconds; disassembly timing editorial, independent of ledger"
2811,30,00:01:33:20,93.66666666666667,Exhibit_camera / editorial plate push,Recover. Store. Deploy.,,none,"ledger seconds; disassembly timing editorial, independent of ledger"
2812,30,00:01:33:21,93.7,Exhibit_camera / editorial plate push,Recover. Store. Deploy.,,none,"ledger seconds; disassembly timing editorial, independent of ledger"
2813,30,00:01:33:22,93.73333333333333,Exhibit_camera / editorial plate push,Recover. Store. Deploy.,,none,"ledger seconds; disassembly timing editorial, independent of ledger"
2814,30,00:01:33:23,93.76666666666667,Exhibit_camera / editorial plate push,Recover. Store. Deploy.,,none,"ledger seconds; disassembly timing editorial, independent of ledger"
2815,30,00:01:33:24,93.8,Exhibit_camera / editorial plate push,Recover. Store. Deploy.,,none,"ledger seconds; disassembly timing editorial, independent of ledger"
2816,30,00:01:33:25,93.83333333333333,Exhibit_camera / editorial plate push,Recover. Store. Deploy.,,none,"ledger seconds; disassembly timing editorial, independent of ledger"
2817,30,00:01:33:26,93.86666666666666,Exhibit_camera / editorial plate push,Recover. Store. Deploy.,,none,"ledger seconds; disassembly timing editorial, independent of ledger"
2818,30,00:01:33:27,93.9,Exhibit_camera / editorial plate push,Recover. Store. Deploy.,,none,"ledger seconds; disassembly timing editorial, independent of ledger"
2819,30,00:01:33:28,93.93333333333334,Exhibit_camera / editorial plate push,Recover. Store. Deploy.,,none,"ledger seconds; disassembly timing editorial, independent of ledger"
2820,30,00:01:33:29,93.96666666666667,Exhibit_camera / editorial plate push,Recover. Store. Deploy.,,none,"ledger seconds; disassembly timing editorial, independent of ledger"
2821,30,00:01:34:00,94.0,Exhibit_camera / editorial plate push,Recover. Store. Deploy.,,none,"ledger seconds; disassembly timing editorial, independent of ledger"
2822,30,00:01:34:01,94.03333333333333,Exhibit_camera / editorial plate push,Recover. Store. Deploy.,,none,"ledger seconds; disassembly timing editorial, independent of ledger"
2823,30,00:01:34:02,94.06666666666666,Exhibit_camera / editorial plate push,Recover. Store. Deploy.,,none,"ledger seconds; disassembly timing editorial, independent of ledger"
2824,30,00:01:34:03,94.1,Exhibit_camera / editorial plate push,Recover. Store. Deploy.,,none,"ledger seconds; disassembly timing editorial, independent of ledger"
2825,30,00:01:34:04,94.13333333333334,Exhibit_camera / editorial plate push,Recover. Store. Deploy.,,none,"ledger seconds; disassembly timing editorial, independent of ledger"
2826,30,00:01:34:05,94.16666666666667,Exhibit_camera / editorial plate push,Recover. Store. Deploy.,,none,"ledger seconds; disassembly timing editorial, independent of ledger"
2827,30,00:01:34:06,94.2,Exhibit_camera / editorial plate push,Recover. Store. Deploy.,,none,"ledger seconds; disassembly timing editorial, independent of ledger"
2828,30,00:01:34:07,94.23333333333333,Exhibit_camera / editorial plate push,Recover. Store. Deploy.,,none,"ledger seconds; disassembly timing editorial, independent of ledger"
2829,30,00:01:34:08,94.26666666666667,Exhibit_camera / editorial plate push,Recover. Store. Deploy.,,none,"ledger seconds; disassembly timing editorial, independent of ledger"
2830,30,00:01:34:09,94.3,Exhibit_camera / editorial plate push,Recover. Store. Deploy.,,none,"ledger seconds; disassembly timing editorial, independent of ledger"
2831,30,00:01:34:10,94.33333333333333,Exhibit_camera / editorial plate push,Recover. Store. Deploy.,,none,"ledger seconds; disassembly timing editorial, independent of ledger"
2832,30,00:01:34:11,94.36666666666666,Exhibit_camera / editorial plate push,Recover. Store. Deploy.,,none,"ledger seconds; disassembly timing editorial, independent of ledger"
2833,30,00:01:34:12,94.4,Exhibit_camera / editorial plate push,Recover. Store. Deploy.,,none,"ledger seconds; disassembly timing editorial, independent of ledger"
2834,30,00:01:34:13,94.43333333333334,Exhibit_camera / editorial plate push,Recover. Store. Deploy.,,none,"ledger seconds; disassembly timing editorial, independent of ledger"
2835,30,00:01:34:14,94.46666666666667,Exhibit_camera / editorial plate push,Recover. Store. Deploy.,,none,"ledger seconds; disassembly timing editorial, independent of ledger"
2836,30,00:01:34:15,94.5,Exhibit_camera / editorial plate push,Recover. Store. Deploy.,,none,"ledger seconds; disassembly timing editorial, independent of ledger"
2837,30,00:01:34:16,94.53333333333333,Exhibit_camera / editorial plate push,Recover. Store. Deploy.,,none,"ledger seconds; disassembly timing editorial, independent of ledger"
2838,30,00:01:34:17,94.56666666666666,Exhibit_camera / editorial plate push,Recover. Store. Deploy.,,none,"ledger seconds; disassembly timing editorial, independent of ledger"
2839,30,00:01:34:18,94.6,Exhibit_camera / editorial plate push,Recover. Store. Deploy.,,none,"ledger seconds; disassembly timing editorial, independent of ledger"
2840,30,00:01:34:19,94.63333333333334,Exhibit_camera / editorial plate push,Recover. Store. Deploy.,,none,"ledger seconds; disassembly timing editorial, independent of ledger"
2841,30,00:01:34:20,94.66666666666667,Exhibit_camera / editorial plate push,Recover. Store. Deploy.,,none,"ledger seconds; disassembly timing editorial, independent of ledger"
2842,30,00:01:34:21,94.7,Exhibit_camera / editorial plate push,Recover. Store. Deploy.,,none,"ledger seconds; disassembly timing editorial, independent of ledger"
2843,30,00:01:34:22,94.73333333333333,Exhibit_camera / editorial plate push,Recover. Store. Deploy.,,none,"ledger seconds; disassembly timing editorial, independent of ledger"
2844,30,00:01:34:23,94.76666666666667,Exhibit_camera / editorial plate push,Recover. Store. Deploy.,,none,"ledger seconds; disassembly timing editorial, independent of ledger"
2845,30,00:01:34:24,94.8,Exhibit_camera / editorial plate push,Recover. Store. Deploy.,,none,"ledger seconds; disassembly timing editorial, independent of ledger"
2846,30,00:01:34:25,94.83333333333333,Exhibit_camera / editorial plate push,Recover. Store. Deploy.,,none,"ledger seconds; disassembly timing editorial, independent of ledger"
2847,30,00:01:34:26,94.86666666666666,Exhibit_camera / editorial plate push,Recover. Store. Deploy.,,none,"ledger seconds; disassembly timing editorial, independent of ledger"
2848,30,00:01:34:27,94.9,Exhibit_camera / editorial plate push,Recover. Store. Deploy.,,none,"ledger seconds; disassembly timing editorial, independent of ledger"
2849,30,00:01:34:28,94.93333333333334,Exhibit_camera / editorial plate push,Recover. Store. Deploy.,,none,"ledger seconds; disassembly timing editorial, independent of ledger"
2850,30,00:01:34:29,94.96666666666667,Exhibit_camera / editorial plate push,Recover. Store. Deploy.,,none,"ledger seconds; disassembly timing editorial, independent of ledger"
2851,30,00:01:35:00,95.0,Exhibit_camera / editorial plate push,Recover. Store. Deploy.,,none,"ledger seconds; disassembly timing editorial, independent of ledger"
2852,30,00:01:35:01,95.03333333333333,Exhibit_camera / editorial plate push,Recover. Store. Deploy.,,none,"ledger seconds; disassembly timing editorial, independent of ledger"
2853,30,00:01:35:02,95.06666666666666,Exhibit_camera / editorial plate push,Recover. Store. Deploy.,,none,"ledger seconds; disassembly timing editorial, independent of ledger"
2854,30,00:01:35:03,95.1,Exhibit_camera / editorial plate push,Recover. Store. Deploy.,,none,"ledger seconds; disassembly timing editorial, independent of ledger"
2855,30,00:01:35:04,95.13333333333334,Exhibit_camera / editorial plate push,Recover. Store. Deploy.,,none,"ledger seconds; disassembly timing editorial, independent of ledger"
2856,30,00:01:35:05,95.16666666666667,Exhibit_camera / editorial plate push,Recover. Store. Deploy.,,none,"ledger seconds; disassembly timing editorial, independent of ledger"
2857,30,00:01:35:06,95.2,Exhibit_camera / editorial plate push,Recover. Store. Deploy.,,none,"ledger seconds; disassembly timing editorial, independent of ledger"
2858,30,00:01:35:07,95.23333333333333,Exhibit_camera / editorial plate push,Recover. Store. Deploy.,,none,"ledger seconds; disassembly timing editorial, independent of ledger"
2859,30,00:01:35:08,95.26666666666667,Exhibit_camera / editorial plate push,Recover. Store. Deploy.,,none,"ledger seconds; disassembly timing editorial, independent of ledger"
2860,30,00:01:35:09,95.3,Exhibit_camera / editorial plate push,Recover. Store. Deploy.,,none,"ledger seconds; disassembly timing editorial, independent of ledger"
2861,30,00:01:35:10,95.33333333333333,Exhibit_camera / editorial plate push,Recover. Store. Deploy.,,none,"ledger seconds; disassembly timing editorial, independent of ledger"
2862,30,00:01:35:11,95.36666666666666,Exhibit_camera / editorial plate push,Recover. Store. Deploy.,,none,"ledger seconds; disassembly timing editorial, independent of ledger"
2863,30,00:01:35:12,95.4,Exhibit_camera / editorial plate push,Recover. Store. Deploy.,,none,"ledger seconds; disassembly timing editorial, independent of ledger"
2864,30,00:01:35:13,95.43333333333334,Exhibit_camera / editorial plate push,Recover. Store. Deploy.,,none,"ledger seconds; disassembly timing editorial, independent of ledger"
2865,30,00:01:35:14,95.46666666666667,Exhibit_camera / editorial plate push,Recover. Store. Deploy.,,none,"ledger seconds; disassembly timing editorial, independent of ledger"
2866,30,00:01:35:15,95.5,Exhibit_camera / editorial plate push,Recover. Store. Deploy.,,none,"ledger seconds; disassembly timing editorial, independent of ledger"
2867,30,00:01:35:16,95.53333333333333,Exhibit_camera / editorial plate push,Recover. Store. Deploy.,,none,"ledger seconds; disassembly timing editorial, independent of ledger"
2868,30,00:01:35:17,95.56666666666666,Exhibit_camera / editorial plate push,Recover. Store. Deploy.,,none,"ledger seconds; disassembly timing editorial, independent of ledger"
2869,30,00:01:35:18,95.6,Exhibit_camera / editorial plate push,Recover. Store. Deploy.,,none,"ledger seconds; disassembly timing editorial, independent of ledger"
2870,30,00:01:35:19,95.63333333333334,Exhibit_camera / editorial plate push,Recover. Store. Deploy.,,none,"ledger seconds; disassembly timing editorial, independent of ledger"
2871,30,00:01:35:20,95.66666666666667,Exhibit_camera / editorial plate push,Recover. Store. Deploy.,,none,"ledger seconds; disassembly timing editorial, independent of ledger"
2872,30,00:01:35:21,95.7,Exhibit_camera / editorial plate push,Recover. Store. Deploy.,,none,"ledger seconds; disassembly timing editorial, independent of ledger"
2873,30,00:01:35:22,95.73333333333333,Exhibit_camera / editorial plate push,Recover. Store. Deploy.,,none,"ledger seconds; disassembly timing editorial, independent of ledger"
2874,30,00:01:35:23,95.76666666666667,Exhibit_camera / editorial plate push,Recover. Store. Deploy.,,none,"ledger seconds; disassembly timing editorial, independent of ledger"
2875,30,00:01:35:24,95.8,Exhibit_camera / editorial plate push,Recover. Store. Deploy.,,none,"ledger seconds; disassembly timing editorial, independent of ledger"
2876,30,00:01:35:25,95.83333333333333,Exhibit_camera / editorial plate push,Recover. Store. Deploy.,,none,"ledger seconds; disassembly timing editorial, independent of ledger"
2877,30,00:01:35:26,95.86666666666666,Exhibit_camera / editorial plate push,Recover. Store. Deploy.,,none,"ledger seconds; disassembly timing editorial, independent of ledger"
2878,30,00:01:35:27,95.9,Exhibit_camera / editorial plate push,Recover. Store. Deploy.,,none,"ledger seconds; disassembly timing editorial, independent of ledger"
2879,30,00:01:35:28,95.93333333333334,Exhibit_camera / editorial plate push,Recover. Store. Deploy.,,none,"ledger seconds; disassembly timing editorial, independent of ledger"
2880,30,00:01:35:29,95.96666666666667,Exhibit_camera / editorial plate push,Recover. Store. Deploy.,,none,"ledger seconds; disassembly timing editorial, independent of ledger"
2881,30,00:01:36:00,96.0,Exhibit_camera / editorial plate push,Recover. Store. Deploy.,,none,"ledger seconds; disassembly timing editorial, independent of ledger"
2882,30,00:01:36:01,96.03333333333333,Exhibit_camera / editorial plate push,Recover. Store. Deploy.,,none,"ledger seconds; disassembly timing editorial, independent of ledger"
2883,30,00:01:36:02,96.06666666666666,Exhibit_camera / editorial plate push,Recover. Store. Deploy.,,none,"ledger seconds; disassembly timing editorial, independent of ledger"
2884,30,00:01:36:03,96.1,Exhibit_camera / editorial plate push,Recover. Store. Deploy.,,none,"ledger seconds; disassembly timing editorial, independent of ledger"
2885,30,00:01:36:04,96.13333333333334,Exhibit_camera / editorial plate push,Recover. Store. Deploy.,,none,"ledger seconds; disassembly timing editorial, independent of ledger"
2886,30,00:01:36:05,96.16666666666667,Exhibit_camera / editorial plate push,Recover. Store. Deploy.,,none,"ledger seconds; disassembly timing editorial, independent of ledger"
2887,30,00:01:36:06,96.2,Exhibit_camera / editorial plate push,Recover. Store. Deploy.,,none,"ledger seconds; disassembly timing editorial, independent of ledger"
2888,30,00:01:36:07,96.23333333333333,Exhibit_camera / editorial plate push,Recover. Store. Deploy.,,none,"ledger seconds; disassembly timing editorial, independent of ledger"
2889,30,00:01:36:08,96.26666666666667,Exhibit_camera / editorial plate push,Recover. Store. Deploy.,,none,"ledger seconds; disassembly timing editorial, independent of ledger"
2890,30,00:01:36:09,96.3,Exhibit_camera / editorial plate push,Recover. Store. Deploy.,,none,"ledger seconds; disassembly timing editorial, independent of ledger"
2891,30,00:01:36:10,96.33333333333333,Exhibit_camera / editorial plate push,Recover. Store. Deploy.,,none,"ledger seconds; disassembly timing editorial, independent of ledger"
2892,30,00:01:36:11,96.36666666666666,Exhibit_camera / editorial plate push,Recover. Store. Deploy.,,none,"ledger seconds; disassembly timing editorial, independent of ledger"
2893,30,00:01:36:12,96.4,Exhibit_camera / editorial plate push,Recover. Store. Deploy.,,none,"ledger seconds; disassembly timing editorial, independent of ledger"
2894,30,00:01:36:13,96.43333333333334,Exhibit_camera / editorial plate push,Recover. Store. Deploy.,,none,"ledger seconds; disassembly timing editorial, independent of ledger"
2895,30,00:01:36:14,96.46666666666667,Exhibit_camera / editorial plate push,Recover. Store. Deploy.,,none,"ledger seconds; disassembly timing editorial, independent of ledger"
2896,30,00:01:36:15,96.5,Exhibit_camera / editorial plate push,Recover. Store. Deploy.,,none,"ledger seconds; disassembly timing editorial, independent of ledger"
2897,30,00:01:36:16,96.53333333333333,Exhibit_camera / editorial plate push,Recover. Store. Deploy.,,none,"ledger seconds; disassembly timing editorial, independent of ledger"
2898,30,00:01:36:17,96.56666666666666,Exhibit_camera / editorial plate push,Recover. Store. Deploy.,,none,"ledger seconds; disassembly timing editorial, independent of ledger"
2899,30,00:01:36:18,96.6,Exhibit_camera / editorial plate push,Recover. Store. Deploy.,,none,"ledger seconds; disassembly timing editorial, independent of ledger"
2900,30,00:01:36:19,96.63333333333334,Exhibit_camera / editorial plate push,Recover. Store. Deploy.,,none,"ledger seconds; disassembly timing editorial, independent of ledger"
2901,30,00:01:36:20,96.66666666666667,Exhibit_camera / editorial plate push,Recover. Store. Deploy.,,none,"ledger seconds; disassembly timing editorial, independent of ledger"
2902,30,00:01:36:21,96.7,Exhibit_camera / editorial plate push,Recover. Store. Deploy.,,none,"ledger seconds; disassembly timing editorial, independent of ledger"
2903,30,00:01:36:22,96.73333333333333,Exhibit_camera / editorial plate push,Recover. Store. Deploy.,,none,"ledger seconds; disassembly timing editorial, independent of ledger"
2904,30,00:01:36:23,96.76666666666667,Exhibit_camera / editorial plate push,Recover. Store. Deploy.,,none,"ledger seconds; disassembly timing editorial, independent of ledger"
2905,30,00:01:36:24,96.8,Exhibit_camera / editorial plate push,Recover. Store. Deploy.,,none,"ledger seconds; disassembly timing editorial, independent of ledger"
2906,30,00:01:36:25,96.83333333333333,Exhibit_camera / editorial plate push,Recover. Store. Deploy.,,none,"ledger seconds; disassembly timing editorial, independent of ledger"
2907,30,00:01:36:26,96.86666666666666,Exhibit_camera / editorial plate push,Recover. Store. Deploy.,,none,"ledger seconds; disassembly timing editorial, independent of ledger"
2908,30,00:01:36:27,96.9,Exhibit_camera / editorial plate push,Recover. Store. Deploy.,,none,"ledger seconds; disassembly timing editorial, independent of ledger"
2909,30,00:01:36:28,96.93333333333334,Exhibit_camera / editorial plate push,Recover. Store. Deploy.,,none,"ledger seconds; disassembly timing editorial, independent of ledger"
2910,30,00:01:36:29,96.96666666666667,Exhibit_camera / editorial plate push,Recover. Store. Deploy.,,none,"ledger seconds; disassembly timing editorial, independent of ledger"
2911,30,00:01:37:00,97.0,Exhibit_camera / editorial plate push,Recover. Store. Deploy.,,none,"ledger seconds; disassembly timing editorial, independent of ledger"
2912,30,00:01:37:01,97.03333333333333,Exhibit_camera / editorial plate push,Recover. Store. Deploy.,,none,"ledger seconds; disassembly timing editorial, independent of ledger"
2913,30,00:01:37:02,97.06666666666666,Exhibit_camera / editorial plate push,Recover. Store. Deploy.,,none,"ledger seconds; disassembly timing editorial, independent of ledger"
2914,30,00:01:37:03,97.1,Exhibit_camera / editorial plate push,Recover. Store. Deploy.,,none,"ledger seconds; disassembly timing editorial, independent of ledger"
2915,30,00:01:37:04,97.13333333333334,Exhibit_camera / editorial plate push,Recover. Store. Deploy.,,none,"ledger seconds; disassembly timing editorial, independent of ledger"
2916,30,00:01:37:05,97.16666666666667,Exhibit_camera / editorial plate push,Recover. Store. Deploy.,,none,"ledger seconds; disassembly timing editorial, independent of ledger"
2917,30,00:01:37:06,97.2,Exhibit_camera / editorial plate push,Recover. Store. Deploy.,,none,"ledger seconds; disassembly timing editorial, independent of ledger"
2918,30,00:01:37:07,97.23333333333333,Exhibit_camera / editorial plate push,Recover. Store. Deploy.,,none,"ledger seconds; disassembly timing editorial, independent of ledger"
2919,30,00:01:37:08,97.26666666666667,Exhibit_camera / editorial plate push,Recover. Store. Deploy.,,none,"ledger seconds; disassembly timing editorial, independent of ledger"
2920,30,00:01:37:09,97.3,Exhibit_camera / editorial plate push,Recover. Store. Deploy.,,none,"ledger seconds; disassembly timing editorial, independent of ledger"
2921,30,00:01:37:10,97.33333333333333,Exhibit_camera / editorial plate push,Recover. Store. Deploy.,,none,"ledger seconds; disassembly timing editorial, independent of ledger"
2922,30,00:01:37:11,97.36666666666666,Exhibit_camera / editorial plate push,Recover. Store. Deploy.,,none,"ledger seconds; disassembly timing editorial, independent of ledger"
2923,30,00:01:37:12,97.4,Exhibit_camera / editorial plate push,Recover. Store. Deploy.,,none,"ledger seconds; disassembly timing editorial, independent of ledger"
2924,30,00:01:37:13,97.43333333333334,Exhibit_camera / editorial plate push,Recover. Store. Deploy.,,none,"ledger seconds; disassembly timing editorial, independent of ledger"
2925,30,00:01:37:14,97.46666666666667,Exhibit_camera / editorial plate push,Recover. Store. Deploy.,,none,"ledger seconds; disassembly timing editorial, independent of ledger"
2926,30,00:01:37:15,97.5,Exhibit_camera / editorial plate push,Recover. Store. Deploy.,,none,"ledger seconds; disassembly timing editorial, independent of ledger"
2927,30,00:01:37:16,97.53333333333333,Exhibit_camera / editorial plate push,Recover. Store. Deploy.,,none,"ledger seconds; disassembly timing editorial, independent of ledger"
2928,30,00:01:37:17,97.56666666666666,Exhibit_camera / editorial plate push,Recover. Store. Deploy.,,none,"ledger seconds; disassembly timing editorial, independent of ledger"
2929,30,00:01:37:18,97.6,Exhibit_camera / editorial plate push,Recover. Store. Deploy.,,none,"ledger seconds; disassembly timing editorial, independent of ledger"
2930,30,00:01:37:19,97.63333333333334,Exhibit_camera / editorial plate push,Recover. Store. Deploy.,,none,"ledger seconds; disassembly timing editorial, independent of ledger"
2931,30,00:01:37:20,97.66666666666667,Exhibit_camera / editorial plate push,Recover. Store. Deploy.,,none,"ledger seconds; disassembly timing editorial, independent of ledger"
2932,30,00:01:37:21,97.7,Exhibit_camera / editorial plate push,Recover. Store. Deploy.,,none,"ledger seconds; disassembly timing editorial, independent of ledger"
2933,30,00:01:37:22,97.73333333333333,Exhibit_camera / editorial plate push,Recover. Store. Deploy.,,none,"ledger seconds; disassembly timing editorial, independent of ledger"
2934,30,00:01:37:23,97.76666666666667,Exhibit_camera / editorial plate push,Recover. Store. Deploy.,,none,"ledger seconds; disassembly timing editorial, independent of ledger"
2935,30,00:01:37:24,97.8,Exhibit_camera / editorial plate push,Recover. Store. Deploy.,,none,"ledger seconds; disassembly timing editorial, independent of ledger"
2936,30,00:01:37:25,97.83333333333333,Exhibit_camera / editorial plate push,Recover. Store. Deploy.,,none,"ledger seconds; disassembly timing editorial, independent of ledger"
2937,30,00:01:37:26,97.86666666666666,Exhibit_camera / editorial plate push,Recover. Store. Deploy.,,none,"ledger seconds; disassembly timing editorial, independent of ledger"
2938,30,00:01:37:27,97.9,Exhibit_camera / editorial plate push,Recover. Store. Deploy.,,none,"ledger seconds; disassembly timing editorial, independent of ledger"
2939,30,00:01:37:28,97.93333333333334,Exhibit_camera / editorial plate push,Recover. Store. Deploy.,,none,"ledger seconds; disassembly timing editorial, independent of ledger"
2940,30,00:01:37:29,97.96666666666667,Exhibit_camera / editorial plate push,Recover. Store. Deploy.,,none,"ledger seconds; disassembly timing editorial, independent of ledger"
2941,30,00:01:38:00,98.0,Exhibit_camera / editorial plate push,Recover. Store. Deploy.,,none,"ledger seconds; disassembly timing editorial, independent of ledger"
2942,30,00:01:38:01,98.03333333333333,Exhibit_camera / editorial plate push,Recover. Store. Deploy.,,none,"ledger seconds; disassembly timing editorial, independent of ledger"
2943,30,00:01:38:02,98.06666666666666,Exhibit_camera / editorial plate push,Recover. Store. Deploy.,,none,"ledger seconds; disassembly timing editorial, independent of ledger"
2944,30,00:01:38:03,98.1,Exhibit_camera / editorial plate push,Recover. Store. Deploy.,,none,"ledger seconds; disassembly timing editorial, independent of ledger"
2945,30,00:01:38:04,98.13333333333334,Exhibit_camera / editorial plate push,Recover. Store. Deploy.,,none,"ledger seconds; disassembly timing editorial, independent of ledger"
2946,30,00:01:38:05,98.16666666666667,Exhibit_camera / editorial plate push,Recover. Store. Deploy.,,none,"ledger seconds; disassembly timing editorial, independent of ledger"
2947,30,00:01:38:06,98.2,Exhibit_camera / editorial plate push,Recover. Store. Deploy.,,none,"ledger seconds; disassembly timing editorial, independent of ledger"
2948,30,00:01:38:07,98.23333333333333,Exhibit_camera / editorial plate push,Recover. Store. Deploy.,,none,"ledger seconds; disassembly timing editorial, independent of ledger"
2949,30,00:01:38:08,98.26666666666667,Exhibit_camera / editorial plate push,Recover. Store. Deploy.,,none,"ledger seconds; disassembly timing editorial, independent of ledger"
2950,30,00:01:38:09,98.3,Exhibit_camera / editorial plate push,Recover. Store. Deploy.,,none,"ledger seconds; disassembly timing editorial, independent of ledger"
2951,30,00:01:38:10,98.33333333333333,Exhibit_camera / editorial plate push,Recover. Store. Deploy.,,none,"ledger seconds; disassembly timing editorial, independent of ledger"
2952,30,00:01:38:11,98.36666666666666,Exhibit_camera / editorial plate push,Recover. Store. Deploy.,,none,"ledger seconds; disassembly timing editorial, independent of ledger"
2953,30,00:01:38:12,98.4,Exhibit_camera / editorial plate push,Recover. Store. Deploy.,,none,"ledger seconds; disassembly timing editorial, independent of ledger"
2954,30,00:01:38:13,98.43333333333334,Exhibit_camera / editorial plate push,Recover. Store. Deploy.,,none,"ledger seconds; disassembly timing editorial, independent of ledger"
2955,30,00:01:38:14,98.46666666666667,Exhibit_camera / editorial plate push,Recover. Store. Deploy.,,none,"ledger seconds; disassembly timing editorial, independent of ledger"
2956,30,00:01:38:15,98.5,Exhibit_camera / editorial plate push,Recover. Store. Deploy.,,none,"ledger seconds; disassembly timing editorial, independent of ledger"
2957,30,00:01:38:16,98.53333333333333,Exhibit_camera / editorial plate push,Recover. Store. Deploy.,,none,"ledger seconds; disassembly timing editorial, independent of ledger"
2958,30,00:01:38:17,98.56666666666666,Exhibit_camera / editorial plate push,Recover. Store. Deploy.,,none,"ledger seconds; disassembly timing editorial, independent of ledger"
2959,30,00:01:38:18,98.6,Exhibit_camera / editorial plate push,Recover. Store. Deploy.,,none,"ledger seconds; disassembly timing editorial, independent of ledger"
2960,30,00:01:38:19,98.63333333333334,Exhibit_camera / editorial plate push,Recover. Store. Deploy.,,none,"ledger seconds; disassembly timing editorial, independent of ledger"
2961,30,00:01:38:20,98.66666666666667,Exhibit_camera / editorial plate push,Recover. Store. Deploy.,,none,"ledger seconds; disassembly timing editorial, independent of ledger"
2962,30,00:01:38:21,98.7,Exhibit_camera / editorial plate push,Recover. Store. Deploy.,,none,"ledger seconds; disassembly timing editorial, independent of ledger"
2963,30,00:01:38:22,98.73333333333333,Exhibit_camera / editorial plate push,Recover. Store. Deploy.,,none,"ledger seconds; disassembly timing editorial, independent of ledger"
2964,30,00:01:38:23,98.76666666666667,Exhibit_camera / editorial plate push,Recover. Store. Deploy.,,none,"ledger seconds; disassembly timing editorial, independent of ledger"
2965,30,00:01:38:24,98.8,Exhibit_camera / editorial plate push,Recover. Store. Deploy.,,none,"ledger seconds; disassembly timing editorial, independent of ledger"
2966,30,00:01:38:25,98.83333333333333,Exhibit_camera / editorial plate push,Recover. Store. Deploy.,,none,"ledger seconds; disassembly timing editorial, independent of ledger"
2967,30,00:01:38:26,98.86666666666666,Exhibit_camera / editorial plate push,Recover. Store. Deploy.,,none,"ledger seconds; disassembly timing editorial, independent of ledger"
2968,30,00:01:38:27,98.9,Exhibit_camera / editorial plate push,Recover. Store. Deploy.,,none,"ledger seconds; disassembly timing editorial, independent of ledger"
2969,30,00:01:38:28,98.93333333333334,Exhibit_camera / editorial plate push,Recover. Store. Deploy.,,none,"ledger seconds; disassembly timing editorial, independent of ledger"
2970,30,00:01:38:29,98.96666666666667,Exhibit_camera / editorial plate push,Recover. Store. Deploy.,,none,"ledger seconds; disassembly timing editorial, independent of ledger"
2971,30,00:01:39:00,99.0,Exhibit_camera / editorial plate push,Recover. Store. Deploy.,,none,"ledger seconds; disassembly timing editorial, independent of ledger"
2972,30,00:01:39:01,99.03333333333333,Exhibit_camera / editorial plate push,Recover. Store. Deploy.,,none,"ledger seconds; disassembly timing editorial, independent of ledger"
2973,30,00:01:39:02,99.06666666666666,Exhibit_camera / editorial plate push,Recover. Store. Deploy.,,none,"ledger seconds; disassembly timing editorial, independent of ledger"
2974,30,00:01:39:03,99.1,Exhibit_camera / editorial plate push,Recover. Store. Deploy.,,none,"ledger seconds; disassembly timing editorial, independent of ledger"
2975,30,00:01:39:04,99.13333333333334,Exhibit_camera / editorial plate push,Recover. Store. Deploy.,,none,"ledger seconds; disassembly timing editorial, independent of ledger"
2976,30,00:01:39:05,99.16666666666667,Exhibit_camera / editorial plate push,Recover. Store. Deploy.,,none,"ledger seconds; disassembly timing editorial, independent of ledger"
2977,30,00:01:39:06,99.2,Exhibit_camera / editorial plate push,Recover. Store. Deploy.,,none,"ledger seconds; disassembly timing editorial, independent of ledger"
2978,30,00:01:39:07,99.23333333333333,Exhibit_camera / editorial plate push,Recover. Store. Deploy.,,none,"ledger seconds; disassembly timing editorial, independent of ledger"
2979,30,00:01:39:08,99.26666666666667,Exhibit_camera / editorial plate push,Recover. Store. Deploy.,,none,"ledger seconds; disassembly timing editorial, independent of ledger"
2980,30,00:01:39:09,99.3,Exhibit_camera / editorial plate push,Recover. Store. Deploy.,,none,"ledger seconds; disassembly timing editorial, independent of ledger"
2981,30,00:01:39:10,99.33333333333333,Exhibit_camera / editorial plate push,Recover. Store. Deploy.,,none,"ledger seconds; disassembly timing editorial, independent of ledger"
2982,30,00:01:39:11,99.36666666666666,Exhibit_camera / editorial plate push,Recover. Store. Deploy.,,none,"ledger seconds; disassembly timing editorial, independent of ledger"
2983,30,00:01:39:12,99.4,Exhibit_camera / editorial plate push,Recover. Store. Deploy.,,none,"ledger seconds; disassembly timing editorial, independent of ledger"
2984,30,00:01:39:13,99.43333333333334,Exhibit_camera / editorial plate push,Recover. Store. Deploy.,,none,"ledger seconds; disassembly timing editorial, independent of ledger"
2985,30,00:01:39:14,99.46666666666667,Exhibit_camera / editorial plate push,Recover. Store. Deploy.,,none,"ledger seconds; disassembly timing editorial, independent of ledger"
2986,30,00:01:39:15,99.5,Exhibit_camera / editorial plate push,Recover. Store. Deploy.,,none,"ledger seconds; disassembly timing editorial, independent of ledger"
2987,30,00:01:39:16,99.53333333333333,Exhibit_camera / editorial plate push,Recover. Store. Deploy.,,none,"ledger seconds; disassembly timing editorial, independent of ledger"
2988,30,00:01:39:17,99.56666666666666,Exhibit_camera / editorial plate push,Recover. Store. Deploy.,,none,"ledger seconds; disassembly timing editorial, independent of ledger"
2989,30,00:01:39:18,99.6,Exhibit_camera / editorial plate push,Recover. Store. Deploy.,,none,"ledger seconds; disassembly timing editorial, independent of ledger"
2990,30,00:01:39:19,99.63333333333334,Exhibit_camera / editorial plate push,Recover. Store. Deploy.,,none,"ledger seconds; disassembly timing editorial, independent of ledger"
2991,30,00:01:39:20,99.66666666666667,Exhibit_camera / editorial plate push,Recover. Store. Deploy.,,none,"ledger seconds; disassembly timing editorial, independent of ledger"
2992,30,00:01:39:21,99.7,Exhibit_camera / editorial plate push,Recover. Store. Deploy.,,none,"ledger seconds; disassembly timing editorial, independent of ledger"
2993,30,00:01:39:22,99.73333333333333,Exhibit_camera / editorial plate push,Recover. Store. Deploy.,,none,"ledger seconds; disassembly timing editorial, independent of ledger"
2994,30,00:01:39:23,99.76666666666667,Exhibit_camera / editorial plate push,Recover. Store. Deploy.,,none,"ledger seconds; disassembly timing editorial, independent of ledger"
2995,30,00:01:39:24,99.8,Exhibit_camera / editorial plate push,Recover. Store. Deploy.,,none,"ledger seconds; disassembly timing editorial, independent of ledger"
2996,30,00:01:39:25,99.83333333333333,Exhibit_camera / editorial plate push,Recover. Store. Deploy.,,none,"ledger seconds; disassembly timing editorial, independent of ledger"
2997,30,00:01:39:26,99.86666666666666,Exhibit_camera / editorial plate push,Recover. Store. Deploy.,,none,"ledger seconds; disassembly timing editorial, independent of ledger"
2998,30,00:01:39:27,99.9,Exhibit_camera / editorial plate push,Recover. Store. Deploy.,,none,"ledger seconds; disassembly timing editorial, independent of ledger"
2999,30,00:01:39:28,99.93333333333334,Exhibit_camera / editorial plate push,Recover. Store. Deploy.,,none,"ledger seconds; disassembly timing editorial, independent of ledger"
3000,30,00:01:39:29,99.96666666666667,Exhibit_camera / editorial plate push,Recover. Store. Deploy.,,none,"ledger seconds; disassembly timing editorial, independent of ledger"
3001,30,00:01:40:00,100.0,Exhibit_camera / editorial plate push,The quiet part of going fast,"The battery buffers energy while control electronics manage charging and deployment. Four megajoules divided by one hundred and twenty kilowatts gives thirty three point three seconds before losses. Direct heat generator supply is separate. For twenty twenty six, the heat generator was removed and maximum kinetic generator power increased.",none,"ledger seconds; disassembly timing editorial, independent of ledger"
3002,30,00:01:40:01,100.03333333333333,Exhibit_camera / editorial plate push,The quiet part of going fast,,none,"ledger seconds; disassembly timing editorial, independent of ledger"
3003,30,00:01:40:02,100.06666666666666,Exhibit_camera / editorial plate push,The quiet part of going fast,,none,"ledger seconds; disassembly timing editorial, independent of ledger"
3004,30,00:01:40:03,100.1,Exhibit_camera / editorial plate push,The quiet part of going fast,,none,"ledger seconds; disassembly timing editorial, independent of ledger"
3005,30,00:01:40:04,100.13333333333334,Exhibit_camera / editorial plate push,The quiet part of going fast,,none,"ledger seconds; disassembly timing editorial, independent of ledger"
3006,30,00:01:40:05,100.16666666666667,Exhibit_camera / editorial plate push,The quiet part of going fast,,none,"ledger seconds; disassembly timing editorial, independent of ledger"
3007,30,00:01:40:06,100.2,Exhibit_camera / editorial plate push,The quiet part of going fast,,none,"ledger seconds; disassembly timing editorial, independent of ledger"
3008,30,00:01:40:07,100.23333333333333,Exhibit_camera / editorial plate push,The quiet part of going fast,,none,"ledger seconds; disassembly timing editorial, independent of ledger"
3009,30,00:01:40:08,100.26666666666667,Exhibit_camera / editorial plate push,The quiet part of going fast,,none,"ledger seconds; disassembly timing editorial, independent of ledger"
3010,30,00:01:40:09,100.3,Exhibit_camera / editorial plate push,The quiet part of going fast,,none,"ledger seconds; disassembly timing editorial, independent of ledger"
3011,30,00:01:40:10,100.33333333333333,Exhibit_camera / editorial plate push,The quiet part of going fast,,none,"ledger seconds; disassembly timing editorial, independent of ledger"
3012,30,00:01:40:11,100.36666666666666,Exhibit_camera / editorial plate push,The quiet part of going fast,,none,"ledger seconds; disassembly timing editorial, independent of ledger"
3013,30,00:01:40:12,100.4,Exhibit_camera / editorial plate push,The quiet part of going fast,,none,"ledger seconds; disassembly timing editorial, independent of ledger"
3014,30,00:01:40:13,100.43333333333334,Exhibit_camera / editorial plate push,The quiet part of going fast,,none,"ledger seconds; disassembly timing editorial, independent of ledger"
3015,30,00:01:40:14,100.46666666666667,Exhibit_camera / editorial plate push,The quiet part of going fast,,none,"ledger seconds; disassembly timing editorial, independent of ledger"
3016,30,00:01:40:15,100.5,Exhibit_camera / editorial plate push,The quiet part of going fast,,none,"ledger seconds; disassembly timing editorial, independent of ledger"
3017,30,00:01:40:16,100.53333333333333,Exhibit_camera / editorial plate push,The quiet part of going fast,,none,"ledger seconds; disassembly timing editorial, independent of ledger"
3018,30,00:01:40:17,100.56666666666666,Exhibit_camera / editorial plate push,The quiet part of going fast,,none,"ledger seconds; disassembly timing editorial, independent of ledger"
3019,30,00:01:40:18,100.6,Exhibit_camera / editorial plate push,The quiet part of going fast,,none,"ledger seconds; disassembly timing editorial, independent of ledger"
3020,30,00:01:40:19,100.63333333333334,Exhibit_camera / editorial plate push,The quiet part of going fast,,none,"ledger seconds; disassembly timing editorial, independent of ledger"
3021,30,00:01:40:20,100.66666666666667,Exhibit_camera / editorial plate push,The quiet part of going fast,,none,"ledger seconds; disassembly timing editorial, independent of ledger"
3022,30,00:01:40:21,100.7,Exhibit_camera / editorial plate push,The quiet part of going fast,,none,"ledger seconds; disassembly timing editorial, independent of ledger"
3023,30,00:01:40:22,100.73333333333333,Exhibit_camera / editorial plate push,The quiet part of going fast,,none,"ledger seconds; disassembly timing editorial, independent of ledger"
3024,30,00:01:40:23,100.76666666666667,Exhibit_camera / editorial plate push,The quiet part of going fast,,none,"ledger seconds; disassembly timing editorial, independent of ledger"
3025,30,00:01:40:24,100.8,Exhibit_camera / editorial plate push,The quiet part of going fast,,none,"ledger seconds; disassembly timing editorial, independent of ledger"
3026,30,00:01:40:25,100.83333333333333,Exhibit_camera / editorial plate push,The quiet part of going fast,,none,"ledger seconds; disassembly timing editorial, independent of ledger"
3027,30,00:01:40:26,100.86666666666666,Exhibit_camera / editorial plate push,The quiet part of going fast,,none,"ledger seconds; disassembly timing editorial, independent of ledger"
3028,30,00:01:40:27,100.9,Exhibit_camera / editorial plate push,The quiet part of going fast,,none,"ledger seconds; disassembly timing editorial, independent of ledger"
3029,30,00:01:40:28,100.93333333333334,Exhibit_camera / editorial plate push,The quiet part of going fast,,none,"ledger seconds; disassembly timing editorial, independent of ledger"
3030,30,00:01:40:29,100.96666666666667,Exhibit_camera / editorial plate push,The quiet part of going fast,,none,"ledger seconds; disassembly timing editorial, independent of ledger"
3031,30,00:01:41:00,101.0,Exhibit_camera / editorial plate push,The quiet part of going fast,,none,"ledger seconds; disassembly timing editorial, independent of ledger"
3032,30,00:01:41:01,101.03333333333333,Exhibit_camera / editorial plate push,The quiet part of going fast,,none,"ledger seconds; disassembly timing editorial, independent of ledger"
3033,30,00:01:41:02,101.06666666666666,Exhibit_camera / editorial plate push,The quiet part of going fast,,none,"ledger seconds; disassembly timing editorial, independent of ledger"
3034,30,00:01:41:03,101.1,Exhibit_camera / editorial plate push,The quiet part of going fast,,none,"ledger seconds; disassembly timing editorial, independent of ledger"
3035,30,00:01:41:04,101.13333333333334,Exhibit_camera / editorial plate push,The quiet part of going fast,,none,"ledger seconds; disassembly timing editorial, independent of ledger"
3036,30,00:01:41:05,101.16666666666667,Exhibit_camera / editorial plate push,The quiet part of going fast,,none,"ledger seconds; disassembly timing editorial, independent of ledger"
3037,30,00:01:41:06,101.2,Exhibit_camera / editorial plate push,The quiet part of going fast,,none,"ledger seconds; disassembly timing editorial, independent of ledger"
3038,30,00:01:41:07,101.23333333333333,Exhibit_camera / editorial plate push,The quiet part of going fast,,none,"ledger seconds; disassembly timing editorial, independent of ledger"
3039,30,00:01:41:08,101.26666666666667,Exhibit_camera / editorial plate push,The quiet part of going fast,,none,"ledger seconds; disassembly timing editorial, independent of ledger"
3040,30,00:01:41:09,101.3,Exhibit_camera / editorial plate push,The quiet part of going fast,,none,"ledger seconds; disassembly timing editorial, independent of ledger"
3041,30,00:01:41:10,101.33333333333333,Exhibit_camera / editorial plate push,The quiet part of going fast,,none,"ledger seconds; disassembly timing editorial, independent of ledger"
3042,30,00:01:41:11,101.36666666666666,Exhibit_camera / editorial plate push,The quiet part of going fast,,none,"ledger seconds; disassembly timing editorial, independent of ledger"
3043,30,00:01:41:12,101.4,Exhibit_camera / editorial plate push,The quiet part of going fast,,none,"ledger seconds; disassembly timing editorial, independent of ledger"
3044,30,00:01:41:13,101.43333333333334,Exhibit_camera / editorial plate push,The quiet part of going fast,,none,"ledger seconds; disassembly timing editorial, independent of ledger"
3045,30,00:01:41:14,101.46666666666667,Exhibit_camera / editorial plate push,The quiet part of going fast,,none,"ledger seconds; disassembly timing editorial, independent of ledger"
3046,30,00:01:41:15,101.5,Exhibit_camera / editorial plate push,The quiet part of going fast,,none,"ledger seconds; disassembly timing editorial, independent of ledger"
3047,30,00:01:41:16,101.53333333333333,Exhibit_camera / editorial plate push,The quiet part of going fast,,none,"ledger seconds; disassembly timing editorial, independent of ledger"
3048,30,00:01:41:17,101.56666666666666,Exhibit_camera / editorial plate push,The quiet part of going fast,,none,"ledger seconds; disassembly timing editorial, independent of ledger"
3049,30,00:01:41:18,101.6,Exhibit_camera / editorial plate push,The quiet part of going fast,,none,"ledger seconds; disassembly timing editorial, independent of ledger"
3050,30,00:01:41:19,101.63333333333334,Exhibit_camera / editorial plate push,The quiet part of going fast,,none,"ledger seconds; disassembly timing editorial, independent of ledger"
3051,30,00:01:41:20,101.66666666666667,Exhibit_camera / editorial plate push,The quiet part of going fast,,none,"ledger seconds; disassembly timing editorial, independent of ledger"
3052,30,00:01:41:21,101.7,Exhibit_camera / editorial plate push,The quiet part of going fast,,none,"ledger seconds; disassembly timing editorial, independent of ledger"
3053,30,00:01:41:22,101.73333333333333,Exhibit_camera / editorial plate push,The quiet part of going fast,,none,"ledger seconds; disassembly timing editorial, independent of ledger"
3054,30,00:01:41:23,101.76666666666667,Exhibit_camera / editorial plate push,The quiet part of going fast,,none,"ledger seconds; disassembly timing editorial, independent of ledger"
3055,30,00:01:41:24,101.8,Exhibit_camera / editorial plate push,The quiet part of going fast,,none,"ledger seconds; disassembly timing editorial, independent of ledger"
3056,30,00:01:41:25,101.83333333333333,Exhibit_camera / editorial plate push,The quiet part of going fast,,none,"ledger seconds; disassembly timing editorial, independent of ledger"
3057,30,00:01:41:26,101.86666666666666,Exhibit_camera / editorial plate push,The quiet part of going fast,,none,"ledger seconds; disassembly timing editorial, independent of ledger"
3058,30,00:01:41:27,101.9,Exhibit_camera / editorial plate push,The quiet part of going fast,,none,"ledger seconds; disassembly timing editorial, independent of ledger"
3059,30,00:01:41:28,101.93333333333334,Exhibit_camera / editorial plate push,The quiet part of going fast,,none,"ledger seconds; disassembly timing editorial, independent of ledger"
3060,30,00:01:41:29,101.96666666666667,Exhibit_camera / editorial plate push,The quiet part of going fast,,none,"ledger seconds; disassembly timing editorial, independent of ledger"
3061,30,00:01:42:00,102.0,Exhibit_camera / editorial plate push,The quiet part of going fast,,none,"ledger seconds; disassembly timing editorial, independent of ledger"
3062,30,00:01:42:01,102.03333333333333,Exhibit_camera / editorial plate push,The quiet part of going fast,,none,"ledger seconds; disassembly timing editorial, independent of ledger"
3063,30,00:01:42:02,102.06666666666666,Exhibit_camera / editorial plate push,The quiet part of going fast,,none,"ledger seconds; disassembly timing editorial, independent of ledger"
3064,30,00:01:42:03,102.1,Exhibit_camera / editorial plate push,The quiet part of going fast,,none,"ledger seconds; disassembly timing editorial, independent of ledger"
3065,30,00:01:42:04,102.13333333333334,Exhibit_camera / editorial plate push,The quiet part of going fast,,none,"ledger seconds; disassembly timing editorial, independent of ledger"
3066,30,00:01:42:05,102.16666666666667,Exhibit_camera / editorial plate push,The quiet part of going fast,,none,"ledger seconds; disassembly timing editorial, independent of ledger"
3067,30,00:01:42:06,102.2,Exhibit_camera / editorial plate push,The quiet part of going fast,,none,"ledger seconds; disassembly timing editorial, independent of ledger"
3068,30,00:01:42:07,102.23333333333333,Exhibit_camera / editorial plate push,The quiet part of going fast,,none,"ledger seconds; disassembly timing editorial, independent of ledger"
3069,30,00:01:42:08,102.26666666666667,Exhibit_camera / editorial plate push,The quiet part of going fast,,none,"ledger seconds; disassembly timing editorial, independent of ledger"
3070,30,00:01:42:09,102.3,Exhibit_camera / editorial plate push,The quiet part of going fast,,none,"ledger seconds; disassembly timing editorial, independent of ledger"
3071,30,00:01:42:10,102.33333333333333,Exhibit_camera / editorial plate push,The quiet part of going fast,,none,"ledger seconds; disassembly timing editorial, independent of ledger"
3072,30,00:01:42:11,102.36666666666666,Exhibit_camera / editorial plate push,The quiet part of going fast,,none,"ledger seconds; disassembly timing editorial, independent of ledger"
3073,30,00:01:42:12,102.4,Exhibit_camera / editorial plate push,The quiet part of going fast,,none,"ledger seconds; disassembly timing editorial, independent of ledger"
3074,30,00:01:42:13,102.43333333333334,Exhibit_camera / editorial plate push,The quiet part of going fast,,none,"ledger seconds; disassembly timing editorial, independent of ledger"
3075,30,00:01:42:14,102.46666666666667,Exhibit_camera / editorial plate push,The quiet part of going fast,,none,"ledger seconds; disassembly timing editorial, independent of ledger"
3076,30,00:01:42:15,102.5,Exhibit_camera / editorial plate push,The quiet part of going fast,,none,"ledger seconds; disassembly timing editorial, independent of ledger"
3077,30,00:01:42:16,102.53333333333333,Exhibit_camera / editorial plate push,The quiet part of going fast,,none,"ledger seconds; disassembly timing editorial, independent of ledger"
3078,30,00:01:42:17,102.56666666666666,Exhibit_camera / editorial plate push,The quiet part of going fast,,none,"ledger seconds; disassembly timing editorial, independent of ledger"
3079,30,00:01:42:18,102.6,Exhibit_camera / editorial plate push,The quiet part of going fast,,none,"ledger seconds; disassembly timing editorial, independent of ledger"
3080,30,00:01:42:19,102.63333333333334,Exhibit_camera / editorial plate push,The quiet part of going fast,,none,"ledger seconds; disassembly timing editorial, independent of ledger"
3081,30,00:01:42:20,102.66666666666667,Exhibit_camera / editorial plate push,The quiet part of going fast,,none,"ledger seconds; disassembly timing editorial, independent of ledger"
3082,30,00:01:42:21,102.7,Exhibit_camera / editorial plate push,The quiet part of going fast,,none,"ledger seconds; disassembly timing editorial, independent of ledger"
3083,30,00:01:42:22,102.73333333333333,Exhibit_camera / editorial plate push,The quiet part of going fast,,none,"ledger seconds; disassembly timing editorial, independent of ledger"
3084,30,00:01:42:23,102.76666666666667,Exhibit_camera / editorial plate push,The quiet part of going fast,,none,"ledger seconds; disassembly timing editorial, independent of ledger"
3085,30,00:01:42:24,102.8,Exhibit_camera / editorial plate push,The quiet part of going fast,,none,"ledger seconds; disassembly timing editorial, independent of ledger"
3086,30,00:01:42:25,102.83333333333333,Exhibit_camera / editorial plate push,The quiet part of going fast,,none,"ledger seconds; disassembly timing editorial, independent of ledger"
3087,30,00:01:42:26,102.86666666666666,Exhibit_camera / editorial plate push,The quiet part of going fast,,none,"ledger seconds; disassembly timing editorial, independent of ledger"
3088,30,00:01:42:27,102.9,Exhibit_camera / editorial plate push,The quiet part of going fast,,none,"ledger seconds; disassembly timing editorial, independent of ledger"
3089,30,00:01:42:28,102.93333333333334,Exhibit_camera / editorial plate push,The quiet part of going fast,,none,"ledger seconds; disassembly timing editorial, independent of ledger"
3090,30,00:01:42:29,102.96666666666667,Exhibit_camera / editorial plate push,The quiet part of going fast,,none,"ledger seconds; disassembly timing editorial, independent of ledger"
3091,30,00:01:43:00,103.0,Exhibit_camera / editorial plate push,The quiet part of going fast,,none,"ledger seconds; disassembly timing editorial, independent of ledger"
3092,30,00:01:43:01,103.03333333333333,Exhibit_camera / editorial plate push,The quiet part of going fast,,none,"ledger seconds; disassembly timing editorial, independent of ledger"
3093,30,00:01:43:02,103.06666666666666,Exhibit_camera / editorial plate push,The quiet part of going fast,,none,"ledger seconds; disassembly timing editorial, independent of ledger"
3094,30,00:01:43:03,103.1,Exhibit_camera / editorial plate push,The quiet part of going fast,,none,"ledger seconds; disassembly timing editorial, independent of ledger"
3095,30,00:01:43:04,103.13333333333334,Exhibit_camera / editorial plate push,The quiet part of going fast,,none,"ledger seconds; disassembly timing editorial, independent of ledger"
3096,30,00:01:43:05,103.16666666666667,Exhibit_camera / editorial plate push,The quiet part of going fast,,none,"ledger seconds; disassembly timing editorial, independent of ledger"
3097,30,00:01:43:06,103.2,Exhibit_camera / editorial plate push,The quiet part of going fast,,none,"ledger seconds; disassembly timing editorial, independent of ledger"
3098,30,00:01:43:07,103.23333333333333,Exhibit_camera / editorial plate push,The quiet part of going fast,,none,"ledger seconds; disassembly timing editorial, independent of ledger"
3099,30,00:01:43:08,103.26666666666667,Exhibit_camera / editorial plate push,The quiet part of going fast,,none,"ledger seconds; disassembly timing editorial, independent of ledger"
3100,30,00:01:43:09,103.3,Exhibit_camera / editorial plate push,The quiet part of going fast,,none,"ledger seconds; disassembly timing editorial, independent of ledger"
3101,30,00:01:43:10,103.33333333333333,Exhibit_camera / editorial plate push,The quiet part of going fast,,none,"ledger seconds; disassembly timing editorial, independent of ledger"
3102,30,00:01:43:11,103.36666666666666,Exhibit_camera / editorial plate push,The quiet part of going fast,,none,"ledger seconds; disassembly timing editorial, independent of ledger"
3103,30,00:01:43:12,103.4,Exhibit_camera / editorial plate push,The quiet part of going fast,,none,"ledger seconds; disassembly timing editorial, independent of ledger"
3104,30,00:01:43:13,103.43333333333334,Exhibit_camera / editorial plate push,The quiet part of going fast,,none,"ledger seconds; disassembly timing editorial, independent of ledger"
3105,30,00:01:43:14,103.46666666666667,Exhibit_camera / editorial plate push,The quiet part of going fast,,none,"ledger seconds; disassembly timing editorial, independent of ledger"
3106,30,00:01:43:15,103.5,Exhibit_camera / editorial plate push,The quiet part of going fast,,none,"ledger seconds; disassembly timing editorial, independent of ledger"
3107,30,00:01:43:16,103.53333333333333,Exhibit_camera / editorial plate push,The quiet part of going fast,,none,"ledger seconds; disassembly timing editorial, independent of ledger"
3108,30,00:01:43:17,103.56666666666666,Exhibit_camera / editorial plate push,The quiet part of going fast,,none,"ledger seconds; disassembly timing editorial, independent of ledger"
3109,30,00:01:43:18,103.6,Exhibit_camera / editorial plate push,The quiet part of going fast,,none,"ledger seconds; disassembly timing editorial, independent of ledger"
3110,30,00:01:43:19,103.63333333333334,Exhibit_camera / editorial plate push,The quiet part of going fast,,none,"ledger seconds; disassembly timing editorial, independent of ledger"
3111,30,00:01:43:20,103.66666666666667,Exhibit_camera / editorial plate push,The quiet part of going fast,,none,"ledger seconds; disassembly timing editorial, independent of ledger"
3112,30,00:01:43:21,103.7,Exhibit_camera / editorial plate push,The quiet part of going fast,,none,"ledger seconds; disassembly timing editorial, independent of ledger"
3113,30,00:01:43:22,103.73333333333333,Exhibit_camera / editorial plate push,The quiet part of going fast,,none,"ledger seconds; disassembly timing editorial, independent of ledger"
3114,30,00:01:43:23,103.76666666666667,Exhibit_camera / editorial plate push,The quiet part of going fast,,none,"ledger seconds; disassembly timing editorial, independent of ledger"
3115,30,00:01:43:24,103.8,Exhibit_camera / editorial plate push,The quiet part of going fast,,none,"ledger seconds; disassembly timing editorial, independent of ledger"
3116,30,00:01:43:25,103.83333333333333,Exhibit_camera / editorial plate push,The quiet part of going fast,,none,"ledger seconds; disassembly timing editorial, independent of ledger"
3117,30,00:01:43:26,103.86666666666666,Exhibit_camera / editorial plate push,The quiet part of going fast,,none,"ledger seconds; disassembly timing editorial, independent of ledger"
3118,30,00:01:43:27,103.9,Exhibit_camera / editorial plate push,The quiet part of going fast,,none,"ledger seconds; disassembly timing editorial, independent of ledger"
3119,30,00:01:43:28,103.93333333333334,Exhibit_camera / editorial plate push,The quiet part of going fast,,none,"ledger seconds; disassembly timing editorial, independent of ledger"
3120,30,00:01:43:29,103.96666666666667,Exhibit_camera / editorial plate push,The quiet part of going fast,,none,"ledger seconds; disassembly timing editorial, independent of ledger"
3121,30,00:01:44:00,104.0,Exhibit_camera / editorial plate push,The quiet part of going fast,,none,"ledger seconds; disassembly timing editorial, independent of ledger"
3122,30,00:01:44:01,104.03333333333333,Exhibit_camera / editorial plate push,The quiet part of going fast,,none,"ledger seconds; disassembly timing editorial, independent of ledger"
3123,30,00:01:44:02,104.06666666666666,Exhibit_camera / editorial plate push,The quiet part of going fast,,none,"ledger seconds; disassembly timing editorial, independent of ledger"
3124,30,00:01:44:03,104.1,Exhibit_camera / editorial plate push,The quiet part of going fast,,none,"ledger seconds; disassembly timing editorial, independent of ledger"
3125,30,00:01:44:04,104.13333333333334,Exhibit_camera / editorial plate push,The quiet part of going fast,,none,"ledger seconds; disassembly timing editorial, independent of ledger"
3126,30,00:01:44:05,104.16666666666667,Exhibit_camera / editorial plate push,The quiet part of going fast,,none,"ledger seconds; disassembly timing editorial, independent of ledger"
3127,30,00:01:44:06,104.2,Exhibit_camera / editorial plate push,The quiet part of going fast,,none,"ledger seconds; disassembly timing editorial, independent of ledger"
3128,30,00:01:44:07,104.23333333333333,Exhibit_camera / editorial plate push,The quiet part of going fast,,none,"ledger seconds; disassembly timing editorial, independent of ledger"
3129,30,00:01:44:08,104.26666666666667,Exhibit_camera / editorial plate push,The quiet part of going fast,,none,"ledger seconds; disassembly timing editorial, independent of ledger"
3130,30,00:01:44:09,104.3,Exhibit_camera / editorial plate push,The quiet part of going fast,,none,"ledger seconds; disassembly timing editorial, independent of ledger"
3131,30,00:01:44:10,104.33333333333333,Exhibit_camera / editorial plate push,The quiet part of going fast,,none,"ledger seconds; disassembly timing editorial, independent of ledger"
3132,30,00:01:44:11,104.36666666666666,Exhibit_camera / editorial plate push,The quiet part of going fast,,none,"ledger seconds; disassembly timing editorial, independent of ledger"
3133,30,00:01:44:12,104.4,Exhibit_camera / editorial plate push,The quiet part of going fast,,none,"ledger seconds; disassembly timing editorial, independent of ledger"
3134,30,00:01:44:13,104.43333333333334,Exhibit_camera / editorial plate push,The quiet part of going fast,,none,"ledger seconds; disassembly timing editorial, independent of ledger"
3135,30,00:01:44:14,104.46666666666667,Exhibit_camera / editorial plate push,The quiet part of going fast,,none,"ledger seconds; disassembly timing editorial, independent of ledger"
3136,30,00:01:44:15,104.5,Exhibit_camera / editorial plate push,The quiet part of going fast,,none,"ledger seconds; disassembly timing editorial, independent of ledger"
3137,30,00:01:44:16,104.53333333333333,Exhibit_camera / editorial plate push,The quiet part of going fast,,none,"ledger seconds; disassembly timing editorial, independent of ledger"
3138,30,00:01:44:17,104.56666666666666,Exhibit_camera / editorial plate push,The quiet part of going fast,,none,"ledger seconds; disassembly timing editorial, independent of ledger"
3139,30,00:01:44:18,104.6,Exhibit_camera / editorial plate push,The quiet part of going fast,,none,"ledger seconds; disassembly timing editorial, independent of ledger"
3140,30,00:01:44:19,104.63333333333334,Exhibit_camera / editorial plate push,The quiet part of going fast,,none,"ledger seconds; disassembly timing editorial, independent of ledger"
3141,30,00:01:44:20,104.66666666666667,Exhibit_camera / editorial plate push,The quiet part of going fast,,none,"ledger seconds; disassembly timing editorial, independent of ledger"
3142,30,00:01:44:21,104.7,Exhibit_camera / editorial plate push,The quiet part of going fast,,none,"ledger seconds; disassembly timing editorial, independent of ledger"
3143,30,00:01:44:22,104.73333333333333,Exhibit_camera / editorial plate push,The quiet part of going fast,,none,"ledger seconds; disassembly timing editorial, independent of ledger"
3144,30,00:01:44:23,104.76666666666667,Exhibit_camera / editorial plate push,The quiet part of going fast,,none,"ledger seconds; disassembly timing editorial, independent of ledger"
3145,30,00:01:44:24,104.8,Exhibit_camera / editorial plate push,The quiet part of going fast,,none,"ledger seconds; disassembly timing editorial, independent of ledger"
3146,30,00:01:44:25,104.83333333333333,Exhibit_camera / editorial plate push,The quiet part of going fast,,none,"ledger seconds; disassembly timing editorial, independent of ledger"
3147,30,00:01:44:26,104.86666666666666,Exhibit_camera / editorial plate push,The quiet part of going fast,,none,"ledger seconds; disassembly timing editorial, independent of ledger"
3148,30,00:01:44:27,104.9,Exhibit_camera / editorial plate push,The quiet part of going fast,,none,"ledger seconds; disassembly timing editorial, independent of ledger"
3149,30,00:01:44:28,104.93333333333334,Exhibit_camera / editorial plate push,The quiet part of going fast,,none,"ledger seconds; disassembly timing editorial, independent of ledger"
3150,30,00:01:44:29,104.96666666666667,Exhibit_camera / editorial plate push,The quiet part of going fast,,none,"ledger seconds; disassembly timing editorial, independent of ledger"
3151,30,00:01:45:00,105.0,Exhibit_camera / editorial plate push,The quiet part of going fast,,none,"ledger seconds; disassembly timing editorial, independent of ledger"
3152,30,00:01:45:01,105.03333333333333,Exhibit_camera / editorial plate push,The quiet part of going fast,,none,"ledger seconds; disassembly timing editorial, independent of ledger"
3153,30,00:01:45:02,105.06666666666666,Exhibit_camera / editorial plate push,The quiet part of going fast,,none,"ledger seconds; disassembly timing editorial, independent of ledger"
3154,30,00:01:45:03,105.1,Exhibit_camera / editorial plate push,The quiet part of going fast,,none,"ledger seconds; disassembly timing editorial, independent of ledger"
3155,30,00:01:45:04,105.13333333333334,Exhibit_camera / editorial plate push,The quiet part of going fast,,none,"ledger seconds; disassembly timing editorial, independent of ledger"
3156,30,00:01:45:05,105.16666666666667,Exhibit_camera / editorial plate push,The quiet part of going fast,,none,"ledger seconds; disassembly timing editorial, independent of ledger"
3157,30,00:01:45:06,105.2,Exhibit_camera / editorial plate push,The quiet part of going fast,,none,"ledger seconds; disassembly timing editorial, independent of ledger"
3158,30,00:01:45:07,105.23333333333333,Exhibit_camera / editorial plate push,The quiet part of going fast,,none,"ledger seconds; disassembly timing editorial, independent of ledger"
3159,30,00:01:45:08,105.26666666666667,Exhibit_camera / editorial plate push,The quiet part of going fast,,none,"ledger seconds; disassembly timing editorial, independent of ledger"
3160,30,00:01:45:09,105.3,Exhibit_camera / editorial plate push,The quiet part of going fast,,none,"ledger seconds; disassembly timing editorial, independent of ledger"
3161,30,00:01:45:10,105.33333333333333,Exhibit_camera / editorial plate push,The quiet part of going fast,,none,"ledger seconds; disassembly timing editorial, independent of ledger"
3162,30,00:01:45:11,105.36666666666666,Exhibit_camera / editorial plate push,The quiet part of going fast,,none,"ledger seconds; disassembly timing editorial, independent of ledger"
3163,30,00:01:45:12,105.4,Exhibit_camera / editorial plate push,The quiet part of going fast,,none,"ledger seconds; disassembly timing editorial, independent of ledger"
3164,30,00:01:45:13,105.43333333333334,Exhibit_camera / editorial plate push,The quiet part of going fast,,none,"ledger seconds; disassembly timing editorial, independent of ledger"
3165,30,00:01:45:14,105.46666666666667,Exhibit_camera / editorial plate push,The quiet part of going fast,,none,"ledger seconds; disassembly timing editorial, independent of ledger"
3166,30,00:01:45:15,105.5,Exhibit_camera / editorial plate push,The quiet part of going fast,,none,"ledger seconds; disassembly timing editorial, independent of ledger"
3167,30,00:01:45:16,105.53333333333333,Exhibit_camera / editorial plate push,The quiet part of going fast,,none,"ledger seconds; disassembly timing editorial, independent of ledger"
3168,30,00:01:45:17,105.56666666666666,Exhibit_camera / editorial plate push,The quiet part of going fast,,none,"ledger seconds; disassembly timing editorial, independent of ledger"
3169,30,00:01:45:18,105.6,Exhibit_camera / editorial plate push,The quiet part of going fast,,none,"ledger seconds; disassembly timing editorial, independent of ledger"
3170,30,00:01:45:19,105.63333333333334,Exhibit_camera / editorial plate push,The quiet part of going fast,,none,"ledger seconds; disassembly timing editorial, independent of ledger"
3171,30,00:01:45:20,105.66666666666667,Exhibit_camera / editorial plate push,The quiet part of going fast,,none,"ledger seconds; disassembly timing editorial, independent of ledger"
3172,30,00:01:45:21,105.7,Exhibit_camera / editorial plate push,The quiet part of going fast,,none,"ledger seconds; disassembly timing editorial, independent of ledger"
3173,30,00:01:45:22,105.73333333333333,Exhibit_camera / editorial plate push,The quiet part of going fast,,none,"ledger seconds; disassembly timing editorial, independent of ledger"
3174,30,00:01:45:23,105.76666666666667,Exhibit_camera / editorial plate push,The quiet part of going fast,,none,"ledger seconds; disassembly timing editorial, independent of ledger"
3175,30,00:01:45:24,105.8,Exhibit_camera / editorial plate push,The quiet part of going fast,,none,"ledger seconds; disassembly timing editorial, independent of ledger"
3176,30,00:01:45:25,105.83333333333333,Exhibit_camera / editorial plate push,The quiet part of going fast,,none,"ledger seconds; disassembly timing editorial, independent of ledger"
3177,30,00:01:45:26,105.86666666666666,Exhibit_camera / editorial plate push,The quiet part of going fast,,none,"ledger seconds; disassembly timing editorial, independent of ledger"
3178,30,00:01:45:27,105.9,Exhibit_camera / editorial plate push,The quiet part of going fast,,none,"ledger seconds; disassembly timing editorial, independent of ledger"
3179,30,00:01:45:28,105.93333333333334,Exhibit_camera / editorial plate push,The quiet part of going fast,,none,"ledger seconds; disassembly timing editorial, independent of ledger"
3180,30,00:01:45:29,105.96666666666667,Exhibit_camera / editorial plate push,The quiet part of going fast,,none,"ledger seconds; disassembly timing editorial, independent of ledger"
3181,30,00:01:46:00,106.0,Exhibit_camera / editorial plate push,The quiet part of going fast,,none,"ledger seconds; disassembly timing editorial, independent of ledger"
3182,30,00:01:46:01,106.03333333333333,Exhibit_camera / editorial plate push,The quiet part of going fast,,none,"ledger seconds; disassembly timing editorial, independent of ledger"
3183,30,00:01:46:02,106.06666666666666,Exhibit_camera / editorial plate push,The quiet part of going fast,,none,"ledger seconds; disassembly timing editorial, independent of ledger"
3184,30,00:01:46:03,106.1,Exhibit_camera / editorial plate push,The quiet part of going fast,,none,"ledger seconds; disassembly timing editorial, independent of ledger"
3185,30,00:01:46:04,106.13333333333334,Exhibit_camera / editorial plate push,The quiet part of going fast,,none,"ledger seconds; disassembly timing editorial, independent of ledger"
3186,30,00:01:46:05,106.16666666666667,Exhibit_camera / editorial plate push,The quiet part of going fast,,none,"ledger seconds; disassembly timing editorial, independent of ledger"
3187,30,00:01:46:06,106.2,Exhibit_camera / editorial plate push,The quiet part of going fast,,none,"ledger seconds; disassembly timing editorial, independent of ledger"
3188,30,00:01:46:07,106.23333333333333,Exhibit_camera / editorial plate push,The quiet part of going fast,,none,"ledger seconds; disassembly timing editorial, independent of ledger"
3189,30,00:01:46:08,106.26666666666667,Exhibit_camera / editorial plate push,The quiet part of going fast,,none,"ledger seconds; disassembly timing editorial, independent of ledger"
3190,30,00:01:46:09,106.3,Exhibit_camera / editorial plate push,The quiet part of going fast,,none,"ledger seconds; disassembly timing editorial, independent of ledger"
3191,30,00:01:46:10,106.33333333333333,Exhibit_camera / editorial plate push,The quiet part of going fast,,none,"ledger seconds; disassembly timing editorial, independent of ledger"
3192,30,00:01:46:11,106.36666666666666,Exhibit_camera / editorial plate push,The quiet part of going fast,,none,"ledger seconds; disassembly timing editorial, independent of ledger"
3193,30,00:01:46:12,106.4,Exhibit_camera / editorial plate push,The quiet part of going fast,,none,"ledger seconds; disassembly timing editorial, independent of ledger"
3194,30,00:01:46:13,106.43333333333334,Exhibit_camera / editorial plate push,The quiet part of going fast,,none,"ledger seconds; disassembly timing editorial, independent of ledger"
3195,30,00:01:46:14,106.46666666666667,Exhibit_camera / editorial plate push,The quiet part of going fast,,none,"ledger seconds; disassembly timing editorial, independent of ledger"
3196,30,00:01:46:15,106.5,Exhibit_camera / editorial plate push,The quiet part of going fast,,none,"ledger seconds; disassembly timing editorial, independent of ledger"
3197,30,00:01:46:16,106.53333333333333,Exhibit_camera / editorial plate push,The quiet part of going fast,,none,"ledger seconds; disassembly timing editorial, independent of ledger"
3198,30,00:01:46:17,106.56666666666666,Exhibit_camera / editorial plate push,The quiet part of going fast,,none,"ledger seconds; disassembly timing editorial, independent of ledger"
3199,30,00:01:46:18,106.6,Exhibit_camera / editorial plate push,The quiet part of going fast,,none,"ledger seconds; disassembly timing editorial, independent of ledger"
3200,30,00:01:46:19,106.63333333333334,Exhibit_camera / editorial plate push,The quiet part of going fast,,none,"ledger seconds; disassembly timing editorial, independent of ledger"
3201,30,00:01:46:20,106.66666666666667,Exhibit_camera / editorial plate push,The quiet part of going fast,,none,"ledger seconds; disassembly timing editorial, independent of ledger"
3202,30,00:01:46:21,106.7,Exhibit_camera / editorial plate push,The quiet part of going fast,,none,"ledger seconds; disassembly timing editorial, independent of ledger"
3203,30,00:01:46:22,106.73333333333333,Exhibit_camera / editorial plate push,The quiet part of going fast,,none,"ledger seconds; disassembly timing editorial, independent of ledger"
3204,30,00:01:46:23,106.76666666666667,Exhibit_camera / editorial plate push,The quiet part of going fast,,none,"ledger seconds; disassembly timing editorial, independent of ledger"
3205,30,00:01:46:24,106.8,Exhibit_camera / editorial plate push,The quiet part of going fast,,none,"ledger seconds; disassembly timing editorial, independent of ledger"
3206,30,00:01:46:25,106.83333333333333,Exhibit_camera / editorial plate push,The quiet part of going fast,,none,"ledger seconds; disassembly timing editorial, independent of ledger"
3207,30,00:01:46:26,106.86666666666666,Exhibit_camera / editorial plate push,The quiet part of going fast,,none,"ledger seconds; disassembly timing editorial, independent of ledger"
3208,30,00:01:46:27,106.9,Exhibit_camera / editorial plate push,The quiet part of going fast,,none,"ledger seconds; disassembly timing editorial, independent of ledger"
3209,30,00:01:46:28,106.93333333333334,Exhibit_camera / editorial plate push,The quiet part of going fast,,none,"ledger seconds; disassembly timing editorial, independent of ledger"
3210,30,00:01:46:29,106.96666666666667,Exhibit_camera / editorial plate push,The quiet part of going fast,,none,"ledger seconds; disassembly timing editorial, independent of ledger"
3211,30,00:01:47:00,107.0,Exhibit_camera / editorial plate push,The quiet part of going fast,,none,"ledger seconds; disassembly timing editorial, independent of ledger"
3212,30,00:01:47:01,107.03333333333333,Exhibit_camera / editorial plate push,The quiet part of going fast,,none,"ledger seconds; disassembly timing editorial, independent of ledger"
3213,30,00:01:47:02,107.06666666666666,Exhibit_camera / editorial plate push,The quiet part of going fast,,none,"ledger seconds; disassembly timing editorial, independent of ledger"
3214,30,00:01:47:03,107.1,Exhibit_camera / editorial plate push,The quiet part of going fast,,none,"ledger seconds; disassembly timing editorial, independent of ledger"
3215,30,00:01:47:04,107.13333333333334,Exhibit_camera / editorial plate push,The quiet part of going fast,,none,"ledger seconds; disassembly timing editorial, independent of ledger"
3216,30,00:01:47:05,107.16666666666667,Exhibit_camera / editorial plate push,The quiet part of going fast,,none,"ledger seconds; disassembly timing editorial, independent of ledger"
3217,30,00:01:47:06,107.2,Exhibit_camera / editorial plate push,The quiet part of going fast,,none,"ledger seconds; disassembly timing editorial, independent of ledger"
3218,30,00:01:47:07,107.23333333333333,Exhibit_camera / editorial plate push,The quiet part of going fast,,none,"ledger seconds; disassembly timing editorial, independent of ledger"
3219,30,00:01:47:08,107.26666666666667,Exhibit_camera / editorial plate push,The quiet part of going fast,,none,"ledger seconds; disassembly timing editorial, independent of ledger"
3220,30,00:01:47:09,107.3,Exhibit_camera / editorial plate push,The quiet part of going fast,,none,"ledger seconds; disassembly timing editorial, independent of ledger"
3221,30,00:01:47:10,107.33333333333333,Exhibit_camera / editorial plate push,The quiet part of going fast,,none,"ledger seconds; disassembly timing editorial, independent of ledger"
3222,30,00:01:47:11,107.36666666666666,Exhibit_camera / editorial plate push,The quiet part of going fast,,none,"ledger seconds; disassembly timing editorial, independent of ledger"
3223,30,00:01:47:12,107.4,Exhibit_camera / editorial plate push,The quiet part of going fast,,none,"ledger seconds; disassembly timing editorial, independent of ledger"
3224,30,00:01:47:13,107.43333333333334,Exhibit_camera / editorial plate push,The quiet part of going fast,,none,"ledger seconds; disassembly timing editorial, independent of ledger"
3225,30,00:01:47:14,107.46666666666667,Exhibit_camera / editorial plate push,The quiet part of going fast,,none,"ledger seconds; disassembly timing editorial, independent of ledger"
3226,30,00:01:47:15,107.5,Exhibit_camera / editorial plate push,The quiet part of going fast,,none,"ledger seconds; disassembly timing editorial, independent of ledger"
3227,30,00:01:47:16,107.53333333333333,Exhibit_camera / editorial plate push,The quiet part of going fast,,none,"ledger seconds; disassembly timing editorial, independent of ledger"
3228,30,00:01:47:17,107.56666666666666,Exhibit_camera / editorial plate push,The quiet part of going fast,,none,"ledger seconds; disassembly timing editorial, independent of ledger"
3229,30,00:01:47:18,107.6,Exhibit_camera / editorial plate push,The quiet part of going fast,,none,"ledger seconds; disassembly timing editorial, independent of ledger"
3230,30,00:01:47:19,107.63333333333334,Exhibit_camera / editorial plate push,The quiet part of going fast,,none,"ledger seconds; disassembly timing editorial, independent of ledger"
3231,30,00:01:47:20,107.66666666666667,Exhibit_camera / editorial plate push,The quiet part of going fast,,none,"ledger seconds; disassembly timing editorial, independent of ledger"
3232,30,00:01:47:21,107.7,Exhibit_camera / editorial plate push,The quiet part of going fast,,none,"ledger seconds; disassembly timing editorial, independent of ledger"
3233,30,00:01:47:22,107.73333333333333,Exhibit_camera / editorial plate push,The quiet part of going fast,,none,"ledger seconds; disassembly timing editorial, independent of ledger"
3234,30,00:01:47:23,107.76666666666667,Exhibit_camera / editorial plate push,The quiet part of going fast,,none,"ledger seconds; disassembly timing editorial, independent of ledger"
3235,30,00:01:47:24,107.8,Exhibit_camera / editorial plate push,The quiet part of going fast,,none,"ledger seconds; disassembly timing editorial, independent of ledger"
3236,30,00:01:47:25,107.83333333333333,Exhibit_camera / editorial plate push,The quiet part of going fast,,none,"ledger seconds; disassembly timing editorial, independent of ledger"
3237,30,00:01:47:26,107.86666666666666,Exhibit_camera / editorial plate push,The quiet part of going fast,,none,"ledger seconds; disassembly timing editorial, independent of ledger"
3238,30,00:01:47:27,107.9,Exhibit_camera / editorial plate push,The quiet part of going fast,,none,"ledger seconds; disassembly timing editorial, independent of ledger"
3239,30,00:01:47:28,107.93333333333334,Exhibit_camera / editorial plate push,The quiet part of going fast,,none,"ledger seconds; disassembly timing editorial, independent of ledger"
3240,30,00:01:47:29,107.96666666666667,Exhibit_camera / editorial plate push,The quiet part of going fast,,none,"ledger seconds; disassembly timing editorial, independent of ledger"
3241,30,00:01:48:00,108.0,Exhibit_camera / editorial plate push,The quiet part of going fast,,none,"ledger seconds; disassembly timing editorial, independent of ledger"
3242,30,00:01:48:01,108.03333333333333,Exhibit_camera / editorial plate push,The quiet part of going fast,,none,"ledger seconds; disassembly timing editorial, independent of ledger"
3243,30,00:01:48:02,108.06666666666666,Exhibit_camera / editorial plate push,The quiet part of going fast,,none,"ledger seconds; disassembly timing editorial, independent of ledger"
3244,30,00:01:48:03,108.1,Exhibit_camera / editorial plate push,The quiet part of going fast,,none,"ledger seconds; disassembly timing editorial, independent of ledger"
3245,30,00:01:48:04,108.13333333333334,Exhibit_camera / editorial plate push,The quiet part of going fast,,none,"ledger seconds; disassembly timing editorial, independent of ledger"
3246,30,00:01:48:05,108.16666666666667,Exhibit_camera / editorial plate push,The quiet part of going fast,,none,"ledger seconds; disassembly timing editorial, independent of ledger"
3247,30,00:01:48:06,108.2,Exhibit_camera / editorial plate push,The quiet part of going fast,,none,"ledger seconds; disassembly timing editorial, independent of ledger"
3248,30,00:01:48:07,108.23333333333333,Exhibit_camera / editorial plate push,The quiet part of going fast,,none,"ledger seconds; disassembly timing editorial, independent of ledger"
3249,30,00:01:48:08,108.26666666666667,Exhibit_camera / editorial plate push,The quiet part of going fast,,none,"ledger seconds; disassembly timing editorial, independent of ledger"
3250,30,00:01:48:09,108.3,Exhibit_camera / editorial plate push,The quiet part of going fast,,none,"ledger seconds; disassembly timing editorial, independent of ledger"
3251,30,00:01:48:10,108.33333333333333,Exhibit_camera / editorial plate push,The quiet part of going fast,,none,"ledger seconds; disassembly timing editorial, independent of ledger"
3252,30,00:01:48:11,108.36666666666666,Exhibit_camera / editorial plate push,The quiet part of going fast,,none,"ledger seconds; disassembly timing editorial, independent of ledger"
3253,30,00:01:48:12,108.4,Exhibit_camera / editorial plate push,The quiet part of going fast,,none,"ledger seconds; disassembly timing editorial, independent of ledger"
3254,30,00:01:48:13,108.43333333333334,Exhibit_camera / editorial plate push,The quiet part of going fast,,none,"ledger seconds; disassembly timing editorial, independent of ledger"
3255,30,00:01:48:14,108.46666666666667,Exhibit_camera / editorial plate push,The quiet part of going fast,,none,"ledger seconds; disassembly timing editorial, independent of ledger"
3256,30,00:01:48:15,108.5,Exhibit_camera / editorial plate push,The quiet part of going fast,,none,"ledger seconds; disassembly timing editorial, independent of ledger"
3257,30,00:01:48:16,108.53333333333333,Exhibit_camera / editorial plate push,The quiet part of going fast,,none,"ledger seconds; disassembly timing editorial, independent of ledger"
3258,30,00:01:48:17,108.56666666666666,Exhibit_camera / editorial plate push,The quiet part of going fast,,none,"ledger seconds; disassembly timing editorial, independent of ledger"
3259,30,00:01:48:18,108.6,Exhibit_camera / editorial plate push,The quiet part of going fast,,none,"ledger seconds; disassembly timing editorial, independent of ledger"
3260,30,00:01:48:19,108.63333333333334,Exhibit_camera / editorial plate push,The quiet part of going fast,,none,"ledger seconds; disassembly timing editorial, independent of ledger"
3261,30,00:01:48:20,108.66666666666667,Exhibit_camera / editorial plate push,The quiet part of going fast,,none,"ledger seconds; disassembly timing editorial, independent of ledger"
3262,30,00:01:48:21,108.7,Exhibit_camera / editorial plate push,The quiet part of going fast,,none,"ledger seconds; disassembly timing editorial, independent of ledger"
3263,30,00:01:48:22,108.73333333333333,Exhibit_camera / editorial plate push,The quiet part of going fast,,none,"ledger seconds; disassembly timing editorial, independent of ledger"
3264,30,00:01:48:23,108.76666666666667,Exhibit_camera / editorial plate push,The quiet part of going fast,,none,"ledger seconds; disassembly timing editorial, independent of ledger"
3265,30,00:01:48:24,108.8,Exhibit_camera / editorial plate push,The quiet part of going fast,,none,"ledger seconds; disassembly timing editorial, independent of ledger"
3266,30,00:01:48:25,108.83333333333333,Exhibit_camera / editorial plate push,The quiet part of going fast,,none,"ledger seconds; disassembly timing editorial, independent of ledger"
3267,30,00:01:48:26,108.86666666666666,Exhibit_camera / editorial plate push,The quiet part of going fast,,none,"ledger seconds; disassembly timing editorial, independent of ledger"
3268,30,00:01:48:27,108.9,Exhibit_camera / editorial plate push,The quiet part of going fast,,none,"ledger seconds; disassembly timing editorial, independent of ledger"
3269,30,00:01:48:28,108.93333333333334,Exhibit_camera / editorial plate push,The quiet part of going fast,,none,"ledger seconds; disassembly timing editorial, independent of ledger"
3270,30,00:01:48:29,108.96666666666667,Exhibit_camera / editorial plate push,The quiet part of going fast,,none,"ledger seconds; disassembly timing editorial, independent of ledger"
3271,30,00:01:49:00,109.0,Exhibit_camera / editorial plate push,The quiet part of going fast,,none,"ledger seconds; disassembly timing editorial, independent of ledger"
3272,30,00:01:49:01,109.03333333333333,Exhibit_camera / editorial plate push,The quiet part of going fast,,none,"ledger seconds; disassembly timing editorial, independent of ledger"
3273,30,00:01:49:02,109.06666666666666,Exhibit_camera / editorial plate push,The quiet part of going fast,,none,"ledger seconds; disassembly timing editorial, independent of ledger"
3274,30,00:01:49:03,109.1,Exhibit_camera / editorial plate push,The quiet part of going fast,,none,"ledger seconds; disassembly timing editorial, independent of ledger"
3275,30,00:01:49:04,109.13333333333334,Exhibit_camera / editorial plate push,The quiet part of going fast,,none,"ledger seconds; disassembly timing editorial, independent of ledger"
3276,30,00:01:49:05,109.16666666666667,Exhibit_camera / editorial plate push,The quiet part of going fast,,none,"ledger seconds; disassembly timing editorial, independent of ledger"
3277,30,00:01:49:06,109.2,Exhibit_camera / editorial plate push,The quiet part of going fast,,none,"ledger seconds; disassembly timing editorial, independent of ledger"
3278,30,00:01:49:07,109.23333333333333,Exhibit_camera / editorial plate push,The quiet part of going fast,,none,"ledger seconds; disassembly timing editorial, independent of ledger"
3279,30,00:01:49:08,109.26666666666667,Exhibit_camera / editorial plate push,The quiet part of going fast,,none,"ledger seconds; disassembly timing editorial, independent of ledger"
3280,30,00:01:49:09,109.3,Exhibit_camera / editorial plate push,The quiet part of going fast,,none,"ledger seconds; disassembly timing editorial, independent of ledger"
3281,30,00:01:49:10,109.33333333333333,Exhibit_camera / editorial plate push,The quiet part of going fast,,none,"ledger seconds; disassembly timing editorial, independent of ledger"
3282,30,00:01:49:11,109.36666666666666,Exhibit_camera / editorial plate push,The quiet part of going fast,,none,"ledger seconds; disassembly timing editorial, independent of ledger"
3283,30,00:01:49:12,109.4,Exhibit_camera / editorial plate push,The quiet part of going fast,,none,"ledger seconds; disassembly timing editorial, independent of ledger"
3284,30,00:01:49:13,109.43333333333334,Exhibit_camera / editorial plate push,The quiet part of going fast,,none,"ledger seconds; disassembly timing editorial, independent of ledger"
3285,30,00:01:49:14,109.46666666666667,Exhibit_camera / editorial plate push,The quiet part of going fast,,none,"ledger seconds; disassembly timing editorial, independent of ledger"
3286,30,00:01:49:15,109.5,Exhibit_camera / editorial plate push,The quiet part of going fast,,none,"ledger seconds; disassembly timing editorial, independent of ledger"
3287,30,00:01:49:16,109.53333333333333,Exhibit_camera / editorial plate push,The quiet part of going fast,,none,"ledger seconds; disassembly timing editorial, independent of ledger"
3288,30,00:01:49:17,109.56666666666666,Exhibit_camera / editorial plate push,The quiet part of going fast,,none,"ledger seconds; disassembly timing editorial, independent of ledger"
3289,30,00:01:49:18,109.6,Exhibit_camera / editorial plate push,The quiet part of going fast,,none,"ledger seconds; disassembly timing editorial, independent of ledger"
3290,30,00:01:49:19,109.63333333333334,Exhibit_camera / editorial plate push,The quiet part of going fast,,none,"ledger seconds; disassembly timing editorial, independent of ledger"
3291,30,00:01:49:20,109.66666666666667,Exhibit_camera / editorial plate push,The quiet part of going fast,,none,"ledger seconds; disassembly timing editorial, independent of ledger"
3292,30,00:01:49:21,109.7,Exhibit_camera / editorial plate push,The quiet part of going fast,,none,"ledger seconds; disassembly timing editorial, independent of ledger"
3293,30,00:01:49:22,109.73333333333333,Exhibit_camera / editorial plate push,The quiet part of going fast,,none,"ledger seconds; disassembly timing editorial, independent of ledger"
3294,30,00:01:49:23,109.76666666666667,Exhibit_camera / editorial plate push,The quiet part of going fast,,none,"ledger seconds; disassembly timing editorial, independent of ledger"
3295,30,00:01:49:24,109.8,Exhibit_camera / editorial plate push,The quiet part of going fast,,none,"ledger seconds; disassembly timing editorial, independent of ledger"
3296,30,00:01:49:25,109.83333333333333,Exhibit_camera / editorial plate push,The quiet part of going fast,,none,"ledger seconds; disassembly timing editorial, independent of ledger"
3297,30,00:01:49:26,109.86666666666666,Exhibit_camera / editorial plate push,The quiet part of going fast,,none,"ledger seconds; disassembly timing editorial, independent of ledger"
3298,30,00:01:49:27,109.9,Exhibit_camera / editorial plate push,The quiet part of going fast,,none,"ledger seconds; disassembly timing editorial, independent of ledger"
3299,30,00:01:49:28,109.93333333333334,Exhibit_camera / editorial plate push,The quiet part of going fast,,none,"ledger seconds; disassembly timing editorial, independent of ledger"
3300,30,00:01:49:29,109.96666666666667,Exhibit_camera / editorial plate push,The quiet part of going fast,,none,"ledger seconds; disassembly timing editorial, independent of ledger"
3301,30,00:01:50:00,110.0,Exhibit_camera / editorial plate push,The quiet part of going fast,,none,"ledger seconds; disassembly timing editorial, independent of ledger"
3302,30,00:01:50:01,110.03333333333333,Exhibit_camera / editorial plate push,The quiet part of going fast,,none,"ledger seconds; disassembly timing editorial, independent of ledger"
3303,30,00:01:50:02,110.06666666666666,Exhibit_camera / editorial plate push,The quiet part of going fast,,none,"ledger seconds; disassembly timing editorial, independent of ledger"
3304,30,00:01:50:03,110.1,Exhibit_camera / editorial plate push,The quiet part of going fast,,none,"ledger seconds; disassembly timing editorial, independent of ledger"
3305,30,00:01:50:04,110.13333333333334,Exhibit_camera / editorial plate push,The quiet part of going fast,,none,"ledger seconds; disassembly timing editorial, independent of ledger"
3306,30,00:01:50:05,110.16666666666667,Exhibit_camera / editorial plate push,The quiet part of going fast,,none,"ledger seconds; disassembly timing editorial, independent of ledger"
3307,30,00:01:50:06,110.2,Exhibit_camera / editorial plate push,The quiet part of going fast,,none,"ledger seconds; disassembly timing editorial, independent of ledger"
3308,30,00:01:50:07,110.23333333333333,Exhibit_camera / editorial plate push,The quiet part of going fast,,none,"ledger seconds; disassembly timing editorial, independent of ledger"
3309,30,00:01:50:08,110.26666666666667,Exhibit_camera / editorial plate push,The quiet part of going fast,,none,"ledger seconds; disassembly timing editorial, independent of ledger"
3310,30,00:01:50:09,110.3,Exhibit_camera / editorial plate push,The quiet part of going fast,,none,"ledger seconds; disassembly timing editorial, independent of ledger"
3311,30,00:01:50:10,110.33333333333333,Exhibit_camera / editorial plate push,The quiet part of going fast,,none,"ledger seconds; disassembly timing editorial, independent of ledger"
3312,30,00:01:50:11,110.36666666666666,Exhibit_camera / editorial plate push,The quiet part of going fast,,none,"ledger seconds; disassembly timing editorial, independent of ledger"
3313,30,00:01:50:12,110.4,Exhibit_camera / editorial plate push,The quiet part of going fast,,none,"ledger seconds; disassembly timing editorial, independent of ledger"
3314,30,00:01:50:13,110.43333333333334,Exhibit_camera / editorial plate push,The quiet part of going fast,,none,"ledger seconds; disassembly timing editorial, independent of ledger"
3315,30,00:01:50:14,110.46666666666667,Exhibit_camera / editorial plate push,The quiet part of going fast,,none,"ledger seconds; disassembly timing editorial, independent of ledger"
3316,30,00:01:50:15,110.5,Exhibit_camera / editorial plate push,The quiet part of going fast,,none,"ledger seconds; disassembly timing editorial, independent of ledger"
3317,30,00:01:50:16,110.53333333333333,Exhibit_camera / editorial plate push,The quiet part of going fast,,none,"ledger seconds; disassembly timing editorial, independent of ledger"
3318,30,00:01:50:17,110.56666666666666,Exhibit_camera / editorial plate push,The quiet part of going fast,,none,"ledger seconds; disassembly timing editorial, independent of ledger"
3319,30,00:01:50:18,110.6,Exhibit_camera / editorial plate push,The quiet part of going fast,,none,"ledger seconds; disassembly timing editorial, independent of ledger"
3320,30,00:01:50:19,110.63333333333334,Exhibit_camera / editorial plate push,The quiet part of going fast,,none,"ledger seconds; disassembly timing editorial, independent of ledger"
3321,30,00:01:50:20,110.66666666666667,Exhibit_camera / editorial plate push,The quiet part of going fast,,none,"ledger seconds; disassembly timing editorial, independent of ledger"
3322,30,00:01:50:21,110.7,Exhibit_camera / editorial plate push,The quiet part of going fast,,none,"ledger seconds; disassembly timing editorial, independent of ledger"
3323,30,00:01:50:22,110.73333333333333,Exhibit_camera / editorial plate push,The quiet part of going fast,,none,"ledger seconds; disassembly timing editorial, independent of ledger"
3324,30,00:01:50:23,110.76666666666667,Exhibit_camera / editorial plate push,The quiet part of going fast,,none,"ledger seconds; disassembly timing editorial, independent of ledger"
3325,30,00:01:50:24,110.8,Exhibit_camera / editorial plate push,The quiet part of going fast,,none,"ledger seconds; disassembly timing editorial, independent of ledger"
3326,30,00:01:50:25,110.83333333333333,Exhibit_camera / editorial plate push,The quiet part of going fast,,none,"ledger seconds; disassembly timing editorial, independent of ledger"
3327,30,00:01:50:26,110.86666666666666,Exhibit_camera / editorial plate push,The quiet part of going fast,,none,"ledger seconds; disassembly timing editorial, independent of ledger"
3328,30,00:01:50:27,110.9,Exhibit_camera / editorial plate push,The quiet part of going fast,,none,"ledger seconds; disassembly timing editorial, independent of ledger"
3329,30,00:01:50:28,110.93333333333334,Exhibit_camera / editorial plate push,The quiet part of going fast,,none,"ledger seconds; disassembly timing editorial, independent of ledger"
3330,30,00:01:50:29,110.96666666666667,Exhibit_camera / editorial plate push,The quiet part of going fast,,none,"ledger seconds; disassembly timing editorial, independent of ledger"
3331,30,00:01:51:00,111.0,Exhibit_camera / editorial plate push,The quiet part of going fast,,none,"ledger seconds; disassembly timing editorial, independent of ledger"
3332,30,00:01:51:01,111.03333333333333,Exhibit_camera / editorial plate push,The quiet part of going fast,,none,"ledger seconds; disassembly timing editorial, independent of ledger"
3333,30,00:01:51:02,111.06666666666666,Exhibit_camera / editorial plate push,The quiet part of going fast,,none,"ledger seconds; disassembly timing editorial, independent of ledger"
3334,30,00:01:51:03,111.1,Exhibit_camera / editorial plate push,The quiet part of going fast,,none,"ledger seconds; disassembly timing editorial, independent of ledger"
3335,30,00:01:51:04,111.13333333333334,Exhibit_camera / editorial plate push,The quiet part of going fast,,none,"ledger seconds; disassembly timing editorial, independent of ledger"
3336,30,00:01:51:05,111.16666666666667,Exhibit_camera / editorial plate push,The quiet part of going fast,,none,"ledger seconds; disassembly timing editorial, independent of ledger"
3337,30,00:01:51:06,111.2,Exhibit_camera / editorial plate push,The quiet part of going fast,,none,"ledger seconds; disassembly timing editorial, independent of ledger"
3338,30,00:01:51:07,111.23333333333333,Exhibit_camera / editorial plate push,The quiet part of going fast,,none,"ledger seconds; disassembly timing editorial, independent of ledger"
3339,30,00:01:51:08,111.26666666666667,Exhibit_camera / editorial plate push,The quiet part of going fast,,none,"ledger seconds; disassembly timing editorial, independent of ledger"
3340,30,00:01:51:09,111.3,Exhibit_camera / editorial plate push,The quiet part of going fast,,none,"ledger seconds; disassembly timing editorial, independent of ledger"
3341,30,00:01:51:10,111.33333333333333,Exhibit_camera / editorial plate push,The quiet part of going fast,,none,"ledger seconds; disassembly timing editorial, independent of ledger"
3342,30,00:01:51:11,111.36666666666666,Exhibit_camera / editorial plate push,The quiet part of going fast,,none,"ledger seconds; disassembly timing editorial, independent of ledger"
3343,30,00:01:51:12,111.4,Exhibit_camera / editorial plate push,The quiet part of going fast,,none,"ledger seconds; disassembly timing editorial, independent of ledger"
3344,30,00:01:51:13,111.43333333333334,Exhibit_camera / editorial plate push,The quiet part of going fast,,none,"ledger seconds; disassembly timing editorial, independent of ledger"
3345,30,00:01:51:14,111.46666666666667,Exhibit_camera / editorial plate push,The quiet part of going fast,,none,"ledger seconds; disassembly timing editorial, independent of ledger"
3346,30,00:01:51:15,111.5,Exhibit_camera / editorial plate push,The quiet part of going fast,,none,"ledger seconds; disassembly timing editorial, independent of ledger"
3347,30,00:01:51:16,111.53333333333333,Exhibit_camera / editorial plate push,The quiet part of going fast,,none,"ledger seconds; disassembly timing editorial, independent of ledger"
3348,30,00:01:51:17,111.56666666666666,Exhibit_camera / editorial plate push,The quiet part of going fast,,none,"ledger seconds; disassembly timing editorial, independent of ledger"
3349,30,00:01:51:18,111.6,Exhibit_camera / editorial plate push,The quiet part of going fast,,none,"ledger seconds; disassembly timing editorial, independent of ledger"
3350,30,00:01:51:19,111.63333333333334,Exhibit_camera / editorial plate push,The quiet part of going fast,,none,"ledger seconds; disassembly timing editorial, independent of ledger"
3351,30,00:01:51:20,111.66666666666667,Exhibit_camera / editorial plate push,The quiet part of going fast,,none,"ledger seconds; disassembly timing editorial, independent of ledger"
3352,30,00:01:51:21,111.7,Exhibit_camera / editorial plate push,The quiet part of going fast,,none,"ledger seconds; disassembly timing editorial, independent of ledger"
3353,30,00:01:51:22,111.73333333333333,Exhibit_camera / editorial plate push,The quiet part of going fast,,none,"ledger seconds; disassembly timing editorial, independent of ledger"
3354,30,00:01:51:23,111.76666666666667,Exhibit_camera / editorial plate push,The quiet part of going fast,,none,"ledger seconds; disassembly timing editorial, independent of ledger"
3355,30,00:01:51:24,111.8,Exhibit_camera / editorial plate push,The quiet part of going fast,,none,"ledger seconds; disassembly timing editorial, independent of ledger"
3356,30,00:01:51:25,111.83333333333333,Exhibit_camera / editorial plate push,The quiet part of going fast,,none,"ledger seconds; disassembly timing editorial, independent of ledger"
3357,30,00:01:51:26,111.86666666666666,Exhibit_camera / editorial plate push,The quiet part of going fast,,none,"ledger seconds; disassembly timing editorial, independent of ledger"
3358,30,00:01:51:27,111.9,Exhibit_camera / editorial plate push,The quiet part of going fast,,none,"ledger seconds; disassembly timing editorial, independent of ledger"
3359,30,00:01:51:28,111.93333333333334,Exhibit_camera / editorial plate push,The quiet part of going fast,,none,"ledger seconds; disassembly timing editorial, independent of ledger"
3360,30,00:01:51:29,111.96666666666667,Exhibit_camera / editorial plate push,The quiet part of going fast,,none,"ledger seconds; disassembly timing editorial, independent of ledger"
3361,30,00:01:52:00,112.0,Exhibit_camera / editorial plate push,The quiet part of going fast,,none,"ledger seconds; disassembly timing editorial, independent of ledger"
3362,30,00:01:52:01,112.03333333333333,Exhibit_camera / editorial plate push,The quiet part of going fast,,none,"ledger seconds; disassembly timing editorial, independent of ledger"
3363,30,00:01:52:02,112.06666666666666,Exhibit_camera / editorial plate push,The quiet part of going fast,,none,"ledger seconds; disassembly timing editorial, independent of ledger"
3364,30,00:01:52:03,112.1,Exhibit_camera / editorial plate push,The quiet part of going fast,,none,"ledger seconds; disassembly timing editorial, independent of ledger"
3365,30,00:01:52:04,112.13333333333334,Exhibit_camera / editorial plate push,The quiet part of going fast,,none,"ledger seconds; disassembly timing editorial, independent of ledger"
3366,30,00:01:52:05,112.16666666666667,Exhibit_camera / editorial plate push,The quiet part of going fast,,none,"ledger seconds; disassembly timing editorial, independent of ledger"
3367,30,00:01:52:06,112.2,Exhibit_camera / editorial plate push,The quiet part of going fast,,none,"ledger seconds; disassembly timing editorial, independent of ledger"
3368,30,00:01:52:07,112.23333333333333,Exhibit_camera / editorial plate push,The quiet part of going fast,,none,"ledger seconds; disassembly timing editorial, independent of ledger"
3369,30,00:01:52:08,112.26666666666667,Exhibit_camera / editorial plate push,The quiet part of going fast,,none,"ledger seconds; disassembly timing editorial, independent of ledger"
3370,30,00:01:52:09,112.3,Exhibit_camera / editorial plate push,The quiet part of going fast,,none,"ledger seconds; disassembly timing editorial, independent of ledger"
3371,30,00:01:52:10,112.33333333333333,Exhibit_camera / editorial plate push,The quiet part of going fast,,none,"ledger seconds; disassembly timing editorial, independent of ledger"
3372,30,00:01:52:11,112.36666666666666,Exhibit_camera / editorial plate push,The quiet part of going fast,,none,"ledger seconds; disassembly timing editorial, independent of ledger"
3373,30,00:01:52:12,112.4,Exhibit_camera / editorial plate push,The quiet part of going fast,,none,"ledger seconds; disassembly timing editorial, independent of ledger"
3374,30,00:01:52:13,112.43333333333334,Exhibit_camera / editorial plate push,The quiet part of going fast,,none,"ledger seconds; disassembly timing editorial, independent of ledger"
3375,30,00:01:52:14,112.46666666666667,Exhibit_camera / editorial plate push,The quiet part of going fast,,none,"ledger seconds; disassembly timing editorial, independent of ledger"
3376,30,00:01:52:15,112.5,Exhibit_camera / editorial plate push,The quiet part of going fast,,none,"ledger seconds; disassembly timing editorial, independent of ledger"
3377,30,00:01:52:16,112.53333333333333,Exhibit_camera / editorial plate push,The quiet part of going fast,,none,"ledger seconds; disassembly timing editorial, independent of ledger"
3378,30,00:01:52:17,112.56666666666666,Exhibit_camera / editorial plate push,The quiet part of going fast,,none,"ledger seconds; disassembly timing editorial, independent of ledger"
3379,30,00:01:52:18,112.6,Exhibit_camera / editorial plate push,The quiet part of going fast,,none,"ledger seconds; disassembly timing editorial, independent of ledger"
3380,30,00:01:52:19,112.63333333333334,Exhibit_camera / editorial plate push,The quiet part of going fast,,none,"ledger seconds; disassembly timing editorial, independent of ledger"
3381,30,00:01:52:20,112.66666666666667,Exhibit_camera / editorial plate push,The quiet part of going fast,,none,"ledger seconds; disassembly timing editorial, independent of ledger"
3382,30,00:01:52:21,112.7,Exhibit_camera / editorial plate push,The quiet part of going fast,,none,"ledger seconds; disassembly timing editorial, independent of ledger"
3383,30,00:01:52:22,112.73333333333333,Exhibit_camera / editorial plate push,The quiet part of going fast,,none,"ledger seconds; disassembly timing editorial, independent of ledger"
3384,30,00:01:52:23,112.76666666666667,Exhibit_camera / editorial plate push,The quiet part of going fast,,none,"ledger seconds; disassembly timing editorial, independent of ledger"
3385,30,00:01:52:24,112.8,Exhibit_camera / editorial plate push,The quiet part of going fast,,none,"ledger seconds; disassembly timing editorial, independent of ledger"
3386,30,00:01:52:25,112.83333333333333,Exhibit_camera / editorial plate push,The quiet part of going fast,,none,"ledger seconds; disassembly timing editorial, independent of ledger"
3387,30,00:01:52:26,112.86666666666666,Exhibit_camera / editorial plate push,The quiet part of going fast,,none,"ledger seconds; disassembly timing editorial, independent of ledger"
3388,30,00:01:52:27,112.9,Exhibit_camera / editorial plate push,The quiet part of going fast,,none,"ledger seconds; disassembly timing editorial, independent of ledger"
3389,30,00:01:52:28,112.93333333333334,Exhibit_camera / editorial plate push,The quiet part of going fast,,none,"ledger seconds; disassembly timing editorial, independent of ledger"
3390,30,00:01:52:29,112.96666666666667,Exhibit_camera / editorial plate push,The quiet part of going fast,,none,"ledger seconds; disassembly timing editorial, independent of ledger"
3391,30,00:01:53:00,113.0,Exhibit_camera / editorial plate push,The quiet part of going fast,,none,"ledger seconds; disassembly timing editorial, independent of ledger"
3392,30,00:01:53:01,113.03333333333333,Exhibit_camera / editorial plate push,The quiet part of going fast,,none,"ledger seconds; disassembly timing editorial, independent of ledger"
3393,30,00:01:53:02,113.06666666666666,Exhibit_camera / editorial plate push,The quiet part of going fast,,none,"ledger seconds; disassembly timing editorial, independent of ledger"
3394,30,00:01:53:03,113.1,Exhibit_camera / editorial plate push,The quiet part of going fast,,none,"ledger seconds; disassembly timing editorial, independent of ledger"
3395,30,00:01:53:04,113.13333333333334,Exhibit_camera / editorial plate push,The quiet part of going fast,,none,"ledger seconds; disassembly timing editorial, independent of ledger"
3396,30,00:01:53:05,113.16666666666667,Exhibit_camera / editorial plate push,The quiet part of going fast,,none,"ledger seconds; disassembly timing editorial, independent of ledger"
3397,30,00:01:53:06,113.2,Exhibit_camera / editorial plate push,The quiet part of going fast,,none,"ledger seconds; disassembly timing editorial, independent of ledger"
3398,30,00:01:53:07,113.23333333333333,Exhibit_camera / editorial plate push,The quiet part of going fast,,none,"ledger seconds; disassembly timing editorial, independent of ledger"
3399,30,00:01:53:08,113.26666666666667,Exhibit_camera / editorial plate push,The quiet part of going fast,,none,"ledger seconds; disassembly timing editorial, independent of ledger"
3400,30,00:01:53:09,113.3,Exhibit_camera / editorial plate push,The quiet part of going fast,,none,"ledger seconds; disassembly timing editorial, independent of ledger"
3401,30,00:01:53:10,113.33333333333333,Exhibit_camera / editorial plate push,The quiet part of going fast,,none,"ledger seconds; disassembly timing editorial, independent of ledger"
3402,30,00:01:53:11,113.36666666666666,Exhibit_camera / editorial plate push,The quiet part of going fast,,none,"ledger seconds; disassembly timing editorial, independent of ledger"
3403,30,00:01:53:12,113.4,Exhibit_camera / editorial plate push,The quiet part of going fast,,none,"ledger seconds; disassembly timing editorial, independent of ledger"
3404,30,00:01:53:13,113.43333333333334,Exhibit_camera / editorial plate push,The quiet part of going fast,,none,"ledger seconds; disassembly timing editorial, independent of ledger"
3405,30,00:01:53:14,113.46666666666667,Exhibit_camera / editorial plate push,The quiet part of going fast,,none,"ledger seconds; disassembly timing editorial, independent of ledger"
3406,30,00:01:53:15,113.5,Exhibit_camera / editorial plate push,The quiet part of going fast,,none,"ledger seconds; disassembly timing editorial, independent of ledger"
3407,30,00:01:53:16,113.53333333333333,Exhibit_camera / editorial plate push,The quiet part of going fast,,none,"ledger seconds; disassembly timing editorial, independent of ledger"
3408,30,00:01:53:17,113.56666666666666,Exhibit_camera / editorial plate push,The quiet part of going fast,,none,"ledger seconds; disassembly timing editorial, independent of ledger"
3409,30,00:01:53:18,113.6,Exhibit_camera / editorial plate push,The quiet part of going fast,,none,"ledger seconds; disassembly timing editorial, independent of ledger"
3410,30,00:01:53:19,113.63333333333334,Exhibit_camera / editorial plate push,The quiet part of going fast,,none,"ledger seconds; disassembly timing editorial, independent of ledger"
3411,30,00:01:53:20,113.66666666666667,Exhibit_camera / editorial plate push,The quiet part of going fast,,none,"ledger seconds; disassembly timing editorial, independent of ledger"
3412,30,00:01:53:21,113.7,Exhibit_camera / editorial plate push,The quiet part of going fast,,none,"ledger seconds; disassembly timing editorial, independent of ledger"
3413,30,00:01:53:22,113.73333333333333,Exhibit_camera / editorial plate push,The quiet part of going fast,,none,"ledger seconds; disassembly timing editorial, independent of ledger"
3414,30,00:01:53:23,113.76666666666667,Exhibit_camera / editorial plate push,The quiet part of going fast,,none,"ledger seconds; disassembly timing editorial, independent of ledger"
3415,30,00:01:53:24,113.8,Exhibit_camera / editorial plate push,The quiet part of going fast,,none,"ledger seconds; disassembly timing editorial, independent of ledger"
3416,30,00:01:53:25,113.83333333333333,Exhibit_camera / editorial plate push,The quiet part of going fast,,none,"ledger seconds; disassembly timing editorial, independent of ledger"
3417,30,00:01:53:26,113.86666666666666,Exhibit_camera / editorial plate push,The quiet part of going fast,,none,"ledger seconds; disassembly timing editorial, independent of ledger"
3418,30,00:01:53:27,113.9,Exhibit_camera / editorial plate push,The quiet part of going fast,,none,"ledger seconds; disassembly timing editorial, independent of ledger"
3419,30,00:01:53:28,113.93333333333334,Exhibit_camera / editorial plate push,The quiet part of going fast,,none,"ledger seconds; disassembly timing editorial, independent of ledger"
3420,30,00:01:53:29,113.96666666666667,Exhibit_camera / editorial plate push,The quiet part of going fast,,none,"ledger seconds; disassembly timing editorial, independent of ledger"
3421,30,00:01:54:00,114.0,Exhibit_camera / editorial plate push,The quiet part of going fast,,none,"ledger seconds; disassembly timing editorial, independent of ledger"
3422,30,00:01:54:01,114.03333333333333,Exhibit_camera / editorial plate push,The quiet part of going fast,,none,"ledger seconds; disassembly timing editorial, independent of ledger"
3423,30,00:01:54:02,114.06666666666666,Exhibit_camera / editorial plate push,The quiet part of going fast,,none,"ledger seconds; disassembly timing editorial, independent of ledger"
3424,30,00:01:54:03,114.1,Exhibit_camera / editorial plate push,The quiet part of going fast,,none,"ledger seconds; disassembly timing editorial, independent of ledger"
3425,30,00:01:54:04,114.13333333333334,Exhibit_camera / editorial plate push,The quiet part of going fast,,none,"ledger seconds; disassembly timing editorial, independent of ledger"
3426,30,00:01:54:05,114.16666666666667,Exhibit_camera / editorial plate push,The quiet part of going fast,,none,"ledger seconds; disassembly timing editorial, independent of ledger"
3427,30,00:01:54:06,114.2,Exhibit_camera / editorial plate push,The quiet part of going fast,,none,"ledger seconds; disassembly timing editorial, independent of ledger"
3428,30,00:01:54:07,114.23333333333333,Exhibit_camera / editorial plate push,The quiet part of going fast,,none,"ledger seconds; disassembly timing editorial, independent of ledger"
3429,30,00:01:54:08,114.26666666666667,Exhibit_camera / editorial plate push,The quiet part of going fast,,none,"ledger seconds; disassembly timing editorial, independent of ledger"
3430,30,00:01:54:09,114.3,Exhibit_camera / editorial plate push,The quiet part of going fast,,none,"ledger seconds; disassembly timing editorial, independent of ledger"
3431,30,00:01:54:10,114.33333333333333,Exhibit_camera / editorial plate push,The quiet part of going fast,,none,"ledger seconds; disassembly timing editorial, independent of ledger"
3432,30,00:01:54:11,114.36666666666666,Exhibit_camera / editorial plate push,The quiet part of going fast,,none,"ledger seconds; disassembly timing editorial, independent of ledger"
3433,30,00:01:54:12,114.4,Exhibit_camera / editorial plate push,The quiet part of going fast,,none,"ledger seconds; disassembly timing editorial, independent of ledger"
3434,30,00:01:54:13,114.43333333333334,Exhibit_camera / editorial plate push,The quiet part of going fast,,none,"ledger seconds; disassembly timing editorial, independent of ledger"
3435,30,00:01:54:14,114.46666666666667,Exhibit_camera / editorial plate push,The quiet part of going fast,,none,"ledger seconds; disassembly timing editorial, independent of ledger"
3436,30,00:01:54:15,114.5,Exhibit_camera / editorial plate push,The quiet part of going fast,,none,"ledger seconds; disassembly timing editorial, independent of ledger"
3437,30,00:01:54:16,114.53333333333333,Exhibit_camera / editorial plate push,The quiet part of going fast,,none,"ledger seconds; disassembly timing editorial, independent of ledger"
3438,30,00:01:54:17,114.56666666666666,Exhibit_camera / editorial plate push,The quiet part of going fast,,none,"ledger seconds; disassembly timing editorial, independent of ledger"
3439,30,00:01:54:18,114.6,Exhibit_camera / editorial plate push,The quiet part of going fast,,none,"ledger seconds; disassembly timing editorial, independent of ledger"
3440,30,00:01:54:19,114.63333333333334,Exhibit_camera / editorial plate push,The quiet part of going fast,,none,"ledger seconds; disassembly timing editorial, independent of ledger"
3441,30,00:01:54:20,114.66666666666667,Exhibit_camera / editorial plate push,The quiet part of going fast,,none,"ledger seconds; disassembly timing editorial, independent of ledger"
3442,30,00:01:54:21,114.7,Exhibit_camera / editorial plate push,The quiet part of going fast,,none,"ledger seconds; disassembly timing editorial, independent of ledger"
3443,30,00:01:54:22,114.73333333333333,Exhibit_camera / editorial plate push,The quiet part of going fast,,none,"ledger seconds; disassembly timing editorial, independent of ledger"
3444,30,00:01:54:23,114.76666666666667,Exhibit_camera / editorial plate push,The quiet part of going fast,,none,"ledger seconds; disassembly timing editorial, independent of ledger"
3445,30,00:01:54:24,114.8,Exhibit_camera / editorial plate push,The quiet part of going fast,,none,"ledger seconds; disassembly timing editorial, independent of ledger"
3446,30,00:01:54:25,114.83333333333333,Exhibit_camera / editorial plate push,The quiet part of going fast,,none,"ledger seconds; disassembly timing editorial, independent of ledger"
3447,30,00:01:54:26,114.86666666666666,Exhibit_camera / editorial plate push,The quiet part of going fast,,none,"ledger seconds; disassembly timing editorial, independent of ledger"
3448,30,00:01:54:27,114.9,Exhibit_camera / editorial plate push,The quiet part of going fast,,none,"ledger seconds; disassembly timing editorial, independent of ledger"
3449,30,00:01:54:28,114.93333333333334,Exhibit_camera / editorial plate push,The quiet part of going fast,,none,"ledger seconds; disassembly timing editorial, independent of ledger"
3450,30,00:01:54:29,114.96666666666667,Exhibit_camera / editorial plate push,The quiet part of going fast,,none,"ledger seconds; disassembly timing editorial, independent of ledger"
3451,30,00:01:55:00,115.0,Exhibit_camera / editorial plate push,The quiet part of going fast,,none,"ledger seconds; disassembly timing editorial, independent of ledger"
3452,30,00:01:55:01,115.03333333333333,Exhibit_camera / editorial plate push,The quiet part of going fast,,none,"ledger seconds; disassembly timing editorial, independent of ledger"
3453,30,00:01:55:02,115.06666666666666,Exhibit_camera / editorial plate push,The quiet part of going fast,,none,"ledger seconds; disassembly timing editorial, independent of ledger"
3454,30,00:01:55:03,115.1,Exhibit_camera / editorial plate push,The quiet part of going fast,,none,"ledger seconds; disassembly timing editorial, independent of ledger"
3455,30,00:01:55:04,115.13333333333334,Exhibit_camera / editorial plate push,The quiet part of going fast,,none,"ledger seconds; disassembly timing editorial, independent of ledger"
3456,30,00:01:55:05,115.16666666666667,Exhibit_camera / editorial plate push,The quiet part of going fast,,none,"ledger seconds; disassembly timing editorial, independent of ledger"
3457,30,00:01:55:06,115.2,Exhibit_camera / editorial plate push,The quiet part of going fast,,none,"ledger seconds; disassembly timing editorial, independent of ledger"
3458,30,00:01:55:07,115.23333333333333,Exhibit_camera / editorial plate push,The quiet part of going fast,,none,"ledger seconds; disassembly timing editorial, independent of ledger"
3459,30,00:01:55:08,115.26666666666667,Exhibit_camera / editorial plate push,The quiet part of going fast,,none,"ledger seconds; disassembly timing editorial, independent of ledger"
3460,30,00:01:55:09,115.3,Exhibit_camera / editorial plate push,The quiet part of going fast,,none,"ledger seconds; disassembly timing editorial, independent of ledger"
3461,30,00:01:55:10,115.33333333333333,Exhibit_camera / editorial plate push,The quiet part of going fast,,none,"ledger seconds; disassembly timing editorial, independent of ledger"
3462,30,00:01:55:11,115.36666666666666,Exhibit_camera / editorial plate push,The quiet part of going fast,,none,"ledger seconds; disassembly timing editorial, independent of ledger"
3463,30,00:01:55:12,115.4,Exhibit_camera / editorial plate push,The quiet part of going fast,,none,"ledger seconds; disassembly timing editorial, independent of ledger"
3464,30,00:01:55:13,115.43333333333334,Exhibit_camera / editorial plate push,The quiet part of going fast,,none,"ledger seconds; disassembly timing editorial, independent of ledger"
3465,30,00:01:55:14,115.46666666666667,Exhibit_camera / editorial plate push,The quiet part of going fast,,none,"ledger seconds; disassembly timing editorial, independent of ledger"
3466,30,00:01:55:15,115.5,Exhibit_camera / editorial plate push,The quiet part of going fast,,none,"ledger seconds; disassembly timing editorial, independent of ledger"
3467,30,00:01:55:16,115.53333333333333,Exhibit_camera / editorial plate push,The quiet part of going fast,,none,"ledger seconds; disassembly timing editorial, independent of ledger"
3468,30,00:01:55:17,115.56666666666666,Exhibit_camera / editorial plate push,The quiet part of going fast,,none,"ledger seconds; disassembly timing editorial, independent of ledger"
3469,30,00:01:55:18,115.6,Exhibit_camera / editorial plate push,The quiet part of going fast,,none,"ledger seconds; disassembly timing editorial, independent of ledger"
3470,30,00:01:55:19,115.63333333333334,Exhibit_camera / editorial plate push,The quiet part of going fast,,none,"ledger seconds; disassembly timing editorial, independent of ledger"
3471,30,00:01:55:20,115.66666666666667,Exhibit_camera / editorial plate push,The quiet part of going fast,,none,"ledger seconds; disassembly timing editorial, independent of ledger"
3472,30,00:01:55:21,115.7,Exhibit_camera / editorial plate push,The quiet part of going fast,,none,"ledger seconds; disassembly timing editorial, independent of ledger"
3473,30,00:01:55:22,115.73333333333333,Exhibit_camera / editorial plate push,The quiet part of going fast,,none,"ledger seconds; disassembly timing editorial, independent of ledger"
3474,30,00:01:55:23,115.76666666666667,Exhibit_camera / editorial plate push,The quiet part of going fast,,none,"ledger seconds; disassembly timing editorial, independent of ledger"
3475,30,00:01:55:24,115.8,Exhibit_camera / editorial plate push,The quiet part of going fast,,none,"ledger seconds; disassembly timing editorial, independent of ledger"
3476,30,00:01:55:25,115.83333333333333,Exhibit_camera / editorial plate push,The quiet part of going fast,,none,"ledger seconds; disassembly timing editorial, independent of ledger"
3477,30,00:01:55:26,115.86666666666666,Exhibit_camera / editorial plate push,The quiet part of going fast,,none,"ledger seconds; disassembly timing editorial, independent of ledger"
3478,30,00:01:55:27,115.9,Exhibit_camera / editorial plate push,The quiet part of going fast,,none,"ledger seconds; disassembly timing editorial, independent of ledger"
3479,30,00:01:55:28,115.93333333333334,Exhibit_camera / editorial plate push,The quiet part of going fast,,none,"ledger seconds; disassembly timing editorial, independent of ledger"
3480,30,00:01:55:29,115.96666666666667,Exhibit_camera / editorial plate push,The quiet part of going fast,,none,"ledger seconds; disassembly timing editorial, independent of ledger"
3481,30,00:01:56:00,116.0,Exhibit_camera / editorial plate push,The quiet part of going fast,,none,"ledger seconds; disassembly timing editorial, independent of ledger"
3482,30,00:01:56:01,116.03333333333333,Exhibit_camera / editorial plate push,The quiet part of going fast,,none,"ledger seconds; disassembly timing editorial, independent of ledger"
3483,30,00:01:56:02,116.06666666666666,Exhibit_camera / editorial plate push,The quiet part of going fast,,none,"ledger seconds; disassembly timing editorial, independent of ledger"
3484,30,00:01:56:03,116.1,Exhibit_camera / editorial plate push,The quiet part of going fast,,none,"ledger seconds; disassembly timing editorial, independent of ledger"
3485,30,00:01:56:04,116.13333333333334,Exhibit_camera / editorial plate push,The quiet part of going fast,,none,"ledger seconds; disassembly timing editorial, independent of ledger"
3486,30,00:01:56:05,116.16666666666667,Exhibit_camera / editorial plate push,The quiet part of going fast,,none,"ledger seconds; disassembly timing editorial, independent of ledger"
3487,30,00:01:56:06,116.2,Exhibit_camera / editorial plate push,The quiet part of going fast,,none,"ledger seconds; disassembly timing editorial, independent of ledger"
3488,30,00:01:56:07,116.23333333333333,Exhibit_camera / editorial plate push,The quiet part of going fast,,none,"ledger seconds; disassembly timing editorial, independent of ledger"
3489,30,00:01:56:08,116.26666666666667,Exhibit_camera / editorial plate push,The quiet part of going fast,,none,"ledger seconds; disassembly timing editorial, independent of ledger"
3490,30,00:01:56:09,116.3,Exhibit_camera / editorial plate push,The quiet part of going fast,,none,"ledger seconds; disassembly timing editorial, independent of ledger"
3491,30,00:01:56:10,116.33333333333333,Exhibit_camera / editorial plate push,The quiet part of going fast,,none,"ledger seconds; disassembly timing editorial, independent of ledger"
3492,30,00:01:56:11,116.36666666666666,Exhibit_camera / editorial plate push,The quiet part of going fast,,none,"ledger seconds; disassembly timing editorial, independent of ledger"
3493,30,00:01:56:12,116.4,Exhibit_camera / editorial plate push,The quiet part of going fast,,none,"ledger seconds; disassembly timing editorial, independent of ledger"
3494,30,00:01:56:13,116.43333333333334,Exhibit_camera / editorial plate push,The quiet part of going fast,,none,"ledger seconds; disassembly timing editorial, independent of ledger"
3495,30,00:01:56:14,116.46666666666667,Exhibit_camera / editorial plate push,The quiet part of going fast,,none,"ledger seconds; disassembly timing editorial, independent of ledger"
3496,30,00:01:56:15,116.5,Exhibit_camera / editorial plate push,The quiet part of going fast,,none,"ledger seconds; disassembly timing editorial, independent of ledger"
3497,30,00:01:56:16,116.53333333333333,Exhibit_camera / editorial plate push,The quiet part of going fast,,none,"ledger seconds; disassembly timing editorial, independent of ledger"
3498,30,00:01:56:17,116.56666666666666,Exhibit_camera / editorial plate push,The quiet part of going fast,,none,"ledger seconds; disassembly timing editorial, independent of ledger"
3499,30,00:01:56:18,116.6,Exhibit_camera / editorial plate push,The quiet part of going fast,,none,"ledger seconds; disassembly timing editorial, independent of ledger"
3500,30,00:01:56:19,116.63333333333334,Exhibit_camera / editorial plate push,The quiet part of going fast,,none,"ledger seconds; disassembly timing editorial, independent of ledger"
3501,30,00:01:56:20,116.66666666666667,Exhibit_camera / editorial plate push,The quiet part of going fast,,none,"ledger seconds; disassembly timing editorial, independent of ledger"
3502,30,00:01:56:21,116.7,Exhibit_camera / editorial plate push,The quiet part of going fast,,none,"ledger seconds; disassembly timing editorial, independent of ledger"
3503,30,00:01:56:22,116.73333333333333,Exhibit_camera / editorial plate push,The quiet part of going fast,,none,"ledger seconds; disassembly timing editorial, independent of ledger"
3504,30,00:01:56:23,116.76666666666667,Exhibit_camera / editorial plate push,The quiet part of going fast,,none,"ledger seconds; disassembly timing editorial, independent of ledger"
3505,30,00:01:56:24,116.8,Exhibit_camera / editorial plate push,The quiet part of going fast,,none,"ledger seconds; disassembly timing editorial, independent of ledger"
3506,30,00:01:56:25,116.83333333333333,Exhibit_camera / editorial plate push,The quiet part of going fast,,none,"ledger seconds; disassembly timing editorial, independent of ledger"
3507,30,00:01:56:26,116.86666666666666,Exhibit_camera / editorial plate push,The quiet part of going fast,,none,"ledger seconds; disassembly timing editorial, independent of ledger"
3508,30,00:01:56:27,116.9,Exhibit_camera / editorial plate push,The quiet part of going fast,,none,"ledger seconds; disassembly timing editorial, independent of ledger"
3509,30,00:01:56:28,116.93333333333334,Exhibit_camera / editorial plate push,The quiet part of going fast,,none,"ledger seconds; disassembly timing editorial, independent of ledger"
3510,30,00:01:56:29,116.96666666666667,Exhibit_camera / editorial plate push,The quiet part of going fast,,none,"ledger seconds; disassembly timing editorial, independent of ledger"
3511,30,00:01:57:00,117.0,Exhibit_camera / editorial plate push,The quiet part of going fast,,none,"ledger seconds; disassembly timing editorial, independent of ledger"
3512,30,00:01:57:01,117.03333333333333,Exhibit_camera / editorial plate push,The quiet part of going fast,,none,"ledger seconds; disassembly timing editorial, independent of ledger"
3513,30,00:01:57:02,117.06666666666666,Exhibit_camera / editorial plate push,The quiet part of going fast,,none,"ledger seconds; disassembly timing editorial, independent of ledger"
3514,30,00:01:57:03,117.1,Exhibit_camera / editorial plate push,The quiet part of going fast,,none,"ledger seconds; disassembly timing editorial, independent of ledger"
3515,30,00:01:57:04,117.13333333333334,Exhibit_camera / editorial plate push,The quiet part of going fast,,none,"ledger seconds; disassembly timing editorial, independent of ledger"
3516,30,00:01:57:05,117.16666666666667,Exhibit_camera / editorial plate push,The quiet part of going fast,,none,"ledger seconds; disassembly timing editorial, independent of ledger"
3517,30,00:01:57:06,117.2,Exhibit_camera / editorial plate push,The quiet part of going fast,,none,"ledger seconds; disassembly timing editorial, independent of ledger"
3518,30,00:01:57:07,117.23333333333333,Exhibit_camera / editorial plate push,The quiet part of going fast,,none,"ledger seconds; disassembly timing editorial, independent of ledger"
3519,30,00:01:57:08,117.26666666666667,Exhibit_camera / editorial plate push,The quiet part of going fast,,none,"ledger seconds; disassembly timing editorial, independent of ledger"
3520,30,00:01:57:09,117.3,Exhibit_camera / editorial plate push,The quiet part of going fast,,none,"ledger seconds; disassembly timing editorial, independent of ledger"
3521,30,00:01:57:10,117.33333333333333,Exhibit_camera / editorial plate push,The quiet part of going fast,,none,"ledger seconds; disassembly timing editorial, independent of ledger"
3522,30,00:01:57:11,117.36666666666666,Exhibit_camera / editorial plate push,The quiet part of going fast,,none,"ledger seconds; disassembly timing editorial, independent of ledger"
3523,30,00:01:57:12,117.4,Exhibit_camera / editorial plate push,The quiet part of going fast,,none,"ledger seconds; disassembly timing editorial, independent of ledger"
3524,30,00:01:57:13,117.43333333333334,Exhibit_camera / editorial plate push,The quiet part of going fast,,none,"ledger seconds; disassembly timing editorial, independent of ledger"
3525,30,00:01:57:14,117.46666666666667,Exhibit_camera / editorial plate push,The quiet part of going fast,,none,"ledger seconds; disassembly timing editorial, independent of ledger"
3526,30,00:01:57:15,117.5,Exhibit_camera / editorial plate push,The quiet part of going fast,,none,"ledger seconds; disassembly timing editorial, independent of ledger"
3527,30,00:01:57:16,117.53333333333333,Exhibit_camera / editorial plate push,The quiet part of going fast,,none,"ledger seconds; disassembly timing editorial, independent of ledger"
3528,30,00:01:57:17,117.56666666666666,Exhibit_camera / editorial plate push,The quiet part of going fast,,none,"ledger seconds; disassembly timing editorial, independent of ledger"
3529,30,00:01:57:18,117.6,Exhibit_camera / editorial plate push,The quiet part of going fast,,none,"ledger seconds; disassembly timing editorial, independent of ledger"
3530,30,00:01:57:19,117.63333333333334,Exhibit_camera / editorial plate push,The quiet part of going fast,,none,"ledger seconds; disassembly timing editorial, independent of ledger"
3531,30,00:01:57:20,117.66666666666667,Exhibit_camera / editorial plate push,The quiet part of going fast,,none,"ledger seconds; disassembly timing editorial, independent of ledger"
3532,30,00:01:57:21,117.7,Exhibit_camera / editorial plate push,The quiet part of going fast,,none,"ledger seconds; disassembly timing editorial, independent of ledger"
3533,30,00:01:57:22,117.73333333333333,Exhibit_camera / editorial plate push,The quiet part of going fast,,none,"ledger seconds; disassembly timing editorial, independent of ledger"
3534,30,00:01:57:23,117.76666666666667,Exhibit_camera / editorial plate push,The quiet part of going fast,,none,"ledger seconds; disassembly timing editorial, independent of ledger"
3535,30,00:01:57:24,117.8,Exhibit_camera / editorial plate push,The quiet part of going fast,,none,"ledger seconds; disassembly timing editorial, independent of ledger"
3536,30,00:01:57:25,117.83333333333333,Exhibit_camera / editorial plate push,The quiet part of going fast,,none,"ledger seconds; disassembly timing editorial, independent of ledger"
3537,30,00:01:57:26,117.86666666666666,Exhibit_camera / editorial plate push,The quiet part of going fast,,none,"ledger seconds; disassembly timing editorial, independent of ledger"
3538,30,00:01:57:27,117.9,Exhibit_camera / editorial plate push,The quiet part of going fast,,none,"ledger seconds; disassembly timing editorial, independent of ledger"
3539,30,00:01:57:28,117.93333333333334,Exhibit_camera / editorial plate push,The quiet part of going fast,,none,"ledger seconds; disassembly timing editorial, independent of ledger"
3540,30,00:01:57:29,117.96666666666667,Exhibit_camera / editorial plate push,The quiet part of going fast,,none,"ledger seconds; disassembly timing editorial, independent of ledger"
3541,30,00:01:58:00,118.0,Exhibit_camera / editorial plate push,The quiet part of going fast,,none,"ledger seconds; disassembly timing editorial, independent of ledger"
3542,30,00:01:58:01,118.03333333333333,Exhibit_camera / editorial plate push,The quiet part of going fast,,none,"ledger seconds; disassembly timing editorial, independent of ledger"
3543,30,00:01:58:02,118.06666666666666,Exhibit_camera / editorial plate push,The quiet part of going fast,,none,"ledger seconds; disassembly timing editorial, independent of ledger"
3544,30,00:01:58:03,118.1,Exhibit_camera / editorial plate push,The quiet part of going fast,,none,"ledger seconds; disassembly timing editorial, independent of ledger"
3545,30,00:01:58:04,118.13333333333334,Exhibit_camera / editorial plate push,The quiet part of going fast,,none,"ledger seconds; disassembly timing editorial, independent of ledger"
3546,30,00:01:58:05,118.16666666666667,Exhibit_camera / editorial plate push,The quiet part of going fast,,none,"ledger seconds; disassembly timing editorial, independent of ledger"
3547,30,00:01:58:06,118.2,Exhibit_camera / editorial plate push,The quiet part of going fast,,none,"ledger seconds; disassembly timing editorial, independent of ledger"
3548,30,00:01:58:07,118.23333333333333,Exhibit_camera / editorial plate push,The quiet part of going fast,,none,"ledger seconds; disassembly timing editorial, independent of ledger"
3549,30,00:01:58:08,118.26666666666667,Exhibit_camera / editorial plate push,The quiet part of going fast,,none,"ledger seconds; disassembly timing editorial, independent of ledger"
3550,30,00:01:58:09,118.3,Exhibit_camera / editorial plate push,The quiet part of going fast,,none,"ledger seconds; disassembly timing editorial, independent of ledger"
3551,30,00:01:58:10,118.33333333333333,Exhibit_camera / editorial plate push,The quiet part of going fast,,none,"ledger seconds; disassembly timing editorial, independent of ledger"
3552,30,00:01:58:11,118.36666666666666,Exhibit_camera / editorial plate push,The quiet part of going fast,,none,"ledger seconds; disassembly timing editorial, independent of ledger"
3553,30,00:01:58:12,118.4,Exhibit_camera / editorial plate push,The quiet part of going fast,,none,"ledger seconds; disassembly timing editorial, independent of ledger"
3554,30,00:01:58:13,118.43333333333334,Exhibit_camera / editorial plate push,The quiet part of going fast,,none,"ledger seconds; disassembly timing editorial, independent of ledger"
3555,30,00:01:58:14,118.46666666666667,Exhibit_camera / editorial plate push,The quiet part of going fast,,none,"ledger seconds; disassembly timing editorial, independent of ledger"
3556,30,00:01:58:15,118.5,Exhibit_camera / editorial plate push,The quiet part of going fast,,none,"ledger seconds; disassembly timing editorial, independent of ledger"
3557,30,00:01:58:16,118.53333333333333,Exhibit_camera / editorial plate push,The quiet part of going fast,,none,"ledger seconds; disassembly timing editorial, independent of ledger"
3558,30,00:01:58:17,118.56666666666666,Exhibit_camera / editorial plate push,The quiet part of going fast,,none,"ledger seconds; disassembly timing editorial, independent of ledger"
3559,30,00:01:58:18,118.6,Exhibit_camera / editorial plate push,The quiet part of going fast,,none,"ledger seconds; disassembly timing editorial, independent of ledger"
3560,30,00:01:58:19,118.63333333333334,Exhibit_camera / editorial plate push,The quiet part of going fast,,none,"ledger seconds; disassembly timing editorial, independent of ledger"
3561,30,00:01:58:20,118.66666666666667,Exhibit_camera / editorial plate push,The quiet part of going fast,,none,"ledger seconds; disassembly timing editorial, independent of ledger"
3562,30,00:01:58:21,118.7,Exhibit_camera / editorial plate push,The quiet part of going fast,,none,"ledger seconds; disassembly timing editorial, independent of ledger"
3563,30,00:01:58:22,118.73333333333333,Exhibit_camera / editorial plate push,The quiet part of going fast,,none,"ledger seconds; disassembly timing editorial, independent of ledger"
3564,30,00:01:58:23,118.76666666666667,Exhibit_camera / editorial plate push,The quiet part of going fast,,none,"ledger seconds; disassembly timing editorial, independent of ledger"
3565,30,00:01:58:24,118.8,Exhibit_camera / editorial plate push,The quiet part of going fast,,none,"ledger seconds; disassembly timing editorial, independent of ledger"
3566,30,00:01:58:25,118.83333333333333,Exhibit_camera / editorial plate push,The quiet part of going fast,,none,"ledger seconds; disassembly timing editorial, independent of ledger"
3567,30,00:01:58:26,118.86666666666666,Exhibit_camera / editorial plate push,The quiet part of going fast,,none,"ledger seconds; disassembly timing editorial, independent of ledger"
3568,30,00:01:58:27,118.9,Exhibit_camera / editorial plate push,The quiet part of going fast,,none,"ledger seconds; disassembly timing editorial, independent of ledger"
3569,30,00:01:58:28,118.93333333333334,Exhibit_camera / editorial plate push,The quiet part of going fast,,none,"ledger seconds; disassembly timing editorial, independent of ledger"
3570,30,00:01:58:29,118.96666666666667,Exhibit_camera / editorial plate push,The quiet part of going fast,,none,"ledger seconds; disassembly timing editorial, independent of ledger"
3571,30,00:01:59:00,119.0,Exhibit_camera / editorial plate push,The quiet part of going fast,,none,"ledger seconds; disassembly timing editorial, independent of ledger"
3572,30,00:01:59:01,119.03333333333333,Exhibit_camera / editorial plate push,The quiet part of going fast,,none,"ledger seconds; disassembly timing editorial, independent of ledger"
3573,30,00:01:59:02,119.06666666666666,Exhibit_camera / editorial plate push,The quiet part of going fast,,none,"ledger seconds; disassembly timing editorial, independent of ledger"
3574,30,00:01:59:03,119.1,Exhibit_camera / editorial plate push,The quiet part of going fast,,none,"ledger seconds; disassembly timing editorial, independent of ledger"
3575,30,00:01:59:04,119.13333333333334,Exhibit_camera / editorial plate push,The quiet part of going fast,,none,"ledger seconds; disassembly timing editorial, independent of ledger"
3576,30,00:01:59:05,119.16666666666667,Exhibit_camera / editorial plate push,The quiet part of going fast,,none,"ledger seconds; disassembly timing editorial, independent of ledger"
3577,30,00:01:59:06,119.2,Exhibit_camera / editorial plate push,The quiet part of going fast,,none,"ledger seconds; disassembly timing editorial, independent of ledger"
3578,30,00:01:59:07,119.23333333333333,Exhibit_camera / editorial plate push,The quiet part of going fast,,none,"ledger seconds; disassembly timing editorial, independent of ledger"
3579,30,00:01:59:08,119.26666666666667,Exhibit_camera / editorial plate push,The quiet part of going fast,,none,"ledger seconds; disassembly timing editorial, independent of ledger"
3580,30,00:01:59:09,119.3,Exhibit_camera / editorial plate push,The quiet part of going fast,,none,"ledger seconds; disassembly timing editorial, independent of ledger"
3581,30,00:01:59:10,119.33333333333333,Exhibit_camera / editorial plate push,The quiet part of going fast,,none,"ledger seconds; disassembly timing editorial, independent of ledger"
3582,30,00:01:59:11,119.36666666666666,Exhibit_camera / editorial plate push,The quiet part of going fast,,none,"ledger seconds; disassembly timing editorial, independent of ledger"
3583,30,00:01:59:12,119.4,Exhibit_camera / editorial plate push,The quiet part of going fast,,none,"ledger seconds; disassembly timing editorial, independent of ledger"
3584,30,00:01:59:13,119.43333333333334,Exhibit_camera / editorial plate push,The quiet part of going fast,,none,"ledger seconds; disassembly timing editorial, independent of ledger"
3585,30,00:01:59:14,119.46666666666667,Exhibit_camera / editorial plate push,The quiet part of going fast,,none,"ledger seconds; disassembly timing editorial, independent of ledger"
3586,30,00:01:59:15,119.5,Exhibit_camera / editorial plate push,The quiet part of going fast,,none,"ledger seconds; disassembly timing editorial, independent of ledger"
3587,30,00:01:59:16,119.53333333333333,Exhibit_camera / editorial plate push,The quiet part of going fast,,none,"ledger seconds; disassembly timing editorial, independent of ledger"
3588,30,00:01:59:17,119.56666666666666,Exhibit_camera / editorial plate push,The quiet part of going fast,,none,"ledger seconds; disassembly timing editorial, independent of ledger"
3589,30,00:01:59:18,119.6,Exhibit_camera / editorial plate push,The quiet part of going fast,,none,"ledger seconds; disassembly timing editorial, independent of ledger"
3590,30,00:01:59:19,119.63333333333334,Exhibit_camera / editorial plate push,The quiet part of going fast,,none,"ledger seconds; disassembly timing editorial, independent of ledger"
3591,30,00:01:59:20,119.66666666666667,Exhibit_camera / editorial plate push,The quiet part of going fast,,none,"ledger seconds; disassembly timing editorial, independent of ledger"
3592,30,00:01:59:21,119.7,Exhibit_camera / editorial plate push,The quiet part of going fast,,none,"ledger seconds; disassembly timing editorial, independent of ledger"
3593,30,00:01:59:22,119.73333333333333,Exhibit_camera / editorial plate push,The quiet part of going fast,,none,"ledger seconds; disassembly timing editorial, independent of ledger"
3594,30,00:01:59:23,119.76666666666667,Exhibit_camera / editorial plate push,The quiet part of going fast,,none,"ledger seconds; disassembly timing editorial, independent of ledger"
3595,30,00:01:59:24,119.8,Exhibit_camera / editorial plate push,The quiet part of going fast,,none,"ledger seconds; disassembly timing editorial, independent of ledger"
3596,30,00:01:59:25,119.83333333333333,Exhibit_camera / editorial plate push,The quiet part of going fast,,none,"ledger seconds; disassembly timing editorial, independent of ledger"
3597,30,00:01:59:26,119.86666666666666,Exhibit_camera / editorial plate push,The quiet part of going fast,,none,"ledger seconds; disassembly timing editorial, independent of ledger"
3598,30,00:01:59:27,119.9,Exhibit_camera / editorial plate push,The quiet part of going fast,,none,"ledger seconds; disassembly timing editorial, independent of ledger"
3599,30,00:01:59:28,119.93333333333334,Exhibit_camera / editorial plate push,The quiet part of going fast,,none,"ledger seconds; disassembly timing editorial, independent of ledger"
3600,30,00:01:59:29,119.96666666666667,Exhibit_camera / editorial plate push,The quiet part of going fast,,none,"ledger seconds; disassembly timing editorial, independent of ledger"
